cc,LineType,Voltage,RperKmCT,XperKmCT,TTCCT,NTCCT,AC_DC,FixedCost,FixedCostperKmCT,LossFactor,SecurityFactor,FixedChargeRate,MaximumDistanceCT,MinimumDistanceCT
nc01,AC,400,0.000008,0.008,100,100,0,0,0.08,0.02,0.67,0.0739,5000,0.00000001
nc02,AC,400,0.000008,0.008,500,500,0,0,0.3,0.02,0.67,0.0739,5000,0.00000001
nc03,AC,400,0.000008,0.008,500,500,0,0,0.3,0.02,0.67,0.0739,5000,0.00000001
nc04,AC,400,0.000008,0.008,2000,2000,0,0,1,0.02,0.67,0.0739,5000,0.00000001
cc1,AC,400,0,0,0,0,0,0,0,0,0,0,0,0
