Period,Scenario,LoadLevel,Node_1,Node_2,Node_3,Node_4,Node_5,Node_6,Node_7,Node_8,Node_9
2030,sc01,01-01 00:00:00+01:00,0.3,72.0,12.0,48.0,72.0,24.0,30.0,4.5,30.0
2030,sc01,01-01 01:00:00+01:00,0.287,68.938,11.49,45.959,68.938,22.979,28.724,4.309,28.724
2030,sc01,01-01 02:00:00+01:00,0.275,66.104,11.017,44.069,66.104,22.035,27.543,4.131,27.543
2030,sc01,01-01 03:00:00+01:00,0.267,64.133,10.689,42.755,64.133,21.378,26.722,4.008,26.722
2030,sc01,01-01 04:00:00+01:00,0.261,62.6,10.433,41.734,62.6,20.867,26.083,3.913,26.083
2030,sc01,01-01 05:00:00+01:00,0.259,62.263,10.377,41.509,62.263,20.754,25.943,3.891,25.943
2030,sc01,01-01 06:00:00+01:00,0.259,62.151,10.358,41.434,62.151,20.717,25.896,3.884,25.896
2030,sc01,01-01 07:00:00+01:00,0.262,62.822,10.47,41.881,62.822,20.941,26.176,3.926,26.176
2030,sc01,01-01 08:00:00+01:00,0.269,64.66,10.777,43.107,64.66,21.553,26.942,4.041,26.942
2030,sc01,01-01 09:00:00+01:00,0.284,68.123,11.354,45.416,68.123,22.708,28.385,4.258,28.385
2030,sc01,01-01 10:00:00+01:00,0.295,70.722,11.787,47.148,70.722,23.574,29.467,4.42,29.467
2030,sc01,01-01 11:00:00+01:00,0.303,72.64,12.107,48.427,72.64,24.213,30.267,4.54,30.267
2030,sc01,01-01 12:00:00+01:00,0.302,72.439,12.073,48.293,72.439,24.146,30.183,4.527,30.183
2030,sc01,01-01 13:00:00+01:00,0.302,72.397,12.066,48.265,72.397,24.132,30.166,4.525,30.166
2030,sc01,01-01 14:00:00+01:00,0.306,73.555,12.259,49.037,73.555,24.518,30.648,4.597,30.648
2030,sc01,01-01 15:00:00+01:00,0.321,76.922,12.82,51.281,76.922,25.641,32.051,4.808,32.051
2030,sc01,01-01 16:00:00+01:00,0.337,80.946,13.491,53.964,80.946,26.982,33.728,5.059,33.728
2030,sc01,01-01 17:00:00+01:00,0.347,83.166,13.861,55.444,83.166,27.722,34.653,5.198,34.653
2030,sc01,01-01 18:00:00+01:00,0.345,82.829,13.805,55.219,82.829,27.61,34.512,5.177,34.512
2030,sc01,01-01 19:00:00+01:00,0.34,81.632,13.605,54.422,81.632,27.211,34.014,5.102,34.014
2030,sc01,01-01 20:00:00+01:00,0.333,79.989,13.332,53.326,79.989,26.663,33.329,4.999,33.329
2030,sc01,01-01 21:00:00+01:00,0.324,77.865,12.977,51.91,77.865,25.955,32.444,4.867,32.444
2030,sc01,01-01 22:00:00+01:00,0.31,74.285,12.381,49.523,74.285,24.762,30.952,4.643,30.952
2030,sc01,01-01 23:00:00+01:00,0.293,70.3,11.717,46.866,70.3,23.433,29.292,4.394,29.292
2030,sc01,01-02 00:00:00+01:00,0.284,68.124,11.354,45.416,68.124,22.708,28.385,4.258,28.385
2030,sc01,01-02 01:00:00+01:00,0.277,66.508,11.085,44.338,66.508,22.169,27.712,4.157,27.712
2030,sc01,01-02 02:00:00+01:00,0.272,65.371,10.895,43.581,65.371,21.79,27.238,4.086,27.238
2030,sc01,01-02 03:00:00+01:00,0.275,66.016,11.003,44.011,66.016,22.005,27.507,4.126,27.507
2030,sc01,01-02 04:00:00+01:00,0.29,69.502,11.584,46.334,69.502,23.167,28.959,4.344,28.959
2030,sc01,01-02 05:00:00+01:00,0.316,75.914,12.652,50.609,75.914,25.305,31.631,4.745,31.631
2030,sc01,01-02 06:00:00+01:00,0.344,82.47,13.745,54.98,82.47,27.49,34.362,5.154,34.362
2030,sc01,01-02 07:00:00+01:00,0.366,87.804,14.634,58.536,87.804,29.268,36.585,5.488,36.585
2030,sc01,01-02 08:00:00+01:00,0.382,91.571,15.262,61.047,91.571,30.524,38.155,5.723,38.155
2030,sc01,01-02 09:00:00+01:00,0.394,94.564,15.761,63.042,94.564,31.521,39.401,5.91,39.401
2030,sc01,01-02 10:00:00+01:00,0.399,95.758,15.96,63.839,95.758,31.919,39.899,5.985,39.899
2030,sc01,01-02 11:00:00+01:00,0.399,95.663,15.944,63.776,95.663,31.888,39.86,5.979,39.86
2030,sc01,01-02 12:00:00+01:00,0.396,95.129,15.855,63.419,95.129,31.71,39.637,5.946,39.637
2030,sc01,01-02 13:00:00+01:00,0.394,94.445,15.741,62.963,94.445,31.482,39.352,5.903,39.352
2030,sc01,01-02 14:00:00+01:00,0.397,95.212,15.869,63.475,95.212,31.737,39.672,5.951,39.672
2030,sc01,01-02 15:00:00+01:00,0.408,98.001,16.334,65.334,98.001,32.667,40.834,6.125,40.834
2030,sc01,01-02 16:00:00+01:00,0.422,101.206,16.868,67.471,101.206,33.735,42.169,6.325,42.169
2030,sc01,01-02 17:00:00+01:00,0.426,102.16,17.027,68.107,102.16,34.053,42.567,6.385,42.567
2030,sc01,01-02 18:00:00+01:00,0.415,99.578,16.596,66.385,99.578,33.193,41.491,6.224,41.491
2030,sc01,01-02 19:00:00+01:00,0.401,96.225,16.038,64.15,96.225,32.075,40.094,6.014,40.094
2030,sc01,01-02 20:00:00+01:00,0.385,92.318,15.386,61.545,92.318,30.773,38.466,5.77,38.466
2030,sc01,01-02 21:00:00+01:00,0.368,88.342,14.724,58.895,88.342,29.447,36.809,5.521,36.809
2030,sc01,01-02 22:00:00+01:00,0.348,83.55,13.925,55.7,83.55,27.85,34.812,5.222,34.812
2030,sc01,01-02 23:00:00+01:00,0.329,78.994,13.166,52.663,78.994,26.331,32.914,4.937,32.914
2030,sc01,01-03 00:00:00+01:00,0.318,76.36,12.727,50.907,76.36,25.453,31.817,4.772,31.817
2030,sc01,01-03 01:00:00+01:00,0.31,74.421,12.404,49.614,74.421,24.807,31.009,4.651,31.009
2030,sc01,01-03 02:00:00+01:00,0.305,73.212,12.202,48.808,73.212,24.404,30.505,4.576,30.505
2030,sc01,01-03 03:00:00+01:00,0.307,73.566,12.261,49.044,73.566,24.522,30.652,4.598,30.652
2030,sc01,01-03 04:00:00+01:00,0.319,76.576,12.763,51.05,76.576,25.525,31.907,4.786,31.907
2030,sc01,01-03 05:00:00+01:00,0.346,83.03,13.838,55.353,83.03,27.677,34.596,5.189,34.596
2030,sc01,01-03 06:00:00+01:00,0.373,89.614,14.936,59.743,89.614,29.871,37.339,5.601,37.339
2030,sc01,01-03 07:00:00+01:00,0.396,95.15,15.858,63.434,95.15,31.717,39.646,5.947,39.646
2030,sc01,01-03 08:00:00+01:00,0.409,98.252,16.375,65.502,98.252,32.751,40.938,6.141,40.938
2030,sc01,01-03 09:00:00+01:00,0.417,100.146,16.691,66.764,100.146,33.382,41.727,6.259,41.727
2030,sc01,01-03 10:00:00+01:00,0.418,100.407,16.735,66.938,100.407,33.469,41.836,6.275,41.836
2030,sc01,01-03 11:00:00+01:00,0.415,99.581,16.597,66.387,99.581,33.194,41.492,6.224,41.492
2030,sc01,01-03 12:00:00+01:00,0.412,98.814,16.469,65.876,98.814,32.938,41.172,6.176,41.172
2030,sc01,01-03 13:00:00+01:00,0.409,98.059,16.343,65.372,98.059,32.686,40.858,6.129,40.858
2030,sc01,01-03 14:00:00+01:00,0.412,98.828,16.471,65.885,98.828,32.943,41.178,6.177,41.178
2030,sc01,01-03 15:00:00+01:00,0.423,101.46,16.91,67.64,101.46,33.82,42.275,6.341,42.275
2030,sc01,01-03 16:00:00+01:00,0.436,104.647,17.441,69.765,104.647,34.882,43.603,6.54,43.603
2030,sc01,01-03 17:00:00+01:00,0.44,105.495,17.583,70.33,105.495,35.165,43.956,6.593,43.956
2030,sc01,01-03 18:00:00+01:00,0.428,102.63,17.105,68.42,102.63,34.21,42.763,6.414,42.763
2030,sc01,01-03 19:00:00+01:00,0.411,98.581,16.43,65.721,98.581,32.86,41.075,6.161,41.075
2030,sc01,01-03 20:00:00+01:00,0.393,94.384,15.731,62.923,94.384,31.461,39.327,5.899,39.327
2030,sc01,01-03 21:00:00+01:00,0.376,90.213,15.036,60.142,90.213,30.071,37.589,5.638,37.589
2030,sc01,01-03 22:00:00+01:00,0.355,85.105,14.184,56.736,85.105,28.368,35.46,5.319,35.46
2030,sc01,01-03 23:00:00+01:00,0.335,80.312,13.385,53.541,80.312,26.771,33.463,5.019,33.463
2030,sc01,01-04 00:00:00+01:00,0.323,77.527,12.921,51.685,77.527,25.842,32.303,4.845,32.303
2030,sc01,01-04 01:00:00+01:00,0.314,75.454,12.576,50.303,75.454,25.151,31.439,4.716,31.439
2030,sc01,01-04 02:00:00+01:00,0.309,74.066,12.344,49.377,74.066,24.689,30.861,4.629,30.861
2030,sc01,01-04 03:00:00+01:00,0.31,74.362,12.394,49.575,74.362,24.787,30.984,4.648,30.984
2030,sc01,01-04 04:00:00+01:00,0.322,77.372,12.895,51.581,77.372,25.791,32.238,4.836,32.238
2030,sc01,01-04 05:00:00+01:00,0.349,83.718,13.953,55.812,83.718,27.906,34.882,5.232,34.882
2030,sc01,01-04 06:00:00+01:00,0.378,90.634,15.106,60.423,90.634,30.211,37.764,5.665,37.764
2030,sc01,01-04 07:00:00+01:00,0.402,96.371,16.062,64.248,96.371,32.124,40.155,6.023,40.155
2030,sc01,01-04 08:00:00+01:00,0.414,99.253,16.542,66.169,99.253,33.084,41.355,6.203,41.355
2030,sc01,01-04 09:00:00+01:00,0.421,100.94,16.823,67.293,100.94,33.647,42.058,6.309,42.058
2030,sc01,01-04 10:00:00+01:00,0.421,101.111,16.852,67.407,101.111,33.704,42.129,6.319,42.129
2030,sc01,01-04 11:00:00+01:00,0.417,100.115,16.686,66.743,100.115,33.372,41.715,6.257,41.715
2030,sc01,01-04 12:00:00+01:00,0.414,99.45,16.575,66.3,99.45,33.15,41.438,6.216,41.438
2030,sc01,01-04 13:00:00+01:00,0.412,98.801,16.467,65.867,98.801,32.934,41.167,6.175,41.167
2030,sc01,01-04 14:00:00+01:00,0.414,99.435,16.573,66.29,99.435,33.145,41.431,6.215,41.431
2030,sc01,01-04 15:00:00+01:00,0.424,101.718,16.953,67.812,101.718,33.906,42.382,6.357,42.382
2030,sc01,01-04 16:00:00+01:00,0.436,104.71,17.452,69.807,104.71,34.903,43.629,6.544,43.629
2030,sc01,01-04 17:00:00+01:00,0.44,105.57,17.595,70.38,105.57,35.19,43.987,6.598,43.987
2030,sc01,01-04 18:00:00+01:00,0.427,102.468,17.078,68.312,102.468,34.156,42.695,6.404,42.695
2030,sc01,01-04 19:00:00+01:00,0.411,98.54,16.423,65.693,98.54,32.847,41.058,6.159,41.058
2030,sc01,01-04 20:00:00+01:00,0.393,94.285,15.714,62.856,94.285,31.428,39.285,5.893,39.285
2030,sc01,01-04 21:00:00+01:00,0.376,90.186,15.031,60.124,90.186,30.062,37.577,5.637,37.577
2030,sc01,01-04 22:00:00+01:00,0.356,85.351,14.225,56.901,85.351,28.45,35.563,5.334,35.563
2030,sc01,01-04 23:00:00+01:00,0.335,80.473,13.412,53.649,80.473,26.824,33.531,5.03,33.531
2030,sc01,01-05 00:00:00+01:00,0.324,77.796,12.966,51.864,77.796,25.932,32.415,4.862,32.415
2030,sc01,01-05 01:00:00+01:00,0.316,75.746,12.624,50.497,75.746,25.249,31.561,4.734,31.561
2030,sc01,01-05 02:00:00+01:00,0.31,74.412,12.402,49.608,74.412,24.804,31.005,4.651,31.005
2030,sc01,01-05 03:00:00+01:00,0.311,74.682,12.447,49.788,74.682,24.894,31.118,4.668,31.118
2030,sc01,01-05 04:00:00+01:00,0.322,77.395,12.899,51.597,77.395,25.798,32.248,4.837,32.248
2030,sc01,01-05 05:00:00+01:00,0.349,83.878,13.98,55.919,83.878,27.959,34.949,5.242,34.949
2030,sc01,01-05 06:00:00+01:00,0.377,90.6,15.1,60.4,90.6,30.2,37.75,5.662,37.75
2030,sc01,01-05 07:00:00+01:00,0.401,96.296,16.049,64.197,96.296,32.099,40.123,6.018,40.123
2030,sc01,01-05 08:00:00+01:00,0.413,99.04,16.507,66.027,99.04,33.013,41.267,6.19,41.267
2030,sc01,01-05 09:00:00+01:00,0.419,100.676,16.779,67.118,100.676,33.559,41.949,6.292,41.949
2030,sc01,01-05 10:00:00+01:00,0.42,100.693,16.782,67.129,100.693,33.564,41.956,6.293,41.956
2030,sc01,01-05 11:00:00+01:00,0.414,99.325,16.554,66.217,99.325,33.108,41.385,6.208,41.385
2030,sc01,01-05 12:00:00+01:00,0.409,98.137,16.356,65.425,98.137,32.712,40.891,6.134,40.891
2030,sc01,01-05 13:00:00+01:00,0.404,96.968,16.161,64.645,96.968,32.323,40.403,6.06,40.403
2030,sc01,01-05 14:00:00+01:00,0.406,97.446,16.241,64.964,97.446,32.482,40.602,6.09,40.602
2030,sc01,01-05 15:00:00+01:00,0.414,99.476,16.579,66.317,99.476,33.159,41.448,6.217,41.448
2030,sc01,01-05 16:00:00+01:00,0.426,102.236,17.039,68.157,102.236,34.079,42.598,6.39,42.598
2030,sc01,01-05 17:00:00+01:00,0.428,102.825,17.138,68.55,102.825,34.275,42.844,6.427,42.844
2030,sc01,01-05 18:00:00+01:00,0.414,99.386,16.564,66.258,99.386,33.129,41.411,6.212,41.411
2030,sc01,01-05 19:00:00+01:00,0.398,95.451,15.908,63.634,95.451,31.817,39.771,5.966,39.771
2030,sc01,01-05 20:00:00+01:00,0.381,91.367,15.228,60.912,91.367,30.456,38.07,5.71,38.07
2030,sc01,01-05 21:00:00+01:00,0.366,87.833,14.639,58.555,87.833,29.278,36.597,5.49,36.597
2030,sc01,01-05 22:00:00+01:00,0.348,83.465,13.911,55.643,83.465,27.822,34.777,5.217,34.777
2030,sc01,01-05 23:00:00+01:00,0.329,78.866,13.144,52.577,78.866,26.289,32.861,4.929,32.861
2030,sc01,01-06 00:00:00+01:00,0.316,75.936,12.656,50.624,75.936,25.312,31.64,4.746,31.64
2030,sc01,01-06 01:00:00+01:00,0.306,73.358,12.226,48.905,73.358,24.453,30.566,4.585,30.566
2030,sc01,01-06 02:00:00+01:00,0.297,71.253,11.875,47.502,71.253,23.751,29.689,4.453,29.689
2030,sc01,01-06 03:00:00+01:00,0.291,69.942,11.657,46.628,69.942,23.314,29.143,4.371,29.143
2030,sc01,01-06 04:00:00+01:00,0.29,69.532,11.589,46.355,69.532,23.177,28.972,4.346,28.972
2030,sc01,01-06 05:00:00+01:00,0.297,71.336,11.889,47.558,71.336,23.779,29.723,4.459,29.723
2030,sc01,01-06 06:00:00+01:00,0.309,74.059,12.343,49.372,74.059,24.686,30.858,4.629,30.858
2030,sc01,01-06 07:00:00+01:00,0.322,77.391,12.899,51.594,77.391,25.797,32.246,4.837,32.246
2030,sc01,01-06 08:00:00+01:00,0.339,81.362,13.56,54.241,81.362,27.121,33.901,5.085,33.901
2030,sc01,01-06 09:00:00+01:00,0.351,84.233,14.039,56.155,84.233,28.078,35.097,5.265,35.097
2030,sc01,01-06 10:00:00+01:00,0.357,85.632,14.272,57.088,85.632,28.544,35.68,5.352,35.68
2030,sc01,01-06 11:00:00+01:00,0.357,85.583,14.264,57.055,85.583,28.528,35.66,5.349,35.66
2030,sc01,01-06 12:00:00+01:00,0.35,84.077,14.013,56.051,84.077,28.026,35.032,5.255,35.032
2030,sc01,01-06 13:00:00+01:00,0.347,83.199,13.867,55.466,83.199,27.733,34.666,5.2,34.666
2030,sc01,01-06 14:00:00+01:00,0.348,83.535,13.923,55.69,83.535,27.845,34.806,5.221,34.806
2030,sc01,01-06 15:00:00+01:00,0.36,86.31,14.385,57.54,86.31,28.77,35.963,5.394,35.963
2030,sc01,01-06 16:00:00+01:00,0.376,90.146,15.024,60.097,90.146,30.049,37.561,5.634,37.561
2030,sc01,01-06 17:00:00+01:00,0.384,92.127,15.355,61.418,92.127,30.709,38.386,5.758,38.386
2030,sc01,01-06 18:00:00+01:00,0.376,90.353,15.059,60.235,90.353,30.118,37.647,5.647,37.647
2030,sc01,01-06 19:00:00+01:00,0.365,87.591,14.599,58.394,87.591,29.197,36.496,5.474,36.496
2030,sc01,01-06 20:00:00+01:00,0.353,84.73,14.122,56.486,84.73,28.243,35.304,5.296,35.304
2030,sc01,01-06 21:00:00+01:00,0.342,82.106,13.684,54.737,82.106,27.369,34.211,5.132,34.211
2030,sc01,01-06 22:00:00+01:00,0.327,78.495,13.083,52.33,78.495,26.165,32.706,4.906,32.706
2030,sc01,01-06 23:00:00+01:00,0.31,74.431,12.405,49.62,74.431,24.81,31.013,4.652,31.013
2030,sc01,01-07 00:00:00+01:00,0.299,71.751,11.958,47.834,71.751,23.917,29.896,4.484,29.896
2030,sc01,01-07 01:00:00+01:00,0.288,69.058,11.51,46.039,69.058,23.019,28.774,4.316,28.774
2030,sc01,01-07 02:00:00+01:00,0.28,67.094,11.182,44.729,67.094,22.365,27.956,4.193,27.956
2030,sc01,01-07 03:00:00+01:00,0.275,65.908,10.985,43.939,65.908,21.969,27.462,4.119,27.462
2030,sc01,01-07 04:00:00+01:00,0.272,65.249,10.875,43.499,65.249,21.75,27.187,4.078,27.187
2030,sc01,01-07 05:00:00+01:00,0.276,66.268,11.045,44.179,66.268,22.089,27.612,4.142,27.612
2030,sc01,01-07 06:00:00+01:00,0.284,68.255,11.376,45.503,68.255,22.752,28.44,4.266,28.44
2030,sc01,01-07 07:00:00+01:00,0.296,70.923,11.821,47.282,70.923,23.641,29.551,4.433,29.551
2030,sc01,01-07 08:00:00+01:00,0.311,74.545,12.424,49.697,74.545,24.848,31.06,4.659,31.06
2030,sc01,01-07 09:00:00+01:00,0.326,78.168,13.028,52.112,78.168,26.056,32.57,4.885,32.57
2030,sc01,01-07 10:00:00+01:00,0.334,80.22,13.37,53.48,80.22,26.74,33.425,5.014,33.425
2030,sc01,01-07 11:00:00+01:00,0.337,80.766,13.461,53.844,80.766,26.922,33.652,5.048,33.652
2030,sc01,01-07 12:00:00+01:00,0.333,79.835,13.306,53.224,79.835,26.612,33.265,4.99,33.265
2030,sc01,01-07 13:00:00+01:00,0.33,79.089,13.181,52.726,79.089,26.363,32.954,4.943,32.954
2030,sc01,01-07 14:00:00+01:00,0.331,79.56,13.26,53.04,79.56,26.52,33.15,4.972,33.15
2030,sc01,01-07 15:00:00+01:00,0.345,82.882,13.814,55.255,82.882,27.627,34.534,5.18,34.534
2030,sc01,01-07 16:00:00+01:00,0.366,87.872,14.645,58.581,87.872,29.291,36.613,5.492,36.613
2030,sc01,01-07 17:00:00+01:00,0.376,90.202,15.034,60.135,90.202,30.067,37.584,5.638,37.584
2030,sc01,01-07 18:00:00+01:00,0.373,89.45,14.908,59.633,89.45,29.817,37.271,5.591,37.271
2030,sc01,01-07 19:00:00+01:00,0.365,87.597,14.6,58.398,87.597,29.199,36.499,5.475,36.499
2030,sc01,01-07 20:00:00+01:00,0.355,85.205,14.201,56.803,85.205,28.402,35.502,5.325,35.502
2030,sc01,01-07 21:00:00+01:00,0.342,82.102,13.684,54.735,82.102,27.367,34.209,5.131,34.209
2030,sc01,01-07 22:00:00+01:00,0.324,77.652,12.942,51.768,77.652,25.884,32.355,4.853,32.355
2030,sc01,01-07 23:00:00+01:00,0.306,73.449,12.242,48.966,73.449,24.483,30.604,4.591,30.604
2030,sc01,01-08 00:00:00+01:00,0.299,71.66,11.943,47.773,71.66,23.887,29.858,4.479,29.858
2030,sc01,01-08 01:00:00+01:00,0.292,70.066,11.678,46.711,70.066,23.355,29.194,4.379,29.194
2030,sc01,01-08 02:00:00+01:00,0.288,69.197,11.533,46.131,69.197,23.066,28.832,4.325,28.832
2030,sc01,01-08 03:00:00+01:00,0.293,70.324,11.721,46.883,70.324,23.441,29.302,4.395,29.302
2030,sc01,01-08 04:00:00+01:00,0.314,75.322,12.554,50.215,75.322,25.107,31.384,4.708,31.384
2030,sc01,01-08 05:00:00+01:00,0.352,84.584,14.097,56.389,84.584,28.195,35.243,5.286,35.243
2030,sc01,01-08 06:00:00+01:00,0.388,93.168,15.528,62.112,93.168,31.056,38.82,5.823,38.82
2030,sc01,01-08 07:00:00+01:00,0.412,98.787,16.465,65.858,98.787,32.929,41.161,6.174,41.161
2030,sc01,01-08 08:00:00+01:00,0.42,100.77,16.795,67.18,100.77,33.59,41.988,6.298,41.988
2030,sc01,01-08 09:00:00+01:00,0.425,102.114,17.019,68.076,102.114,34.038,42.547,6.382,42.547
2030,sc01,01-08 10:00:00+01:00,0.425,102.029,17.005,68.019,102.029,34.01,42.512,6.377,42.512
2030,sc01,01-08 11:00:00+01:00,0.422,101.2,16.867,67.467,101.2,33.733,42.167,6.325,42.167
2030,sc01,01-08 12:00:00+01:00,0.42,100.91,16.818,67.273,100.91,33.637,42.046,6.307,42.046
2030,sc01,01-08 13:00:00+01:00,0.417,100.177,16.696,66.784,100.177,33.392,41.74,6.261,41.74
2030,sc01,01-08 14:00:00+01:00,0.419,100.621,16.77,67.081,100.621,33.54,41.926,6.289,41.926
2030,sc01,01-08 15:00:00+01:00,0.429,102.956,17.159,68.637,102.956,34.319,42.898,6.435,42.898
2030,sc01,01-08 16:00:00+01:00,0.44,105.625,17.604,70.416,105.625,35.208,44.01,6.602,44.01
2030,sc01,01-08 17:00:00+01:00,0.442,106.103,17.684,70.735,106.103,35.368,44.21,6.631,44.21
2030,sc01,01-08 18:00:00+01:00,0.428,102.625,17.104,68.417,102.625,34.208,42.76,6.414,42.76
2030,sc01,01-08 19:00:00+01:00,0.411,98.644,16.441,65.763,98.644,32.881,41.102,6.165,41.102
2030,sc01,01-08 20:00:00+01:00,0.39,93.694,15.616,62.462,93.694,31.231,39.039,5.856,39.039
2030,sc01,01-08 21:00:00+01:00,0.37,88.863,14.811,59.242,88.863,29.621,37.026,5.554,37.026
2030,sc01,01-08 22:00:00+01:00,0.348,83.409,13.901,55.606,83.409,27.803,34.754,5.213,34.754
2030,sc01,01-08 23:00:00+01:00,0.327,78.5,13.083,52.333,78.5,26.167,32.708,4.906,32.708
2030,sc01,01-09 00:00:00+01:00,0.317,76.156,12.693,50.771,76.156,25.385,31.732,4.76,31.732
2030,sc01,01-09 01:00:00+01:00,0.309,74.279,12.38,49.519,74.279,24.76,30.95,4.642,30.95
2030,sc01,01-09 02:00:00+01:00,0.306,73.324,12.221,48.883,73.324,24.441,30.552,4.583,30.552
2030,sc01,01-09 03:00:00+01:00,0.307,73.776,12.296,49.184,73.776,24.592,30.74,4.611,30.74
2030,sc01,01-09 04:00:00+01:00,0.325,77.914,12.986,51.943,77.914,25.971,32.464,4.87,32.464
2030,sc01,01-09 05:00:00+01:00,0.359,86.165,14.361,57.444,86.165,28.722,35.902,5.385,35.902
2030,sc01,01-09 06:00:00+01:00,0.394,94.535,15.756,63.024,94.535,31.512,39.39,5.908,39.39
2030,sc01,01-09 07:00:00+01:00,0.414,99.457,16.576,66.304,99.457,33.152,41.44,6.216,41.44
2030,sc01,01-09 08:00:00+01:00,0.421,100.933,16.822,67.289,100.933,33.644,42.055,6.308,42.055
2030,sc01,01-09 09:00:00+01:00,0.424,101.866,16.978,67.911,101.866,33.955,42.444,6.367,42.444
2030,sc01,01-09 10:00:00+01:00,0.422,101.25,16.875,67.5,101.25,33.75,42.187,6.328,42.187
2030,sc01,01-09 11:00:00+01:00,0.417,100.042,16.674,66.695,100.042,33.347,41.684,6.253,41.684
2030,sc01,01-09 12:00:00+01:00,0.415,99.506,16.584,66.337,99.506,33.169,41.461,6.219,41.461
2030,sc01,01-09 13:00:00+01:00,0.412,98.826,16.471,65.884,98.826,32.942,41.178,6.177,41.178
2030,sc01,01-09 14:00:00+01:00,0.414,99.311,16.552,66.208,99.311,33.104,41.38,6.207,41.38
2030,sc01,01-09 15:00:00+01:00,0.423,101.487,16.914,67.658,101.487,33.829,42.286,6.343,42.286
2030,sc01,01-09 16:00:00+01:00,0.437,104.79,17.465,69.86,104.79,34.93,43.663,6.549,43.663
2030,sc01,01-09 17:00:00+01:00,0.441,105.843,17.64,70.562,105.843,35.281,44.101,6.615,44.101
2030,sc01,01-09 18:00:00+01:00,0.428,102.755,17.126,68.503,102.755,34.252,42.814,6.422,42.814
2030,sc01,01-09 19:00:00+01:00,0.41,98.483,16.414,65.656,98.483,32.828,41.035,6.155,41.035
2030,sc01,01-09 20:00:00+01:00,0.39,93.675,15.612,62.45,93.675,31.225,39.031,5.855,39.031
2030,sc01,01-09 21:00:00+01:00,0.369,88.665,14.777,59.11,88.665,29.555,36.944,5.542,36.944
2030,sc01,01-09 22:00:00+01:00,0.348,83.494,13.916,55.662,83.494,27.831,34.789,5.218,34.789
2030,sc01,01-09 23:00:00+01:00,0.327,78.53,13.088,52.354,78.53,26.177,32.721,4.908,32.721
2030,sc01,01-10 00:00:00+01:00,0.316,75.921,12.653,50.614,75.921,25.307,31.634,4.745,31.634
2030,sc01,01-10 01:00:00+01:00,0.308,74.018,12.336,49.345,74.018,24.673,30.841,4.626,30.841
2030,sc01,01-10 02:00:00+01:00,0.305,73.146,12.191,48.764,73.146,24.382,30.477,4.572,30.477
2030,sc01,01-10 03:00:00+01:00,0.307,73.718,12.286,49.145,73.718,24.573,30.716,4.607,30.716
2030,sc01,01-10 04:00:00+01:00,0.324,77.842,12.974,51.895,77.842,25.947,32.434,4.865,32.434
2030,sc01,01-10 05:00:00+01:00,0.358,85.899,14.317,57.266,85.899,28.633,35.791,5.369,35.791
2030,sc01,01-10 06:00:00+01:00,0.391,93.789,15.631,62.526,93.789,31.263,39.079,5.862,39.079
2030,sc01,01-10 07:00:00+01:00,0.412,98.813,16.469,65.876,98.813,32.938,41.172,6.176,41.172
2030,sc01,01-10 08:00:00+01:00,0.418,100.254,16.709,66.836,100.254,33.418,41.772,6.266,41.772
2030,sc01,01-10 09:00:00+01:00,0.421,101.08,16.847,67.387,101.08,33.693,42.117,6.317,42.117
2030,sc01,01-10 10:00:00+01:00,0.418,100.344,16.724,66.896,100.344,33.448,41.81,6.272,41.81
2030,sc01,01-10 11:00:00+01:00,0.414,99.256,16.543,66.17,99.256,33.085,41.356,6.203,41.356
2030,sc01,01-10 12:00:00+01:00,0.411,98.675,16.446,65.784,98.675,32.892,41.115,6.167,41.115
2030,sc01,01-10 13:00:00+01:00,0.409,98.094,16.349,65.396,98.094,32.698,40.873,6.131,40.873
2030,sc01,01-10 14:00:00+01:00,0.412,98.936,16.489,65.957,98.936,32.979,41.223,6.183,41.223
2030,sc01,01-10 15:00:00+01:00,0.424,101.837,16.973,67.891,101.837,33.946,42.432,6.365,42.432
2030,sc01,01-10 16:00:00+01:00,0.437,104.893,17.482,69.929,104.893,34.964,43.705,6.556,43.705
2030,sc01,01-10 17:00:00+01:00,0.443,106.321,17.72,70.881,106.321,35.44,44.301,6.645,44.301
2030,sc01,01-10 18:00:00+01:00,0.431,103.39,17.232,68.927,103.39,34.463,43.079,6.462,43.079
2030,sc01,01-10 19:00:00+01:00,0.414,99.464,16.577,66.309,99.464,33.155,41.443,6.216,41.443
2030,sc01,01-10 20:00:00+01:00,0.394,94.678,15.78,63.119,94.678,31.559,39.449,5.917,39.449
2030,sc01,01-10 21:00:00+01:00,0.375,89.894,14.982,59.929,89.894,29.965,37.456,5.618,37.456
2030,sc01,01-10 22:00:00+01:00,0.354,85.073,14.179,56.715,85.073,28.358,35.447,5.317,35.447
2030,sc01,01-10 23:00:00+01:00,0.334,80.177,13.363,53.452,80.177,26.726,33.407,5.011,33.407
2030,sc01,01-11 00:00:00+01:00,0.323,77.579,12.93,51.72,77.579,25.86,32.325,4.849,32.325
2030,sc01,01-11 01:00:00+01:00,0.317,75.97,12.662,50.647,75.97,25.323,31.654,4.748,31.654
2030,sc01,01-11 02:00:00+01:00,0.312,74.897,12.483,49.931,74.897,24.966,31.207,4.681,31.207
2030,sc01,01-11 03:00:00+01:00,0.315,75.524,12.587,50.35,75.524,25.175,31.468,4.72,31.468
2030,sc01,01-11 04:00:00+01:00,0.332,79.571,13.262,53.047,79.571,26.524,33.155,4.973,33.155
2030,sc01,01-11 05:00:00+01:00,0.366,87.745,14.624,58.497,87.745,29.248,36.56,5.484,36.56
2030,sc01,01-11 06:00:00+01:00,0.399,95.715,15.952,63.81,95.715,31.905,39.881,5.982,39.881
2030,sc01,01-11 07:00:00+01:00,0.42,100.722,16.787,67.148,100.722,33.574,41.968,6.295,41.968
2030,sc01,01-11 08:00:00+01:00,0.426,102.332,17.055,68.221,102.332,34.111,42.638,6.396,42.638
2030,sc01,01-11 09:00:00+01:00,0.431,103.38,17.23,68.92,103.38,34.46,43.075,6.461,43.075
2030,sc01,01-11 10:00:00+01:00,0.429,103.018,17.17,68.679,103.018,34.339,42.924,6.439,42.924
2030,sc01,01-11 11:00:00+01:00,0.425,101.891,16.982,67.927,101.891,33.964,42.455,6.368,42.455
2030,sc01,01-11 12:00:00+01:00,0.424,101.682,16.947,67.788,101.682,33.894,42.367,6.355,42.367
2030,sc01,01-11 13:00:00+01:00,0.421,101.129,16.855,67.42,101.129,33.71,42.137,6.321,42.137
2030,sc01,01-11 14:00:00+01:00,0.424,101.645,16.941,67.763,101.645,33.882,42.352,6.353,42.352
2030,sc01,01-11 15:00:00+01:00,0.433,103.9,17.317,69.267,103.9,34.633,43.292,6.494,43.292
2030,sc01,01-11 16:00:00+01:00,0.443,106.303,17.717,70.869,106.303,35.434,44.293,6.644,44.293
2030,sc01,01-11 17:00:00+01:00,0.448,107.409,17.902,71.606,107.409,35.803,44.754,6.713,44.754
2030,sc01,01-11 18:00:00+01:00,0.435,104.302,17.384,69.534,104.302,34.767,43.459,6.519,43.459
2030,sc01,01-11 19:00:00+01:00,0.417,100.115,16.686,66.744,100.115,33.372,41.715,6.257,41.715
2030,sc01,01-11 20:00:00+01:00,0.397,95.228,15.871,63.485,95.228,31.743,39.678,5.952,39.678
2030,sc01,01-11 21:00:00+01:00,0.378,90.621,15.104,60.414,90.621,30.207,37.759,5.664,37.759
2030,sc01,01-11 22:00:00+01:00,0.356,85.542,14.257,57.028,85.542,28.514,35.642,5.346,35.642
2030,sc01,01-11 23:00:00+01:00,0.336,80.656,13.443,53.771,80.656,26.885,33.607,5.041,33.607
2030,sc01,01-12 00:00:00+01:00,0.325,78.003,13.001,52.002,78.003,26.001,32.501,4.875,32.501
2030,sc01,01-12 01:00:00+01:00,0.317,76.181,12.697,50.787,76.181,25.394,31.742,4.761,31.742
2030,sc01,01-12 02:00:00+01:00,0.313,75.197,12.533,50.131,75.197,25.066,31.332,4.7,31.332
2030,sc01,01-12 03:00:00+01:00,0.316,75.772,12.629,50.514,75.772,25.257,31.571,4.736,31.571
2030,sc01,01-12 04:00:00+01:00,0.333,79.962,13.327,53.308,79.962,26.654,33.317,4.998,33.317
2030,sc01,01-12 05:00:00+01:00,0.367,88.09,14.682,58.727,88.09,29.363,36.704,5.506,36.704
2030,sc01,01-12 06:00:00+01:00,0.4,95.918,15.986,63.945,95.918,31.973,39.966,5.995,39.966
2030,sc01,01-12 07:00:00+01:00,0.419,100.497,16.75,66.998,100.497,33.499,41.874,6.281,41.874
2030,sc01,01-12 08:00:00+01:00,0.424,101.861,16.977,67.907,101.861,33.954,42.442,6.366,42.442
2030,sc01,01-12 09:00:00+01:00,0.428,102.648,17.108,68.432,102.648,34.216,42.77,6.416,42.77
2030,sc01,01-12 10:00:00+01:00,0.425,102.001,17.0,68.0,102.001,34.0,42.5,6.375,42.5
2030,sc01,01-12 11:00:00+01:00,0.419,100.475,16.746,66.983,100.475,33.492,41.865,6.28,41.865
2030,sc01,01-12 12:00:00+01:00,0.414,99.333,16.556,66.222,99.333,33.111,41.389,6.208,41.389
2030,sc01,01-12 13:00:00+01:00,0.41,98.341,16.39,65.561,98.341,32.78,40.975,6.146,40.975
2030,sc01,01-12 14:00:00+01:00,0.41,98.501,16.417,65.667,98.501,32.834,41.042,6.156,41.042
2030,sc01,01-12 15:00:00+01:00,0.42,100.691,16.782,67.127,100.691,33.564,41.955,6.293,41.955
2030,sc01,01-12 16:00:00+01:00,0.432,103.761,17.294,69.174,103.761,34.587,43.234,6.485,43.234
2030,sc01,01-12 17:00:00+01:00,0.435,104.468,17.411,69.645,104.468,34.823,43.528,6.529,43.528
2030,sc01,01-12 18:00:00+01:00,0.421,101.149,16.858,67.433,101.149,33.716,42.145,6.322,42.145
2030,sc01,01-12 19:00:00+01:00,0.404,96.876,16.146,64.584,96.876,32.292,40.365,6.055,40.365
2030,sc01,01-12 20:00:00+01:00,0.384,92.13,15.355,61.42,92.13,30.71,38.388,5.758,38.388
2030,sc01,01-12 21:00:00+01:00,0.369,88.468,14.745,58.978,88.468,29.489,36.861,5.529,36.861
2030,sc01,01-12 22:00:00+01:00,0.35,84.03,14.005,56.02,84.03,28.01,35.013,5.252,35.013
2030,sc01,01-12 23:00:00+01:00,0.33,79.255,13.209,52.837,79.255,26.418,33.023,4.953,33.023
2030,sc01,01-13 00:00:00+01:00,0.318,76.254,12.709,50.836,76.254,25.418,31.772,4.766,31.772
2030,sc01,01-13 01:00:00+01:00,0.309,74.133,12.356,49.422,74.133,24.711,30.889,4.633,30.889
2030,sc01,01-13 02:00:00+01:00,0.301,72.244,12.041,48.163,72.244,24.081,30.102,4.515,30.102
2030,sc01,01-13 03:00:00+01:00,0.297,71.357,11.893,47.571,71.357,23.786,29.732,4.46,29.732
2030,sc01,01-13 04:00:00+01:00,0.298,71.615,11.936,47.743,71.615,23.872,29.84,4.476,29.84
2030,sc01,01-13 05:00:00+01:00,0.311,74.703,12.451,49.802,74.703,24.901,31.126,4.669,31.126
2030,sc01,01-13 06:00:00+01:00,0.329,79.002,13.167,52.668,79.002,26.334,32.918,4.938,32.918
2030,sc01,01-13 07:00:00+01:00,0.345,82.834,13.806,55.223,82.834,27.611,34.514,5.177,34.514
2030,sc01,01-13 08:00:00+01:00,0.359,86.251,14.375,57.501,86.251,28.75,35.938,5.391,35.938
2030,sc01,01-13 09:00:00+01:00,0.368,88.339,14.723,58.893,88.339,29.446,36.808,5.521,36.808
2030,sc01,01-13 10:00:00+01:00,0.368,88.395,14.733,58.93,88.395,29.465,36.831,5.525,36.831
2030,sc01,01-13 11:00:00+01:00,0.365,87.666,14.611,58.444,87.666,29.222,36.527,5.479,36.527
2030,sc01,01-13 12:00:00+01:00,0.357,85.57,14.262,57.047,85.57,28.523,35.654,5.348,35.654
2030,sc01,01-13 13:00:00+01:00,0.351,84.269,14.045,56.179,84.269,28.09,35.112,5.267,35.112
2030,sc01,01-13 14:00:00+01:00,0.35,83.955,13.992,55.97,83.955,27.985,34.981,5.247,34.981
2030,sc01,01-13 15:00:00+01:00,0.362,86.912,14.485,57.942,86.912,28.971,36.213,5.432,36.213
2030,sc01,01-13 16:00:00+01:00,0.379,90.986,15.164,60.657,90.986,30.329,37.911,5.687,37.911
2030,sc01,01-13 17:00:00+01:00,0.388,93.191,15.532,62.127,93.191,31.064,38.83,5.824,38.83
2030,sc01,01-13 18:00:00+01:00,0.379,91.067,15.178,60.711,91.067,30.356,37.945,5.692,37.945
2030,sc01,01-13 19:00:00+01:00,0.366,87.936,14.656,58.624,87.936,29.312,36.64,5.496,36.64
2030,sc01,01-13 20:00:00+01:00,0.354,84.867,14.144,56.578,84.867,28.289,35.361,5.304,35.361
2030,sc01,01-13 21:00:00+01:00,0.342,81.971,13.662,54.647,81.971,27.324,34.155,5.123,34.155
2030,sc01,01-13 22:00:00+01:00,0.327,78.478,13.08,52.318,78.478,26.159,32.699,4.905,32.699
2030,sc01,01-13 23:00:00+01:00,0.31,74.473,12.412,49.648,74.473,24.824,31.03,4.655,31.03
2030,sc01,01-14 00:00:00+01:00,0.3,72.04,12.007,48.027,72.04,24.013,30.017,4.503,30.017
2030,sc01,01-14 01:00:00+01:00,0.291,69.89,11.648,46.594,69.89,23.297,29.121,4.368,29.121
2030,sc01,01-14 02:00:00+01:00,0.283,68.034,11.339,45.356,68.034,22.678,28.347,4.252,28.347
2030,sc01,01-14 03:00:00+01:00,0.279,66.969,11.162,44.646,66.969,22.323,27.904,4.186,27.904
2030,sc01,01-14 04:00:00+01:00,0.277,66.441,11.073,44.294,66.441,22.147,27.684,4.153,27.684
2030,sc01,01-14 05:00:00+01:00,0.282,67.726,11.288,45.15,67.726,22.575,28.219,4.233,28.219
2030,sc01,01-14 06:00:00+01:00,0.291,69.735,11.622,46.49,69.735,23.245,29.056,4.358,29.056
2030,sc01,01-14 07:00:00+01:00,0.302,72.507,12.085,48.338,72.507,24.169,30.211,4.532,30.211
2030,sc01,01-14 08:00:00+01:00,0.317,76.111,12.685,50.741,76.111,25.37,31.713,4.757,31.713
2030,sc01,01-14 09:00:00+01:00,0.331,79.488,13.248,52.992,79.488,26.496,33.12,4.968,33.12
2030,sc01,01-14 10:00:00+01:00,0.337,80.783,13.464,53.855,80.783,26.928,33.659,5.049,33.659
2030,sc01,01-14 11:00:00+01:00,0.336,80.59,13.432,53.726,80.59,26.863,33.579,5.037,33.579
2030,sc01,01-14 12:00:00+01:00,0.329,79.055,13.176,52.703,79.055,26.352,32.94,4.941,32.94
2030,sc01,01-14 13:00:00+01:00,0.324,77.856,12.976,51.904,77.856,25.952,32.44,4.866,32.44
2030,sc01,01-14 14:00:00+01:00,0.324,77.718,12.953,51.812,77.718,25.906,32.382,4.857,32.382
2030,sc01,01-14 15:00:00+01:00,0.338,81.009,13.501,54.006,81.009,27.003,33.754,5.063,33.754
2030,sc01,01-14 16:00:00+01:00,0.361,86.713,14.452,57.808,86.713,28.904,36.13,5.42,36.13
2030,sc01,01-14 17:00:00+01:00,0.376,90.249,15.041,60.166,90.249,30.083,37.604,5.641,37.604
2030,sc01,01-14 18:00:00+01:00,0.374,89.826,14.971,59.884,89.826,29.942,37.428,5.614,37.428
2030,sc01,01-14 19:00:00+01:00,0.367,88.025,14.671,58.683,88.025,29.342,36.677,5.502,36.677
2030,sc01,01-14 20:00:00+01:00,0.357,85.599,14.266,57.066,85.599,28.533,35.666,5.35,35.666
2030,sc01,01-14 21:00:00+01:00,0.345,82.695,13.782,55.13,82.695,27.565,34.456,5.168,34.456
2030,sc01,01-14 22:00:00+01:00,0.328,78.69,13.115,52.46,78.69,26.23,32.788,4.918,32.788
2030,sc01,01-14 23:00:00+01:00,0.311,74.746,12.458,49.831,74.746,24.915,31.144,4.672,31.144
2030,sc01,01-15 00:00:00+01:00,0.303,72.803,12.134,48.536,72.803,24.268,30.335,4.55,30.335
2030,sc01,01-15 01:00:00+01:00,0.297,71.359,11.893,47.573,71.359,23.786,29.733,4.46,29.733
2030,sc01,01-15 02:00:00+01:00,0.294,70.617,11.769,47.078,70.617,23.539,29.424,4.414,29.424
2030,sc01,01-15 03:00:00+01:00,0.299,71.662,11.944,47.774,71.662,23.887,29.859,4.479,29.859
2030,sc01,01-15 04:00:00+01:00,0.32,76.759,12.793,51.173,76.759,25.586,31.983,4.797,31.983
2030,sc01,01-15 05:00:00+01:00,0.359,86.242,14.374,57.495,86.242,28.747,35.934,5.39,35.934
2030,sc01,01-15 06:00:00+01:00,0.396,94.942,15.824,63.295,94.942,31.647,39.559,5.934,39.559
2030,sc01,01-15 07:00:00+01:00,0.418,100.256,16.709,66.838,100.256,33.419,41.774,6.266,41.774
2030,sc01,01-15 08:00:00+01:00,0.424,101.849,16.975,67.899,101.849,33.95,42.437,6.366,42.437
2030,sc01,01-15 09:00:00+01:00,0.428,102.735,17.122,68.49,102.735,34.245,42.806,6.421,42.806
2030,sc01,01-15 10:00:00+01:00,0.426,102.175,17.029,68.117,102.175,34.058,42.573,6.386,42.573
2030,sc01,01-15 11:00:00+01:00,0.421,100.968,16.828,67.312,100.968,33.656,42.07,6.311,42.07
2030,sc01,01-15 12:00:00+01:00,0.418,100.269,16.712,66.846,100.269,33.423,41.779,6.267,41.779
2030,sc01,01-15 13:00:00+01:00,0.414,99.263,16.544,66.175,99.263,33.088,41.359,6.204,41.359
2030,sc01,01-15 14:00:00+01:00,0.414,99.368,16.561,66.245,99.368,33.123,41.403,6.21,41.403
2030,sc01,01-15 15:00:00+01:00,0.425,102.052,17.009,68.035,102.052,34.017,42.522,6.378,42.522
2030,sc01,01-15 16:00:00+01:00,0.439,105.474,17.579,70.316,105.474,35.158,43.948,6.592,43.948
2030,sc01,01-15 17:00:00+01:00,0.445,106.841,17.807,71.228,106.841,35.614,44.517,6.678,44.517
2030,sc01,01-15 18:00:00+01:00,0.432,103.682,17.28,69.121,103.682,34.561,43.201,6.48,43.201
2030,sc01,01-15 19:00:00+01:00,0.415,99.713,16.619,66.476,99.713,33.238,41.547,6.232,41.547
2030,sc01,01-15 20:00:00+01:00,0.395,94.794,15.799,63.196,94.794,31.598,39.498,5.925,39.498
2030,sc01,01-15 21:00:00+01:00,0.375,90.069,15.012,60.046,90.069,30.023,37.529,5.629,37.529
2030,sc01,01-15 22:00:00+01:00,0.354,84.855,14.142,56.57,84.855,28.285,35.356,5.303,35.356
2030,sc01,01-15 23:00:00+01:00,0.333,80.016,13.336,53.344,80.016,26.672,33.34,5.001,33.34
2030,sc01,01-16 00:00:00+01:00,0.323,77.635,12.939,51.757,77.635,25.878,32.348,4.852,32.348
2030,sc01,01-16 01:00:00+01:00,0.316,75.829,12.638,50.553,75.829,25.276,31.595,4.739,31.595
2030,sc01,01-16 02:00:00+01:00,0.312,74.872,12.479,49.915,74.872,24.957,31.197,4.68,31.197
2030,sc01,01-16 03:00:00+01:00,0.315,75.508,12.585,50.339,75.508,25.169,31.462,4.719,31.462
2030,sc01,01-16 04:00:00+01:00,0.332,79.722,13.287,53.148,79.722,26.574,33.218,4.983,33.218
2030,sc01,01-16 05:00:00+01:00,0.366,87.926,14.654,58.617,87.926,29.309,36.636,5.495,36.636
2030,sc01,01-16 06:00:00+01:00,0.4,96.054,16.009,64.036,96.054,32.018,40.022,6.003,40.022
2030,sc01,01-16 07:00:00+01:00,0.421,100.986,16.831,67.324,100.986,33.662,42.078,6.312,42.078
2030,sc01,01-16 08:00:00+01:00,0.427,102.481,17.08,68.321,102.481,34.16,42.701,6.405,42.701
2030,sc01,01-16 09:00:00+01:00,0.43,103.295,17.216,68.863,103.295,34.432,43.04,6.456,43.04
2030,sc01,01-16 10:00:00+01:00,0.428,102.735,17.123,68.49,102.735,34.245,42.806,6.421,42.806
2030,sc01,01-16 11:00:00+01:00,0.423,101.425,16.904,67.616,101.425,33.808,42.26,6.339,42.26
2030,sc01,01-16 12:00:00+01:00,0.421,100.926,16.821,67.284,100.926,33.642,42.052,6.308,42.052
2030,sc01,01-16 13:00:00+01:00,0.417,100.08,16.68,66.72,100.08,33.36,41.7,6.255,41.7
2030,sc01,01-16 14:00:00+01:00,0.418,100.336,16.723,66.891,100.336,33.445,41.807,6.271,41.807
2030,sc01,01-16 15:00:00+01:00,0.428,102.784,17.131,68.523,102.784,34.261,42.827,6.424,42.827
2030,sc01,01-16 16:00:00+01:00,0.441,105.781,17.63,70.52,105.781,35.26,44.075,6.611,44.075
2030,sc01,01-16 17:00:00+01:00,0.445,106.686,17.781,71.124,106.686,35.562,44.452,6.668,44.452
2030,sc01,01-16 18:00:00+01:00,0.432,103.659,17.277,69.106,103.659,34.553,43.191,6.479,43.191
2030,sc01,01-16 19:00:00+01:00,0.416,99.795,16.632,66.53,99.795,33.265,41.581,6.237,41.581
2030,sc01,01-16 20:00:00+01:00,0.396,95.121,15.853,63.414,95.121,31.707,39.634,5.945,39.634
2030,sc01,01-16 21:00:00+01:00,0.376,90.286,15.048,60.191,90.286,30.095,37.619,5.643,37.619
2030,sc01,01-16 22:00:00+01:00,0.354,84.971,14.162,56.647,84.971,28.324,35.405,5.311,35.405
2030,sc01,01-16 23:00:00+01:00,0.332,79.731,13.289,53.154,79.731,26.577,33.221,4.983,33.221
2030,sc01,01-17 00:00:00+01:00,0.322,77.18,12.863,51.453,77.18,25.727,32.158,4.824,32.158
2030,sc01,01-17 01:00:00+01:00,0.314,75.401,12.567,50.267,75.401,25.134,31.417,4.713,31.417
2030,sc01,01-17 02:00:00+01:00,0.31,74.464,12.411,49.643,74.464,24.821,31.027,4.654,31.027
2030,sc01,01-17 03:00:00+01:00,0.313,75.235,12.539,50.156,75.235,25.078,31.348,4.702,31.348
2030,sc01,01-17 04:00:00+01:00,0.331,79.508,13.251,53.005,79.508,26.503,33.128,4.969,33.128
2030,sc01,01-17 05:00:00+01:00,0.365,87.576,14.596,58.384,87.576,29.192,36.49,5.473,36.49
2030,sc01,01-17 06:00:00+01:00,0.399,95.68,15.947,63.787,95.68,31.893,39.867,5.98,39.867
2030,sc01,01-17 07:00:00+01:00,0.42,100.771,16.795,67.181,100.771,33.59,41.988,6.298,41.988
2030,sc01,01-17 08:00:00+01:00,0.427,102.452,17.075,68.302,102.452,34.151,42.688,6.403,42.688
2030,sc01,01-17 09:00:00+01:00,0.43,103.201,17.2,68.801,103.201,34.4,43.001,6.45,43.001
2030,sc01,01-17 10:00:00+01:00,0.428,102.79,17.132,68.526,102.79,34.263,42.829,6.424,42.829
2030,sc01,01-17 11:00:00+01:00,0.423,101.571,16.928,67.714,101.571,33.857,42.321,6.348,42.321
2030,sc01,01-17 12:00:00+01:00,0.421,101.018,16.836,67.345,101.018,33.673,42.091,6.314,42.091
2030,sc01,01-17 13:00:00+01:00,0.418,100.298,16.716,66.865,100.298,33.433,41.791,6.269,41.791
2030,sc01,01-17 14:00:00+01:00,0.419,100.586,16.764,67.057,100.586,33.529,41.911,6.287,41.911
2030,sc01,01-17 15:00:00+01:00,0.43,103.153,17.192,68.769,103.153,34.384,42.981,6.447,42.981
2030,sc01,01-17 16:00:00+01:00,0.442,106.111,17.685,70.741,106.111,35.37,44.213,6.632,44.213
2030,sc01,01-17 17:00:00+01:00,0.447,107.215,17.869,71.477,107.215,35.738,44.673,6.701,44.673
2030,sc01,01-17 18:00:00+01:00,0.435,104.39,17.398,69.593,104.39,34.797,43.496,6.524,43.496
2030,sc01,01-17 19:00:00+01:00,0.418,100.248,16.708,66.832,100.248,33.416,41.77,6.265,41.77
2030,sc01,01-17 20:00:00+01:00,0.397,95.398,15.9,63.599,95.398,31.799,39.749,5.962,39.749
2030,sc01,01-17 21:00:00+01:00,0.377,90.543,15.091,60.362,90.543,30.181,37.726,5.659,37.726
2030,sc01,01-17 22:00:00+01:00,0.355,85.153,14.192,56.768,85.153,28.384,35.48,5.322,35.48
2030,sc01,01-17 23:00:00+01:00,0.334,80.103,13.35,53.402,80.103,26.701,33.376,5.006,33.376
2030,sc01,01-18 00:00:00+01:00,0.323,77.565,12.928,51.71,77.565,25.855,32.319,4.848,32.319
2030,sc01,01-18 01:00:00+01:00,0.316,75.884,12.647,50.589,75.884,25.295,31.618,4.743,31.618
2030,sc01,01-18 02:00:00+01:00,0.311,74.654,12.442,49.77,74.654,24.885,31.106,4.666,31.106
2030,sc01,01-18 03:00:00+01:00,0.313,75.184,12.531,50.123,75.184,25.061,31.327,4.699,31.327
2030,sc01,01-18 04:00:00+01:00,0.331,79.388,13.231,52.925,79.388,26.463,33.078,4.962,33.078
2030,sc01,01-18 05:00:00+01:00,0.365,87.581,14.597,58.387,87.581,29.194,36.492,5.474,36.492
2030,sc01,01-18 06:00:00+01:00,0.397,95.383,15.897,63.589,95.383,31.794,39.743,5.961,39.743
2030,sc01,01-18 07:00:00+01:00,0.419,100.459,16.743,66.973,100.459,33.486,41.858,6.279,41.858
2030,sc01,01-18 08:00:00+01:00,0.426,102.296,17.049,68.197,102.296,34.099,42.623,6.393,42.623
2030,sc01,01-18 09:00:00+01:00,0.432,103.641,17.273,69.094,103.641,34.547,43.184,6.478,43.184
2030,sc01,01-18 10:00:00+01:00,0.431,103.432,17.239,68.955,103.432,34.477,43.097,6.465,43.097
2030,sc01,01-18 11:00:00+01:00,0.426,102.355,17.059,68.237,102.355,34.118,42.648,6.397,42.648
2030,sc01,01-18 12:00:00+01:00,0.424,101.819,16.97,67.88,101.819,33.94,42.425,6.364,42.425
2030,sc01,01-18 13:00:00+01:00,0.421,100.944,16.824,67.296,100.944,33.648,42.06,6.309,42.06
2030,sc01,01-18 14:00:00+01:00,0.42,100.692,16.782,67.128,100.692,33.564,41.955,6.293,41.955
2030,sc01,01-18 15:00:00+01:00,0.426,102.244,17.041,68.162,102.244,34.081,42.601,6.39,42.601
2030,sc01,01-18 16:00:00+01:00,0.435,104.376,17.396,69.584,104.376,34.792,43.49,6.524,43.49
2030,sc01,01-18 17:00:00+01:00,0.439,105.31,17.552,70.207,105.31,35.103,43.879,6.582,43.879
2030,sc01,01-18 18:00:00+01:00,0.425,102.074,17.012,68.049,102.074,34.025,42.531,6.38,42.531
2030,sc01,01-18 19:00:00+01:00,0.407,97.78,16.297,65.187,97.78,32.593,40.742,6.111,40.742
2030,sc01,01-18 20:00:00+01:00,0.386,92.73,15.455,61.82,92.73,30.91,38.637,5.796,38.637
2030,sc01,01-18 21:00:00+01:00,0.367,87.968,14.661,58.645,87.968,29.323,36.653,5.498,36.653
2030,sc01,01-18 22:00:00+01:00,0.345,82.806,13.801,55.204,82.806,27.602,34.502,5.175,34.502
2030,sc01,01-18 23:00:00+01:00,0.326,78.214,13.036,52.143,78.214,26.071,32.589,4.888,32.589
2030,sc01,01-19 00:00:00+01:00,0.315,75.694,12.616,50.463,75.694,25.231,31.539,4.731,31.539
2030,sc01,01-19 01:00:00+01:00,0.308,73.843,12.307,49.229,73.843,24.614,30.768,4.615,30.768
2030,sc01,01-19 02:00:00+01:00,0.304,73.05,12.175,48.7,73.05,24.35,30.438,4.566,30.438
2030,sc01,01-19 03:00:00+01:00,0.306,73.448,12.241,48.966,73.448,24.483,30.603,4.591,30.603
2030,sc01,01-19 04:00:00+01:00,0.323,77.638,12.94,51.759,77.638,25.879,32.349,4.852,32.349
2030,sc01,01-19 05:00:00+01:00,0.357,85.772,14.295,57.181,85.772,28.591,35.738,5.361,35.738
2030,sc01,01-19 06:00:00+01:00,0.39,93.58,15.597,62.387,93.58,31.193,38.992,5.849,38.992
2030,sc01,01-19 07:00:00+01:00,0.41,98.466,16.411,65.644,98.466,32.822,41.028,6.154,41.028
2030,sc01,01-19 08:00:00+01:00,0.417,100.005,16.668,66.67,100.005,33.335,41.669,6.25,41.669
2030,sc01,01-19 09:00:00+01:00,0.42,100.809,16.802,67.206,100.809,33.603,42.004,6.301,42.004
2030,sc01,01-19 10:00:00+01:00,0.418,100.256,16.709,66.837,100.256,33.419,41.773,6.266,41.773
2030,sc01,01-19 11:00:00+01:00,0.412,98.796,16.466,65.864,98.796,32.932,41.165,6.175,41.165
2030,sc01,01-19 12:00:00+01:00,0.407,97.764,16.294,65.176,97.764,32.588,40.735,6.11,40.735
2030,sc01,01-19 13:00:00+01:00,0.403,96.637,16.106,64.424,96.637,32.212,40.265,6.04,40.265
2030,sc01,01-19 14:00:00+01:00,0.401,96.278,16.046,64.185,96.278,32.093,40.116,6.017,40.116
2030,sc01,01-19 15:00:00+01:00,0.41,98.502,16.417,65.668,98.502,32.834,41.043,6.156,41.043
2030,sc01,01-19 16:00:00+01:00,0.424,101.753,16.959,67.836,101.753,33.918,42.397,6.36,42.397
2030,sc01,01-19 17:00:00+01:00,0.429,103.018,17.17,68.679,103.018,34.339,42.924,6.439,42.924
2030,sc01,01-19 18:00:00+01:00,0.416,99.819,16.636,66.546,99.819,33.273,41.591,6.239,41.591
2030,sc01,01-19 19:00:00+01:00,0.398,95.586,15.931,63.724,95.586,31.862,39.827,5.974,39.827
2030,sc01,01-19 20:00:00+01:00,0.38,91.092,15.182,60.728,91.092,30.364,37.955,5.693,37.955
2030,sc01,01-19 21:00:00+01:00,0.363,87.181,14.53,58.12,87.181,29.06,36.325,5.449,36.325
2030,sc01,01-19 22:00:00+01:00,0.344,82.484,13.747,54.989,82.484,27.495,34.368,5.155,34.368
2030,sc01,01-19 23:00:00+01:00,0.324,77.756,12.959,51.838,77.756,25.919,32.399,4.86,32.399
2030,sc01,01-20 00:00:00+01:00,0.312,74.894,12.482,49.929,74.894,24.965,31.206,4.681,31.206
2030,sc01,01-20 01:00:00+01:00,0.302,72.564,12.094,48.376,72.564,24.188,30.235,4.535,30.235
2030,sc01,01-20 02:00:00+01:00,0.296,71.003,11.834,47.335,71.003,23.668,29.584,4.438,29.584
2030,sc01,01-20 03:00:00+01:00,0.293,70.229,11.705,46.819,70.229,23.41,29.262,4.389,29.262
2030,sc01,01-20 04:00:00+01:00,0.295,70.866,11.811,47.244,70.866,23.622,29.528,4.429,29.528
2030,sc01,01-20 05:00:00+01:00,0.309,74.076,12.346,49.384,74.076,24.692,30.865,4.63,30.865
2030,sc01,01-20 06:00:00+01:00,0.327,78.434,13.072,52.289,78.434,26.145,32.681,4.902,32.681
2030,sc01,01-20 07:00:00+01:00,0.345,82.743,13.79,55.162,82.743,27.581,34.476,5.171,34.476
2030,sc01,01-20 08:00:00+01:00,0.36,86.31,14.385,57.54,86.31,28.77,35.963,5.394,35.963
2030,sc01,01-20 09:00:00+01:00,0.37,88.702,14.784,59.135,88.702,29.567,36.959,5.544,36.959
2030,sc01,01-20 10:00:00+01:00,0.37,88.889,14.815,59.259,88.889,29.63,37.037,5.556,37.037
2030,sc01,01-20 11:00:00+01:00,0.367,88.055,14.676,58.703,88.055,29.352,36.69,5.503,36.69
2030,sc01,01-20 12:00:00+01:00,0.359,86.12,14.353,57.413,86.12,28.707,35.883,5.383,35.883
2030,sc01,01-20 13:00:00+01:00,0.353,84.629,14.105,56.419,84.629,28.21,35.262,5.289,35.262
2030,sc01,01-20 14:00:00+01:00,0.351,84.16,14.027,56.107,84.16,28.053,35.067,5.26,35.067
2030,sc01,01-20 15:00:00+01:00,0.36,86.447,14.408,57.632,86.447,28.816,36.02,5.403,36.02
2030,sc01,01-20 16:00:00+01:00,0.376,90.322,15.054,60.215,90.322,30.107,37.634,5.645,37.634
2030,sc01,01-20 17:00:00+01:00,0.388,93.014,15.502,62.009,93.014,31.005,38.756,5.813,38.756
2030,sc01,01-20 18:00:00+01:00,0.379,91.052,15.175,60.701,91.052,30.351,37.938,5.691,37.938
2030,sc01,01-20 19:00:00+01:00,0.366,87.93,14.655,58.62,87.93,29.31,36.638,5.496,36.638
2030,sc01,01-20 20:00:00+01:00,0.354,84.974,14.162,56.649,84.974,28.325,35.406,5.311,35.406
2030,sc01,01-20 21:00:00+01:00,0.342,82.018,13.67,54.679,82.018,27.339,34.174,5.126,34.174
2030,sc01,01-20 22:00:00+01:00,0.327,78.442,13.074,52.295,78.442,26.147,32.684,4.903,32.684
2030,sc01,01-20 23:00:00+01:00,0.311,74.575,12.429,49.717,74.575,24.858,31.073,4.661,31.073
2030,sc01,01-21 00:00:00+01:00,0.301,72.347,12.058,48.231,72.347,24.116,30.145,4.522,30.145
2030,sc01,01-21 01:00:00+01:00,0.292,70.132,11.689,46.755,70.132,23.377,29.222,4.383,29.222
2030,sc01,01-21 02:00:00+01:00,0.285,68.358,11.393,45.572,68.358,22.786,28.482,4.272,28.482
2030,sc01,01-21 03:00:00+01:00,0.28,67.205,11.201,44.804,67.205,22.402,28.002,4.2,28.002
2030,sc01,01-21 04:00:00+01:00,0.278,66.69,11.115,44.46,66.69,22.23,27.788,4.168,27.788
2030,sc01,01-21 05:00:00+01:00,0.282,67.78,11.297,45.187,67.78,22.593,28.242,4.236,28.242
2030,sc01,01-21 06:00:00+01:00,0.291,69.851,11.642,46.567,69.851,23.284,29.105,4.366,29.105
2030,sc01,01-21 07:00:00+01:00,0.304,72.882,12.147,48.588,72.882,24.294,30.368,4.555,30.368
2030,sc01,01-21 08:00:00+01:00,0.319,76.65,12.775,51.1,76.65,25.55,31.938,4.791,31.938
2030,sc01,01-21 09:00:00+01:00,0.334,80.071,13.345,53.381,80.071,26.69,33.363,5.004,33.363
2030,sc01,01-21 10:00:00+01:00,0.34,81.526,13.588,54.35,81.526,27.175,33.969,5.095,33.969
2030,sc01,01-21 11:00:00+01:00,0.34,81.508,13.585,54.339,81.508,27.169,33.962,5.094,33.962
2030,sc01,01-21 12:00:00+01:00,0.333,80.021,13.337,53.348,80.021,26.674,33.342,5.001,33.342
2030,sc01,01-21 13:00:00+01:00,0.329,79.029,13.171,52.686,79.029,26.343,32.929,4.939,32.929
2030,sc01,01-21 14:00:00+01:00,0.329,78.968,13.161,52.645,78.968,26.323,32.903,4.936,32.903
2030,sc01,01-21 15:00:00+01:00,0.341,81.781,13.63,54.521,81.781,27.26,34.075,5.111,34.075
2030,sc01,01-21 16:00:00+01:00,0.362,86.96,14.493,57.973,86.96,28.987,36.233,5.435,36.233
2030,sc01,01-21 17:00:00+01:00,0.378,90.658,15.11,60.438,90.658,30.219,37.774,5.666,37.774
2030,sc01,01-21 18:00:00+01:00,0.377,90.483,15.081,60.322,90.483,30.161,37.701,5.655,37.701
2030,sc01,01-21 19:00:00+01:00,0.37,88.79,14.798,59.194,88.79,29.597,36.996,5.549,36.996
2030,sc01,01-21 20:00:00+01:00,0.361,86.64,14.44,57.76,86.64,28.88,36.1,5.415,36.1
2030,sc01,01-21 21:00:00+01:00,0.349,83.68,13.947,55.787,83.68,27.893,34.867,5.23,34.867
2030,sc01,01-21 22:00:00+01:00,0.332,79.677,13.279,53.118,79.677,26.559,33.199,4.98,33.199
2030,sc01,01-21 23:00:00+01:00,0.316,75.841,12.64,50.56,75.841,25.28,31.6,4.74,31.6
2030,sc01,01-22 00:00:00+01:00,0.309,74.083,12.347,49.388,74.083,24.694,30.868,4.63,30.868
2030,sc01,01-22 01:00:00+01:00,0.303,72.808,12.135,48.538,72.808,24.269,30.337,4.55,30.337
2030,sc01,01-22 02:00:00+01:00,0.3,72.105,12.017,48.07,72.105,24.035,30.044,4.507,30.044
2030,sc01,01-22 03:00:00+01:00,0.306,73.351,12.225,48.901,73.351,24.45,30.563,4.584,30.563
2030,sc01,01-22 04:00:00+01:00,0.327,78.565,13.094,52.377,78.565,26.188,32.735,4.91,32.735
2030,sc01,01-22 05:00:00+01:00,0.365,87.493,14.582,58.329,87.493,29.164,36.455,5.468,36.455
2030,sc01,01-22 06:00:00+01:00,0.401,96.131,16.022,64.087,96.131,32.044,40.055,6.008,40.055
2030,sc01,01-22 07:00:00+01:00,0.423,101.46,16.91,67.64,101.46,33.82,42.275,6.341,42.275
2030,sc01,01-22 08:00:00+01:00,0.432,103.64,17.273,69.093,103.64,34.547,43.183,6.478,43.183
2030,sc01,01-22 09:00:00+01:00,0.436,104.733,17.456,69.822,104.733,34.911,43.639,6.546,43.639
2030,sc01,01-22 10:00:00+01:00,0.435,104.48,17.413,69.653,104.48,34.827,43.533,6.53,43.533
2030,sc01,01-22 11:00:00+01:00,0.432,103.696,17.283,69.13,103.696,34.565,43.206,6.481,43.206
2030,sc01,01-22 12:00:00+01:00,0.43,103.168,17.195,68.779,103.168,34.389,42.987,6.448,42.987
2030,sc01,01-22 13:00:00+01:00,0.426,102.288,17.048,68.192,102.288,34.096,42.62,6.393,42.62
2030,sc01,01-22 14:00:00+01:00,0.425,102.023,17.004,68.015,102.023,34.008,42.509,6.376,42.509
2030,sc01,01-22 15:00:00+01:00,0.435,104.284,17.381,69.523,104.284,34.761,43.452,6.518,43.452
2030,sc01,01-22 16:00:00+01:00,0.447,107.206,17.868,71.471,107.206,35.735,44.669,6.7,44.669
2030,sc01,01-22 17:00:00+01:00,0.453,108.773,18.129,72.515,108.773,36.258,45.322,6.798,45.322
2030,sc01,01-22 18:00:00+01:00,0.441,105.931,17.655,70.621,105.931,35.31,44.138,6.621,44.138
2030,sc01,01-22 19:00:00+01:00,0.425,102.015,17.003,68.01,102.015,34.005,42.506,6.376,42.506
2030,sc01,01-22 20:00:00+01:00,0.406,97.363,16.227,64.909,97.363,32.454,40.568,6.085,40.568
2030,sc01,01-22 21:00:00+01:00,0.387,92.808,15.468,61.872,92.808,30.936,38.67,5.8,38.67
2030,sc01,01-22 22:00:00+01:00,0.366,87.78,14.63,58.52,87.78,29.26,36.575,5.486,36.575
2030,sc01,01-22 23:00:00+01:00,0.346,83.148,13.858,55.432,83.148,27.716,34.645,5.197,34.645
2030,sc01,01-23 00:00:00+01:00,0.337,80.867,13.478,53.911,80.867,26.956,33.695,5.054,33.695
2030,sc01,01-23 01:00:00+01:00,0.329,79.078,13.18,52.719,79.078,26.359,32.949,4.942,32.949
2030,sc01,01-23 02:00:00+01:00,0.326,78.283,13.047,52.189,78.283,26.094,32.618,4.893,32.618
2030,sc01,01-23 03:00:00+01:00,0.329,79.048,13.175,52.698,79.048,26.349,32.937,4.94,32.937
2030,sc01,01-23 04:00:00+01:00,0.347,83.222,13.87,55.481,83.222,27.741,34.676,5.201,34.676
2030,sc01,01-23 05:00:00+01:00,0.381,91.544,15.257,61.029,91.544,30.515,38.143,5.722,38.143
2030,sc01,01-23 06:00:00+01:00,0.413,99.108,16.518,66.072,99.108,33.036,41.295,6.194,41.295
2030,sc01,01-23 07:00:00+01:00,0.434,104.158,17.36,69.439,104.158,34.719,43.399,6.51,43.399
2030,sc01,01-23 08:00:00+01:00,0.441,105.915,17.653,70.61,105.915,35.305,44.131,6.62,44.131
2030,sc01,01-23 09:00:00+01:00,0.447,107.184,17.864,71.456,107.184,35.728,44.66,6.699,44.66
2030,sc01,01-23 10:00:00+01:00,0.446,106.983,17.83,71.322,106.983,35.661,44.576,6.686,44.576
2030,sc01,01-23 11:00:00+01:00,0.442,105.985,17.664,70.657,105.985,35.328,44.16,6.624,44.16
2030,sc01,01-23 12:00:00+01:00,0.439,105.386,17.564,70.257,105.386,35.129,43.911,6.587,43.911
2030,sc01,01-23 13:00:00+01:00,0.435,104.38,17.397,69.586,104.38,34.793,43.492,6.524,43.492
2030,sc01,01-23 14:00:00+01:00,0.435,104.456,17.409,69.638,104.456,34.819,43.524,6.529,43.524
2030,sc01,01-23 15:00:00+01:00,0.443,106.348,17.725,70.899,106.348,35.449,44.312,6.647,44.312
2030,sc01,01-23 16:00:00+01:00,0.455,109.123,18.187,72.748,109.123,36.374,45.468,6.82,45.468
2030,sc01,01-23 17:00:00+01:00,0.461,110.687,18.448,73.791,110.687,36.896,46.119,6.918,46.119
2030,sc01,01-23 18:00:00+01:00,0.45,107.948,17.991,71.965,107.948,35.983,44.978,6.747,44.978
2030,sc01,01-23 19:00:00+01:00,0.434,104.18,17.363,69.453,104.18,34.727,43.408,6.511,43.408
2030,sc01,01-23 20:00:00+01:00,0.415,99.61,16.602,66.407,99.61,33.203,41.504,6.226,41.504
2030,sc01,01-23 21:00:00+01:00,0.397,95.327,15.888,63.551,95.327,31.776,39.72,5.958,39.72
2030,sc01,01-23 22:00:00+01:00,0.377,90.387,15.065,60.258,90.387,30.129,37.661,5.649,37.661
2030,sc01,01-23 23:00:00+01:00,0.358,85.92,14.32,57.28,85.92,28.64,35.8,5.37,35.8
2030,sc01,01-24 00:00:00+01:00,0.349,83.77,13.962,55.847,83.77,27.923,34.904,5.236,34.904
2030,sc01,01-24 01:00:00+01:00,0.342,82.111,13.685,54.74,82.111,27.37,34.213,5.132,34.213
2030,sc01,01-24 02:00:00+01:00,0.338,81.09,13.515,54.06,81.09,27.03,33.788,5.068,33.788
2030,sc01,01-24 03:00:00+01:00,0.34,81.707,13.618,54.471,81.707,27.236,34.045,5.107,34.045
2030,sc01,01-24 04:00:00+01:00,0.357,85.655,14.276,57.103,85.655,28.552,35.69,5.353,35.69
2030,sc01,01-24 05:00:00+01:00,0.389,93.302,15.55,62.201,93.302,31.101,38.876,5.831,38.876
2030,sc01,01-24 06:00:00+01:00,0.417,100.145,16.691,66.763,100.145,33.382,41.727,6.259,41.727
2030,sc01,01-24 07:00:00+01:00,0.438,105.081,17.514,70.054,105.081,35.027,43.784,6.568,43.784
2030,sc01,01-24 08:00:00+01:00,0.446,106.969,17.828,71.312,106.969,35.656,44.57,6.686,44.57
2030,sc01,01-24 09:00:00+01:00,0.451,108.138,18.023,72.092,108.138,36.046,45.057,6.759,45.057
2030,sc01,01-24 10:00:00+01:00,0.448,107.564,17.927,71.709,107.564,35.855,44.818,6.723,44.818
2030,sc01,01-24 11:00:00+01:00,0.444,106.662,17.777,71.108,106.662,35.554,44.443,6.666,44.443
2030,sc01,01-24 12:00:00+01:00,0.442,106.112,17.685,70.741,106.112,35.371,44.213,6.632,44.213
2030,sc01,01-24 13:00:00+01:00,0.438,105.055,17.509,70.036,105.055,35.018,43.773,6.566,43.773
2030,sc01,01-24 14:00:00+01:00,0.437,104.811,17.469,69.874,104.811,34.937,43.671,6.551,43.671
2030,sc01,01-24 15:00:00+01:00,0.445,106.808,17.801,71.205,106.808,35.603,44.503,6.676,44.503
2030,sc01,01-24 16:00:00+01:00,0.458,109.847,18.308,73.231,109.847,36.616,45.769,6.865,45.769
2030,sc01,01-24 17:00:00+01:00,0.465,111.7,18.617,74.466,111.7,37.233,46.541,6.981,46.541
2030,sc01,01-24 18:00:00+01:00,0.455,109.157,18.193,72.771,109.157,36.386,45.482,6.822,45.482
2030,sc01,01-24 19:00:00+01:00,0.441,105.746,17.624,70.497,105.746,35.249,44.061,6.609,44.061
2030,sc01,01-24 20:00:00+01:00,0.423,101.43,16.905,67.62,101.43,33.81,42.263,6.339,42.263
2030,sc01,01-24 21:00:00+01:00,0.404,96.979,16.163,64.653,96.979,32.326,40.408,6.061,40.408
2030,sc01,01-24 22:00:00+01:00,0.384,92.243,15.374,61.495,92.243,30.748,38.435,5.765,38.435
2030,sc01,01-24 23:00:00+01:00,0.365,87.532,14.589,58.355,87.532,29.177,36.472,5.471,36.472
2030,sc01,01-25 00:00:00+01:00,0.357,85.577,14.263,57.051,85.577,28.526,35.657,5.349,35.657
2030,sc01,01-25 01:00:00+01:00,0.349,83.74,13.957,55.826,83.74,27.913,34.891,5.234,34.891
2030,sc01,01-25 02:00:00+01:00,0.344,82.536,13.756,55.024,82.536,27.512,34.39,5.158,34.39
2030,sc01,01-25 03:00:00+01:00,0.346,83.041,13.84,55.36,83.041,27.68,34.6,5.19,34.6
2030,sc01,01-25 04:00:00+01:00,0.363,87.224,14.537,58.149,87.224,29.075,36.343,5.451,36.343
2030,sc01,01-25 05:00:00+01:00,0.396,95.022,15.837,63.348,95.022,31.674,39.592,5.939,39.592
2030,sc01,01-25 06:00:00+01:00,0.426,102.212,17.035,68.142,102.212,34.071,42.589,6.388,42.589
2030,sc01,01-25 07:00:00+01:00,0.444,106.667,17.778,71.111,106.667,35.556,44.444,6.667,44.444
2030,sc01,01-25 08:00:00+01:00,0.452,108.43,18.072,72.286,108.43,36.143,45.179,6.777,45.179
2030,sc01,01-25 09:00:00+01:00,0.456,109.417,18.236,72.945,109.417,36.472,45.59,6.839,45.59
2030,sc01,01-25 10:00:00+01:00,0.455,109.147,18.191,72.765,109.147,36.382,45.478,6.822,45.478
2030,sc01,01-25 11:00:00+01:00,0.451,108.123,18.021,72.082,108.123,36.041,45.051,6.758,45.051
2030,sc01,01-25 12:00:00+01:00,0.448,107.457,17.91,71.638,107.457,35.819,44.774,6.716,44.774
2030,sc01,01-25 13:00:00+01:00,0.443,106.294,17.716,70.863,106.294,35.431,44.289,6.643,44.289
2030,sc01,01-25 14:00:00+01:00,0.442,106.082,17.68,70.721,106.082,35.361,44.201,6.63,44.201
2030,sc01,01-25 15:00:00+01:00,0.45,107.888,17.981,71.925,107.888,35.963,44.953,6.743,44.953
2030,sc01,01-25 16:00:00+01:00,0.463,111.044,18.507,74.029,111.044,37.015,46.268,6.94,46.268
2030,sc01,01-25 17:00:00+01:00,0.471,112.977,18.829,75.318,112.977,37.659,47.074,7.061,47.074
2030,sc01,01-25 18:00:00+01:00,0.46,110.469,18.411,73.646,110.469,36.823,46.029,6.904,46.029
2030,sc01,01-25 19:00:00+01:00,0.446,106.977,17.829,71.318,106.977,35.659,44.574,6.686,44.574
2030,sc01,01-25 20:00:00+01:00,0.427,102.591,17.099,68.394,102.591,34.197,42.746,6.412,42.746
2030,sc01,01-25 21:00:00+01:00,0.411,98.527,16.421,65.684,98.527,32.842,41.053,6.158,41.053
2030,sc01,01-25 22:00:00+01:00,0.391,93.728,15.621,62.486,93.728,31.243,39.054,5.858,39.054
2030,sc01,01-25 23:00:00+01:00,0.37,88.8,14.8,59.2,88.8,29.6,37.0,5.55,37.0
2030,sc01,01-26 00:00:00+01:00,0.361,86.758,14.46,57.839,86.758,28.919,36.149,5.422,36.149
2030,sc01,01-26 01:00:00+01:00,0.353,84.749,14.125,56.499,84.749,28.25,35.312,5.297,35.312
2030,sc01,01-26 02:00:00+01:00,0.348,83.594,13.932,55.729,83.594,27.865,34.831,5.225,34.831
2030,sc01,01-26 03:00:00+01:00,0.351,84.137,14.023,56.092,84.137,28.046,35.057,5.259,35.057
2030,sc01,01-26 04:00:00+01:00,0.366,87.865,14.644,58.577,87.865,29.288,36.611,5.492,36.611
2030,sc01,01-26 05:00:00+01:00,0.398,95.544,15.924,63.696,95.544,31.848,39.81,5.971,39.81
2030,sc01,01-26 06:00:00+01:00,0.429,102.961,17.16,68.641,102.961,34.32,42.901,6.435,42.901
2030,sc01,01-26 07:00:00+01:00,0.448,107.475,17.912,71.65,107.475,35.825,44.781,6.717,44.781
2030,sc01,01-26 08:00:00+01:00,0.456,109.454,18.242,72.969,109.454,36.485,45.606,6.841,45.606
2030,sc01,01-26 09:00:00+01:00,0.46,110.317,18.386,73.545,110.317,36.772,45.966,6.895,45.966
2030,sc01,01-26 10:00:00+01:00,0.458,109.875,18.312,73.25,109.875,36.625,45.781,6.867,45.781
2030,sc01,01-26 11:00:00+01:00,0.451,108.255,18.043,72.17,108.255,36.085,45.106,6.766,45.106
2030,sc01,01-26 12:00:00+01:00,0.446,107.11,17.852,71.406,107.11,35.703,44.629,6.694,44.629
2030,sc01,01-26 13:00:00+01:00,0.44,105.626,17.604,70.417,105.626,35.209,44.011,6.602,44.011
2030,sc01,01-26 14:00:00+01:00,0.439,105.326,17.554,70.218,105.326,35.109,43.886,6.583,43.886
2030,sc01,01-26 15:00:00+01:00,0.445,106.681,17.78,71.121,106.681,35.56,44.45,6.668,44.45
2030,sc01,01-26 16:00:00+01:00,0.456,109.5,18.25,73.0,109.5,36.5,45.625,6.844,45.625
2030,sc01,01-26 17:00:00+01:00,0.463,111.049,18.508,74.033,111.049,37.016,46.271,6.941,46.271
2030,sc01,01-26 18:00:00+01:00,0.451,108.122,18.02,72.081,108.122,36.041,45.051,6.758,45.051
2030,sc01,01-26 19:00:00+01:00,0.435,104.307,17.384,69.538,104.307,34.769,43.461,6.519,43.461
2030,sc01,01-26 20:00:00+01:00,0.417,100.018,16.67,66.678,100.018,33.339,41.674,6.251,41.674
2030,sc01,01-26 21:00:00+01:00,0.403,96.76,16.127,64.507,96.76,32.253,40.317,6.048,40.317
2030,sc01,01-26 22:00:00+01:00,0.385,92.488,15.415,61.659,92.488,30.829,38.537,5.781,38.537
2030,sc01,01-26 23:00:00+01:00,0.365,87.621,14.604,58.414,87.621,29.207,36.509,5.476,36.509
2030,sc01,01-27 00:00:00+01:00,0.353,84.763,14.127,56.509,84.763,28.254,35.318,5.298,35.318
2030,sc01,01-27 01:00:00+01:00,0.344,82.518,13.753,55.012,82.518,27.506,34.382,5.157,34.382
2030,sc01,01-27 02:00:00+01:00,0.335,80.459,13.41,53.639,80.459,26.82,33.524,5.029,33.524
2030,sc01,01-27 03:00:00+01:00,0.33,79.264,13.211,52.842,79.264,26.421,33.027,4.954,33.027
2030,sc01,01-27 04:00:00+01:00,0.33,79.271,13.212,52.848,79.271,26.424,33.03,4.954,33.03
2030,sc01,01-27 05:00:00+01:00,0.342,82.116,13.686,54.744,82.116,27.372,34.215,5.132,34.215
2030,sc01,01-27 06:00:00+01:00,0.358,86.005,14.334,57.337,86.005,28.668,35.835,5.375,35.835
2030,sc01,01-27 07:00:00+01:00,0.375,89.968,14.995,59.979,89.968,29.989,37.487,5.623,37.487
2030,sc01,01-27 08:00:00+01:00,0.391,93.926,15.654,62.618,93.926,31.309,39.136,5.87,39.136
2030,sc01,01-27 09:00:00+01:00,0.401,96.137,16.023,64.091,96.137,32.046,40.057,6.009,40.057
2030,sc01,01-27 10:00:00+01:00,0.401,96.16,16.027,64.106,96.16,32.053,40.066,6.01,40.066
2030,sc01,01-27 11:00:00+01:00,0.396,95.1,15.85,63.4,95.1,31.7,39.625,5.944,39.625
2030,sc01,01-27 12:00:00+01:00,0.387,92.8,15.467,61.867,92.8,30.933,38.667,5.8,38.667
2030,sc01,01-27 13:00:00+01:00,0.38,91.184,15.197,60.789,91.184,30.395,37.993,5.699,37.993
2030,sc01,01-27 14:00:00+01:00,0.377,90.389,15.065,60.26,90.389,30.13,37.662,5.649,37.662
2030,sc01,01-27 15:00:00+01:00,0.385,92.361,15.394,61.574,92.361,30.787,38.484,5.773,38.484
2030,sc01,01-27 16:00:00+01:00,0.402,96.454,16.076,64.303,96.454,32.151,40.189,6.028,40.189
2030,sc01,01-27 17:00:00+01:00,0.415,99.576,16.596,66.384,99.576,33.192,41.49,6.224,41.49
2030,sc01,01-27 18:00:00+01:00,0.408,98.034,16.339,65.356,98.034,32.678,40.848,6.127,40.848
2030,sc01,01-27 19:00:00+01:00,0.397,95.375,15.896,63.583,95.375,31.792,39.739,5.961,39.739
2030,sc01,01-27 20:00:00+01:00,0.386,92.719,15.453,61.813,92.719,30.906,38.633,5.795,38.633
2030,sc01,01-27 21:00:00+01:00,0.375,89.977,14.996,59.985,89.977,29.992,37.49,5.624,37.49
2030,sc01,01-27 22:00:00+01:00,0.36,86.421,14.404,57.614,86.421,28.807,36.009,5.401,36.009
2030,sc01,01-27 23:00:00+01:00,0.342,82.15,13.692,54.767,82.15,27.383,34.229,5.134,34.229
2030,sc01,01-28 00:00:00+01:00,0.331,79.509,13.252,53.006,79.509,26.503,33.129,4.969,33.129
2030,sc01,01-28 01:00:00+01:00,0.322,77.339,12.89,51.559,77.339,25.78,32.224,4.834,32.224
2030,sc01,01-28 02:00:00+01:00,0.314,75.329,12.555,50.219,75.329,25.11,31.387,4.708,31.387
2030,sc01,01-28 03:00:00+01:00,0.309,74.061,12.343,49.374,74.061,24.687,30.859,4.629,30.859
2030,sc01,01-28 04:00:00+01:00,0.304,72.989,12.165,48.66,72.989,24.33,30.412,4.562,30.412
2030,sc01,01-28 05:00:00+01:00,0.308,73.996,12.333,49.331,73.996,24.665,30.832,4.625,30.832
2030,sc01,01-28 06:00:00+01:00,0.316,75.906,12.651,50.604,75.906,25.302,31.628,4.744,31.628
2030,sc01,01-28 07:00:00+01:00,0.329,79.039,13.173,52.693,79.039,26.346,32.933,4.94,32.933
2030,sc01,01-28 08:00:00+01:00,0.347,83.234,13.872,55.49,83.234,27.745,34.681,5.202,34.681
2030,sc01,01-28 09:00:00+01:00,0.361,86.744,14.457,57.83,86.744,28.915,36.144,5.422,36.144
2030,sc01,01-28 10:00:00+01:00,0.368,88.426,14.738,58.95,88.426,29.475,36.844,5.527,36.844
2030,sc01,01-28 11:00:00+01:00,0.369,88.534,14.756,59.022,88.534,29.511,36.889,5.533,36.889
2030,sc01,01-28 12:00:00+01:00,0.364,87.366,14.561,58.244,87.366,29.122,36.403,5.46,36.403
2030,sc01,01-28 13:00:00+01:00,0.359,86.064,14.344,57.376,86.064,28.688,35.86,5.379,35.86
2030,sc01,01-28 14:00:00+01:00,0.356,85.487,14.248,56.991,85.487,28.496,35.62,5.343,35.62
2030,sc01,01-28 15:00:00+01:00,0.365,87.694,14.616,58.462,87.694,29.231,36.539,5.481,36.539
2030,sc01,01-28 16:00:00+01:00,0.383,91.845,15.307,61.23,91.845,30.615,38.269,5.74,38.269
2030,sc01,01-28 17:00:00+01:00,0.398,95.544,15.924,63.696,95.544,31.848,39.81,5.971,39.81
2030,sc01,01-28 18:00:00+01:00,0.398,95.474,15.912,63.65,95.474,31.825,39.781,5.967,39.781
2030,sc01,01-28 19:00:00+01:00,0.391,93.847,15.641,62.564,93.847,31.282,39.103,5.865,39.103
2030,sc01,01-28 20:00:00+01:00,0.382,91.579,15.263,61.053,91.579,30.526,38.158,5.724,38.158
2030,sc01,01-28 21:00:00+01:00,0.369,88.622,14.77,59.081,88.622,29.541,36.926,5.539,36.926
2030,sc01,01-28 22:00:00+01:00,0.353,84.651,14.109,56.434,84.651,28.217,35.271,5.291,35.271
2030,sc01,01-28 23:00:00+01:00,0.336,80.568,13.428,53.712,80.568,26.856,33.57,5.036,33.57
2030,sc01,01-29 00:00:00+01:00,0.327,78.554,13.092,52.369,78.554,26.185,32.731,4.91,32.731
2030,sc01,01-29 01:00:00+01:00,0.321,77.131,12.855,51.421,77.131,25.71,32.138,4.821,32.138
2030,sc01,01-29 02:00:00+01:00,0.318,76.27,12.712,50.847,76.27,25.423,31.779,4.767,31.779
2030,sc01,01-29 03:00:00+01:00,0.322,77.172,12.862,51.448,77.172,25.724,32.155,4.823,32.155
2030,sc01,01-29 04:00:00+01:00,0.342,82.097,13.683,54.731,82.097,27.366,34.207,5.131,34.207
2030,sc01,01-29 05:00:00+01:00,0.379,90.941,15.157,60.627,90.941,30.314,37.892,5.684,37.892
2030,sc01,01-29 06:00:00+01:00,0.413,99.096,16.516,66.064,99.096,33.032,41.29,6.194,41.29
2030,sc01,01-29 07:00:00+01:00,0.435,104.495,17.416,69.663,104.495,34.832,43.54,6.531,43.54
2030,sc01,01-29 08:00:00+01:00,0.444,106.663,17.777,71.108,106.663,35.554,44.443,6.666,44.443
2030,sc01,01-29 09:00:00+01:00,0.449,107.718,17.953,71.812,107.718,35.906,44.882,6.732,44.882
2030,sc01,01-29 10:00:00+01:00,0.447,107.266,17.878,71.511,107.266,35.755,44.694,6.704,44.694
2030,sc01,01-29 11:00:00+01:00,0.443,106.229,17.705,70.819,106.229,35.41,44.262,6.639,44.262
2030,sc01,01-29 12:00:00+01:00,0.439,105.392,17.565,70.261,105.392,35.131,43.913,6.587,43.913
2030,sc01,01-29 13:00:00+01:00,0.434,104.258,17.376,69.505,104.258,34.753,43.441,6.516,43.441
2030,sc01,01-29 14:00:00+01:00,0.432,103.631,17.272,69.087,103.631,34.544,43.18,6.477,43.18
2030,sc01,01-29 15:00:00+01:00,0.437,104.987,17.498,69.991,104.987,34.996,43.744,6.562,43.744
2030,sc01,01-29 16:00:00+01:00,0.451,108.224,18.037,72.149,108.224,36.075,45.093,6.764,45.093
2030,sc01,01-29 17:00:00+01:00,0.46,110.418,18.403,73.612,110.418,36.806,46.008,6.901,46.008
2030,sc01,01-29 18:00:00+01:00,0.449,107.663,17.944,71.775,107.663,35.888,44.86,6.729,44.86
2030,sc01,01-29 19:00:00+01:00,0.432,103.755,17.293,69.17,103.755,34.585,43.231,6.485,43.231
2030,sc01,01-29 20:00:00+01:00,0.412,98.98,16.497,65.987,98.98,32.993,41.242,6.186,41.242
2030,sc01,01-29 21:00:00+01:00,0.393,94.289,15.715,62.859,94.289,31.43,39.287,5.893,39.287
2030,sc01,01-29 22:00:00+01:00,0.372,89.344,14.891,59.563,89.344,29.781,37.227,5.584,37.227
2030,sc01,01-29 23:00:00+01:00,0.353,84.724,14.121,56.483,84.724,28.241,35.302,5.295,35.302
2030,sc01,01-30 00:00:00+01:00,0.343,82.35,13.725,54.9,82.35,27.45,34.312,5.147,34.312
2030,sc01,01-30 01:00:00+01:00,0.337,80.861,13.477,53.907,80.861,26.954,33.692,5.054,33.692
2030,sc01,01-30 02:00:00+01:00,0.333,80.005,13.334,53.337,80.005,26.668,33.335,5.0,33.335
2030,sc01,01-30 03:00:00+01:00,0.335,80.474,13.412,53.649,80.474,26.825,33.531,5.03,33.531
2030,sc01,01-30 04:00:00+01:00,0.353,84.723,14.121,56.482,84.723,28.241,35.301,5.295,35.301
2030,sc01,01-30 05:00:00+01:00,0.387,92.836,15.473,61.891,92.836,30.945,38.682,5.802,38.682
2030,sc01,01-30 06:00:00+01:00,0.418,100.378,16.73,66.919,100.378,33.459,41.824,6.274,41.824
2030,sc01,01-30 07:00:00+01:00,0.437,104.95,17.492,69.967,104.95,34.983,43.729,6.559,43.729
2030,sc01,01-30 08:00:00+01:00,0.445,106.709,17.785,71.139,106.709,35.57,44.462,6.669,44.462
2030,sc01,01-30 09:00:00+01:00,0.448,107.434,17.906,71.623,107.434,35.811,44.764,6.715,44.764
2030,sc01,01-30 10:00:00+01:00,0.446,107.028,17.838,71.352,107.028,35.676,44.595,6.689,44.595
2030,sc01,01-30 11:00:00+01:00,0.44,105.612,17.602,70.408,105.612,35.204,44.005,6.601,44.005
2030,sc01,01-30 12:00:00+01:00,0.437,104.841,17.473,69.894,104.841,34.947,43.684,6.553,43.684
2030,sc01,01-30 13:00:00+01:00,0.432,103.604,17.267,69.069,103.604,34.535,43.168,6.475,43.168
2030,sc01,01-30 14:00:00+01:00,0.43,103.254,17.209,68.836,103.254,34.418,43.022,6.453,43.022
2030,sc01,01-30 15:00:00+01:00,0.436,104.65,17.442,69.766,104.65,34.883,43.604,6.541,43.604
2030,sc01,01-30 16:00:00+01:00,0.451,108.147,18.025,72.098,108.147,36.049,45.061,6.759,45.061
2030,sc01,01-30 17:00:00+01:00,0.459,110.125,18.354,73.417,110.125,36.708,45.885,6.883,45.885
2030,sc01,01-30 18:00:00+01:00,0.447,107.302,17.884,71.534,107.302,35.767,44.709,6.706,44.709
2030,sc01,01-30 19:00:00+01:00,0.431,103.325,17.221,68.883,103.325,34.442,43.052,6.458,43.052
2030,sc01,01-30 20:00:00+01:00,0.412,98.774,16.462,65.849,98.774,32.925,41.156,6.173,41.156
2030,sc01,01-30 21:00:00+01:00,0.392,94.189,15.698,62.793,94.189,31.396,39.246,5.887,39.246
2030,sc01,01-30 22:00:00+01:00,0.37,88.866,14.811,59.244,88.866,29.622,37.028,5.554,37.028
2030,sc01,01-30 23:00:00+01:00,0.35,84.028,14.005,56.019,84.028,28.009,35.012,5.252,35.012
2030,sc01,01-31 00:00:00+01:00,0.34,81.518,13.586,54.345,81.518,27.173,33.966,5.095,33.966
2030,sc01,01-31 01:00:00+01:00,0.333,79.908,13.318,53.272,79.908,26.636,33.295,4.994,33.295
2030,sc01,01-31 02:00:00+01:00,0.329,78.97,13.162,52.647,78.97,26.323,32.904,4.936,32.904
2030,sc01,01-31 03:00:00+01:00,0.332,79.635,13.273,53.09,79.635,26.545,33.181,4.977,33.181
2030,sc01,01-31 04:00:00+01:00,0.35,83.905,13.984,55.937,83.905,27.968,34.961,5.244,34.961
2030,sc01,01-31 05:00:00+01:00,0.382,91.66,15.277,61.106,91.66,30.553,38.191,5.729,38.191
2030,sc01,01-31 06:00:00+01:00,0.413,99.171,16.529,66.114,99.171,33.057,41.321,6.198,41.321
2030,sc01,01-31 07:00:00+01:00,0.434,104.16,17.36,69.44,104.16,34.72,43.4,6.51,43.4
2030,sc01,01-31 08:00:00+01:00,0.441,105.901,17.65,70.601,105.901,35.3,44.126,6.619,44.126
2030,sc01,01-31 09:00:00+01:00,0.443,106.382,17.73,70.922,106.382,35.461,44.326,6.649,44.326
2030,sc01,01-31 10:00:00+01:00,0.444,106.478,17.746,70.985,106.478,35.493,44.366,6.655,44.366
2030,sc01,01-31 11:00:00+01:00,0.438,105.198,17.533,70.132,105.198,35.066,43.832,6.575,43.832
2030,sc01,01-31 12:00:00+01:00,0.435,104.411,17.402,69.607,104.411,34.804,43.505,6.526,43.505
2030,sc01,01-31 13:00:00+01:00,0.431,103.347,17.225,68.898,103.347,34.449,43.061,6.459,43.061
2030,sc01,01-31 14:00:00+01:00,0.428,102.828,17.138,68.552,102.828,34.276,42.845,6.427,42.845
2030,sc01,01-31 15:00:00+01:00,0.434,104.136,17.356,69.424,104.136,34.712,43.39,6.508,43.39
2030,sc01,01-31 16:00:00+01:00,0.448,107.458,17.91,71.639,107.458,35.819,44.774,6.716,44.774
2030,sc01,01-31 17:00:00+01:00,0.459,110.064,18.344,73.376,110.064,36.688,45.86,6.879,45.86
2030,sc01,01-31 18:00:00+01:00,0.447,107.374,17.896,71.583,107.374,35.791,44.739,6.711,44.739
2030,sc01,01-31 19:00:00+01:00,0.433,103.852,17.309,69.235,103.852,34.617,43.272,6.491,43.272
2030,sc01,01-31 20:00:00+01:00,0.414,99.343,16.557,66.229,99.343,33.114,41.393,6.209,41.393
2030,sc01,01-31 21:00:00+01:00,0.395,94.856,15.809,63.238,94.856,31.619,39.523,5.929,39.523
2030,sc01,01-31 22:00:00+01:00,0.37,88.714,14.786,59.142,88.714,29.571,36.964,5.545,36.964
2030,sc01,01-31 23:00:00+01:00,0.351,84.174,14.029,56.116,84.174,28.058,35.073,5.261,35.073
2030,sc01,02-01 00:00:00+01:00,0.339,81.466,13.578,54.311,81.466,27.155,33.944,5.092,33.944
2030,sc01,02-01 01:00:00+01:00,0.332,79.699,13.283,53.132,79.699,26.566,33.208,4.981,33.208
2030,sc01,02-01 02:00:00+01:00,0.327,78.588,13.098,52.392,78.588,26.196,32.745,4.912,32.745
2030,sc01,02-01 03:00:00+01:00,0.33,79.178,13.196,52.785,79.178,26.393,32.991,4.949,32.991
2030,sc01,02-01 04:00:00+01:00,0.346,83.023,13.837,55.349,83.023,27.674,34.593,5.189,34.593
2030,sc01,02-01 05:00:00+01:00,0.38,91.207,15.201,60.804,91.207,30.402,38.003,5.7,38.003
2030,sc01,02-01 06:00:00+01:00,0.411,98.708,16.451,65.805,98.708,32.903,41.128,6.169,41.128
2030,sc01,02-01 07:00:00+01:00,0.43,103.21,17.202,68.807,103.21,34.403,43.004,6.451,43.004
2030,sc01,02-01 08:00:00+01:00,0.437,104.838,17.473,69.892,104.838,34.946,43.683,6.552,43.683
2030,sc01,02-01 09:00:00+01:00,0.44,105.709,17.618,70.473,105.709,35.236,44.045,6.607,44.045
2030,sc01,02-01 10:00:00+01:00,0.438,105.236,17.539,70.157,105.236,35.079,43.848,6.577,43.848
2030,sc01,02-01 11:00:00+01:00,0.432,103.63,17.272,69.087,103.63,34.543,43.179,6.477,43.179
2030,sc01,02-01 12:00:00+01:00,0.429,103.028,17.171,68.686,103.028,34.343,42.928,6.439,42.928
2030,sc01,02-01 13:00:00+01:00,0.425,102.0,17.0,68.0,102.0,34.0,42.5,6.375,42.5
2030,sc01,02-01 14:00:00+01:00,0.423,101.551,16.925,67.7,101.551,33.85,42.313,6.347,42.313
2030,sc01,02-01 15:00:00+01:00,0.427,102.571,17.095,68.381,102.571,34.19,42.738,6.411,42.738
2030,sc01,02-01 16:00:00+01:00,0.441,105.789,17.632,70.526,105.789,35.263,44.079,6.612,44.079
2030,sc01,02-01 17:00:00+01:00,0.45,107.996,17.999,71.997,107.996,35.999,44.998,6.75,44.998
2030,sc01,02-01 18:00:00+01:00,0.44,105.648,17.608,70.432,105.648,35.216,44.02,6.603,44.02
2030,sc01,02-01 19:00:00+01:00,0.426,102.124,17.021,68.082,102.124,34.041,42.552,6.383,42.552
2030,sc01,02-01 20:00:00+01:00,0.408,97.834,16.306,65.222,97.834,32.611,40.764,6.115,40.764
2030,sc01,02-01 21:00:00+01:00,0.39,93.497,15.583,62.331,93.497,31.166,38.957,5.844,38.957
2030,sc01,02-01 22:00:00+01:00,0.368,88.355,14.726,58.903,88.355,29.452,36.815,5.522,36.815
2030,sc01,02-01 23:00:00+01:00,0.347,83.316,13.886,55.544,83.316,27.772,34.715,5.207,34.715
2030,sc01,02-02 00:00:00+01:00,0.336,80.651,13.442,53.767,80.651,26.884,33.604,5.041,33.604
2030,sc01,02-02 01:00:00+01:00,0.328,78.824,13.137,52.549,78.824,26.275,32.843,4.926,32.843
2030,sc01,02-02 02:00:00+01:00,0.323,77.637,12.939,51.758,77.637,25.879,32.349,4.852,32.349
2030,sc01,02-02 03:00:00+01:00,0.326,78.137,13.023,52.091,78.137,26.046,32.557,4.884,32.557
2030,sc01,02-02 04:00:00+01:00,0.343,82.297,13.716,54.864,82.297,27.432,34.29,5.144,34.29
2030,sc01,02-02 05:00:00+01:00,0.375,89.892,14.982,59.928,89.892,29.964,37.455,5.618,37.455
2030,sc01,02-02 06:00:00+01:00,0.405,97.313,16.219,64.875,97.313,32.438,40.547,6.082,40.547
2030,sc01,02-02 07:00:00+01:00,0.425,101.943,16.991,67.962,101.943,33.981,42.476,6.371,42.476
2030,sc01,02-02 08:00:00+01:00,0.432,103.712,17.285,69.141,103.712,34.571,43.213,6.482,43.213
2030,sc01,02-02 09:00:00+01:00,0.435,104.433,17.406,69.622,104.433,34.811,43.514,6.527,43.514
2030,sc01,02-02 10:00:00+01:00,0.434,104.088,17.348,69.392,104.088,34.696,43.37,6.505,43.37
2030,sc01,02-02 11:00:00+01:00,0.426,102.281,17.047,68.187,102.281,34.094,42.617,6.393,42.617
2030,sc01,02-02 12:00:00+01:00,0.422,101.207,16.868,67.471,101.207,33.736,42.17,6.325,42.17
2030,sc01,02-02 13:00:00+01:00,0.416,99.95,16.658,66.633,99.95,33.317,41.646,6.247,41.646
2030,sc01,02-02 14:00:00+01:00,0.414,99.308,16.551,66.205,99.308,33.103,41.378,6.207,41.378
2030,sc01,02-02 15:00:00+01:00,0.416,99.77,16.628,66.513,99.77,33.257,41.571,6.236,41.571
2030,sc01,02-02 16:00:00+01:00,0.429,102.851,17.142,68.567,102.851,34.284,42.855,6.428,42.855
2030,sc01,02-02 17:00:00+01:00,0.437,104.903,17.484,69.935,104.903,34.968,43.709,6.556,43.709
2030,sc01,02-02 18:00:00+01:00,0.427,102.413,17.069,68.276,102.413,34.138,42.672,6.401,42.672
2030,sc01,02-02 19:00:00+01:00,0.412,98.771,16.462,65.847,98.771,32.924,41.155,6.173,41.155
2030,sc01,02-02 20:00:00+01:00,0.395,94.684,15.781,63.123,94.684,31.561,39.452,5.918,39.452
2030,sc01,02-02 21:00:00+01:00,0.377,90.592,15.099,60.395,90.592,30.197,37.747,5.662,37.747
2030,sc01,02-02 22:00:00+01:00,0.36,86.296,14.383,57.53,86.296,28.765,35.956,5.393,35.956
2030,sc01,02-02 23:00:00+01:00,0.34,81.636,13.606,54.424,81.636,27.212,34.015,5.102,34.015
2030,sc01,02-03 00:00:00+01:00,0.329,79.01,13.168,52.673,79.01,26.337,32.921,4.938,32.921
2030,sc01,02-03 01:00:00+01:00,0.319,76.677,12.779,51.118,76.677,25.559,31.949,4.792,31.949
2030,sc01,02-03 02:00:00+01:00,0.312,74.86,12.477,49.906,74.86,24.953,31.192,4.679,31.192
2030,sc01,02-03 03:00:00+01:00,0.309,74.144,12.357,49.43,74.144,24.715,30.893,4.634,30.893
2030,sc01,02-03 04:00:00+01:00,0.31,74.504,12.417,49.67,74.504,24.835,31.043,4.657,31.043
2030,sc01,02-03 05:00:00+01:00,0.323,77.468,12.911,51.646,77.468,25.823,32.278,4.842,32.278
2030,sc01,02-03 06:00:00+01:00,0.34,81.574,13.596,54.383,81.574,27.191,33.989,5.098,33.989
2030,sc01,02-03 07:00:00+01:00,0.356,85.396,14.233,56.93,85.396,28.465,35.582,5.337,35.582
2030,sc01,02-03 08:00:00+01:00,0.37,88.832,14.805,59.221,88.832,29.611,37.013,5.552,37.013
2030,sc01,02-03 09:00:00+01:00,0.379,90.937,15.156,60.625,90.937,30.312,37.891,5.684,37.891
2030,sc01,02-03 10:00:00+01:00,0.379,90.899,15.15,60.599,90.899,30.3,37.875,5.681,37.875
2030,sc01,02-03 11:00:00+01:00,0.373,89.435,14.906,59.624,89.435,29.812,37.265,5.59,37.265
2030,sc01,02-03 12:00:00+01:00,0.364,87.414,14.569,58.276,87.414,29.138,36.423,5.463,36.423
2030,sc01,02-03 13:00:00+01:00,0.357,85.74,14.29,57.16,85.74,28.58,35.725,5.359,35.725
2030,sc01,02-03 14:00:00+01:00,0.353,84.642,14.107,56.428,84.642,28.214,35.267,5.29,35.267
2030,sc01,02-03 15:00:00+01:00,0.36,86.326,14.388,57.55,86.326,28.775,35.969,5.395,35.969
2030,sc01,02-03 16:00:00+01:00,0.377,90.514,15.086,60.343,90.514,30.171,37.714,5.657,37.714
2030,sc01,02-03 17:00:00+01:00,0.394,94.611,15.769,63.074,94.611,31.537,39.421,5.913,39.421
2030,sc01,02-03 18:00:00+01:00,0.39,93.552,15.592,62.368,93.552,31.184,38.98,5.847,38.98
2030,sc01,02-03 19:00:00+01:00,0.377,90.541,15.09,60.361,90.541,30.18,37.725,5.659,37.725
2030,sc01,02-03 20:00:00+01:00,0.366,87.756,14.626,58.504,87.756,29.252,36.565,5.485,36.565
2030,sc01,02-03 21:00:00+01:00,0.354,84.946,14.158,56.631,84.946,28.315,35.394,5.309,35.394
2030,sc01,02-03 22:00:00+01:00,0.339,81.411,13.569,54.274,81.411,27.137,33.921,5.088,33.921
2030,sc01,02-03 23:00:00+01:00,0.323,77.473,12.912,51.649,77.473,25.824,32.28,4.842,32.28
2030,sc01,02-04 00:00:00+01:00,0.313,75.089,12.515,50.059,75.089,25.03,31.287,4.693,31.287
2030,sc01,02-04 01:00:00+01:00,0.304,72.912,12.152,48.608,72.912,24.304,30.38,4.557,30.38
2030,sc01,02-04 02:00:00+01:00,0.294,70.516,11.753,47.011,70.516,23.505,29.382,4.407,29.382
2030,sc01,02-04 03:00:00+01:00,0.289,69.321,11.554,46.214,69.321,23.107,28.884,4.333,28.884
2030,sc01,02-04 04:00:00+01:00,0.288,69.095,11.516,46.064,69.095,23.032,28.79,4.318,28.79
2030,sc01,02-04 05:00:00+01:00,0.292,70.123,11.687,46.748,70.123,23.374,29.218,4.383,29.218
2030,sc01,02-04 06:00:00+01:00,0.301,72.133,12.022,48.089,72.133,24.044,30.055,4.508,30.055
2030,sc01,02-04 07:00:00+01:00,0.313,75.225,12.537,50.15,75.225,25.075,31.344,4.702,31.344
2030,sc01,02-04 08:00:00+01:00,0.33,79.095,13.182,52.73,79.095,26.365,32.956,4.943,32.956
2030,sc01,02-04 09:00:00+01:00,0.342,82.163,13.694,54.775,82.163,27.388,34.235,5.135,34.235
2030,sc01,02-04 10:00:00+01:00,0.347,83.367,13.894,55.578,83.367,27.789,34.736,5.21,34.736
2030,sc01,02-04 11:00:00+01:00,0.346,83.121,13.853,55.414,83.121,27.707,34.634,5.195,34.634
2030,sc01,02-04 12:00:00+01:00,0.339,81.432,13.572,54.288,81.432,27.144,33.93,5.089,33.93
2030,sc01,02-04 13:00:00+01:00,0.332,79.708,13.285,53.139,79.708,26.569,33.212,4.982,33.212
2030,sc01,02-04 14:00:00+01:00,0.328,78.83,13.138,52.553,78.83,26.277,32.846,4.927,32.846
2030,sc01,02-04 15:00:00+01:00,0.336,80.547,13.424,53.698,80.547,26.849,33.561,5.034,33.561
2030,sc01,02-04 16:00:00+01:00,0.357,85.734,14.289,57.156,85.734,28.578,35.722,5.358,35.722
2030,sc01,02-04 17:00:00+01:00,0.379,91.027,15.171,60.684,91.027,30.342,37.928,5.689,37.928
2030,sc01,02-04 18:00:00+01:00,0.381,91.385,15.231,60.923,91.385,30.462,38.077,5.712,38.077
2030,sc01,02-04 19:00:00+01:00,0.375,90.115,15.019,60.077,90.115,30.038,37.548,5.632,37.548
2030,sc01,02-04 20:00:00+01:00,0.367,88.112,14.685,58.741,88.112,29.371,36.713,5.507,36.713
2030,sc01,02-04 21:00:00+01:00,0.356,85.409,14.235,56.94,85.409,28.47,35.587,5.338,35.587
2030,sc01,02-04 22:00:00+01:00,0.34,81.513,13.585,54.342,81.513,27.171,33.964,5.095,33.964
2030,sc01,02-04 23:00:00+01:00,0.324,77.696,12.949,51.797,77.696,25.899,32.373,4.856,32.373
2030,sc01,02-05 00:00:00+01:00,0.316,75.878,12.646,50.586,75.878,25.293,31.616,4.742,31.616
2030,sc01,02-05 01:00:00+01:00,0.31,74.49,12.415,49.66,74.49,24.83,31.038,4.656,31.038
2030,sc01,02-05 02:00:00+01:00,0.307,73.567,12.261,49.045,73.567,24.522,30.653,4.598,30.653
2030,sc01,02-05 03:00:00+01:00,0.311,74.681,12.447,49.788,74.681,24.894,31.117,4.668,31.117
2030,sc01,02-05 04:00:00+01:00,0.332,79.565,13.261,53.043,79.565,26.522,33.152,4.973,33.152
2030,sc01,02-05 05:00:00+01:00,0.367,87.983,14.664,58.655,87.983,29.328,36.66,5.499,36.66
2030,sc01,02-05 06:00:00+01:00,0.398,95.555,15.926,63.703,95.555,31.852,39.815,5.972,39.815
2030,sc01,02-05 07:00:00+01:00,0.42,100.909,16.818,67.273,100.909,33.636,42.045,6.307,42.045
2030,sc01,02-05 08:00:00+01:00,0.43,103.172,17.195,68.781,103.172,34.391,42.988,6.448,42.988
2030,sc01,02-05 09:00:00+01:00,0.435,104.468,17.411,69.645,104.468,34.823,43.528,6.529,43.528
2030,sc01,02-05 10:00:00+01:00,0.434,104.248,17.375,69.499,104.248,34.749,43.437,6.515,43.437
2030,sc01,02-05 11:00:00+01:00,0.429,102.921,17.154,68.614,102.921,34.307,42.884,6.433,42.884
2030,sc01,02-05 12:00:00+01:00,0.427,102.483,17.08,68.322,102.483,34.161,42.701,6.405,42.701
2030,sc01,02-05 13:00:00+01:00,0.422,101.292,16.882,67.528,101.292,33.764,42.205,6.331,42.205
2030,sc01,02-05 14:00:00+01:00,0.419,100.656,16.776,67.104,100.656,33.552,41.94,6.291,41.94
2030,sc01,02-05 15:00:00+01:00,0.424,101.781,16.963,67.854,101.781,33.927,42.409,6.361,42.409
2030,sc01,02-05 16:00:00+01:00,0.437,104.998,17.5,69.998,104.998,34.999,43.749,6.562,43.749
2030,sc01,02-05 17:00:00+01:00,0.447,107.334,17.889,71.556,107.334,35.778,44.722,6.708,44.722
2030,sc01,02-05 18:00:00+01:00,0.438,105.19,17.532,70.127,105.19,35.063,43.829,6.574,43.829
2030,sc01,02-05 19:00:00+01:00,0.423,101.587,16.931,67.724,101.587,33.862,42.328,6.349,42.328
2030,sc01,02-05 20:00:00+01:00,0.406,97.349,16.225,64.899,97.349,32.45,40.562,6.084,40.562
2030,sc01,02-05 21:00:00+01:00,0.386,92.631,15.438,61.754,92.631,30.877,38.596,5.789,38.596
2030,sc01,02-05 22:00:00+01:00,0.366,87.735,14.623,58.49,87.735,29.245,36.556,5.483,36.556
2030,sc01,02-05 23:00:00+01:00,0.347,83.338,13.89,55.559,83.338,27.779,34.724,5.209,34.724
2030,sc01,02-06 00:00:00+01:00,0.339,81.444,13.574,54.296,81.444,27.148,33.935,5.09,33.935
2030,sc01,02-06 01:00:00+01:00,0.332,79.793,13.299,53.195,79.793,26.598,33.247,4.987,33.247
2030,sc01,02-06 02:00:00+01:00,0.329,78.897,13.149,52.598,78.897,26.299,32.874,4.931,32.874
2030,sc01,02-06 03:00:00+01:00,0.332,79.624,13.271,53.083,79.624,26.541,33.177,4.977,33.177
2030,sc01,02-06 04:00:00+01:00,0.349,83.818,13.97,55.879,83.818,27.939,34.924,5.239,34.924
2030,sc01,02-06 05:00:00+01:00,0.381,91.435,15.239,60.957,91.435,30.478,38.098,5.715,38.098
2030,sc01,02-06 06:00:00+01:00,0.412,98.89,16.482,65.926,98.89,32.963,41.204,6.181,41.204
2030,sc01,02-06 07:00:00+01:00,0.43,103.144,17.191,68.763,103.144,34.381,42.977,6.447,42.977
2030,sc01,02-06 08:00:00+01:00,0.438,105.184,17.531,70.123,105.184,35.061,43.827,6.574,43.827
2030,sc01,02-06 09:00:00+01:00,0.442,106.148,17.691,70.765,106.148,35.383,44.228,6.634,44.228
2030,sc01,02-06 10:00:00+01:00,0.441,105.837,17.64,70.558,105.837,35.279,44.099,6.615,44.099
2030,sc01,02-06 11:00:00+01:00,0.434,104.276,17.379,69.517,104.276,34.759,43.448,6.517,43.448
2030,sc01,02-06 12:00:00+01:00,0.432,103.707,17.284,69.138,103.707,34.569,43.211,6.482,43.211
2030,sc01,02-06 13:00:00+01:00,0.428,102.802,17.134,68.535,102.802,34.267,42.834,6.425,42.834
2030,sc01,02-06 14:00:00+01:00,0.427,102.368,17.061,68.246,102.368,34.123,42.653,6.398,42.653
2030,sc01,02-06 15:00:00+01:00,0.43,103.177,17.196,68.784,103.177,34.392,42.99,6.449,42.99
2030,sc01,02-06 16:00:00+01:00,0.443,106.228,17.705,70.819,106.228,35.409,44.262,6.639,44.262
2030,sc01,02-06 17:00:00+01:00,0.452,108.519,18.087,72.346,108.519,36.173,45.216,6.782,45.216
2030,sc01,02-06 18:00:00+01:00,0.444,106.522,17.754,71.015,106.522,35.507,44.384,6.658,44.384
2030,sc01,02-06 19:00:00+01:00,0.43,103.1,17.183,68.733,103.1,34.367,42.958,6.444,42.958
2030,sc01,02-06 20:00:00+01:00,0.412,98.885,16.481,65.924,98.885,32.962,41.202,6.18,41.202
2030,sc01,02-06 21:00:00+01:00,0.393,94.4,15.733,62.934,94.4,31.467,39.333,5.9,39.333
2030,sc01,02-06 22:00:00+01:00,0.374,89.71,14.952,59.807,89.71,29.903,37.379,5.607,37.379
2030,sc01,02-06 23:00:00+01:00,0.355,85.105,14.184,56.737,85.105,28.368,35.46,5.319,35.46
2030,sc01,02-07 00:00:00+01:00,0.346,83.135,13.856,55.424,83.135,27.712,34.64,5.196,34.64
2030,sc01,02-07 01:00:00+01:00,0.339,81.472,13.579,54.314,81.472,27.157,33.947,5.092,33.947
2030,sc01,02-07 02:00:00+01:00,0.335,80.428,13.405,53.619,80.428,26.809,33.512,5.027,33.512
2030,sc01,02-07 03:00:00+01:00,0.337,80.995,13.499,53.996,80.995,26.998,33.748,5.062,33.748
2030,sc01,02-07 04:00:00+01:00,0.355,85.259,14.21,56.84,85.259,28.42,35.525,5.329,35.525
2030,sc01,02-07 05:00:00+01:00,0.386,92.673,15.445,61.782,92.673,30.891,38.614,5.792,38.614
2030,sc01,02-07 06:00:00+01:00,0.417,100.111,16.685,66.741,100.111,33.37,41.713,6.257,41.713
2030,sc01,02-07 07:00:00+01:00,0.436,104.628,17.438,69.752,104.628,34.876,43.595,6.539,43.595
2030,sc01,02-07 08:00:00+01:00,0.444,106.604,17.767,71.07,106.604,35.535,44.419,6.663,44.419
2030,sc01,02-07 09:00:00+01:00,0.448,107.621,17.937,71.748,107.621,35.874,44.842,6.726,44.842
2030,sc01,02-07 10:00:00+01:00,0.447,107.362,17.894,71.575,107.362,35.787,44.734,6.71,44.734
2030,sc01,02-07 11:00:00+01:00,0.441,105.783,17.63,70.522,105.783,35.261,44.076,6.611,44.076
2030,sc01,02-07 12:00:00+01:00,0.438,105.125,17.521,70.083,105.125,35.042,43.802,6.57,43.802
2030,sc01,02-07 13:00:00+01:00,0.434,104.045,17.341,69.364,104.045,34.682,43.352,6.503,43.352
2030,sc01,02-07 14:00:00+01:00,0.43,103.28,17.213,68.853,103.28,34.427,43.033,6.455,43.033
2030,sc01,02-07 15:00:00+01:00,0.434,104.088,17.348,69.392,104.088,34.696,43.37,6.505,43.37
2030,sc01,02-07 16:00:00+01:00,0.445,106.843,17.807,71.229,106.843,35.614,44.518,6.678,44.518
2030,sc01,02-07 17:00:00+01:00,0.456,109.342,18.224,72.895,109.342,36.447,45.559,6.834,45.559
2030,sc01,02-07 18:00:00+01:00,0.448,107.474,17.912,71.65,107.474,35.825,44.781,6.717,44.781
2030,sc01,02-07 19:00:00+01:00,0.434,104.065,17.344,69.376,104.065,34.688,43.36,6.504,43.36
2030,sc01,02-07 20:00:00+01:00,0.415,99.681,16.614,66.454,99.681,33.227,41.534,6.23,41.534
2030,sc01,02-07 21:00:00+01:00,0.397,95.336,15.889,63.557,95.336,31.779,39.723,5.958,39.723
2030,sc01,02-07 22:00:00+01:00,0.375,89.955,14.992,59.97,89.955,29.985,37.481,5.622,37.481
2030,sc01,02-07 23:00:00+01:00,0.356,85.428,14.238,56.952,85.428,28.476,35.595,5.339,35.595
2030,sc01,02-08 00:00:00+01:00,0.346,83.119,13.853,55.412,83.119,27.706,34.633,5.195,34.633
2030,sc01,02-08 01:00:00+01:00,0.339,81.392,13.565,54.261,81.392,27.131,33.913,5.087,33.913
2030,sc01,02-08 02:00:00+01:00,0.335,80.326,13.388,53.551,80.326,26.775,33.469,5.02,33.469
2030,sc01,02-08 03:00:00+01:00,0.337,80.908,13.485,53.938,80.908,26.969,33.711,5.057,33.711
2030,sc01,02-08 04:00:00+01:00,0.353,84.816,14.136,56.544,84.816,28.272,35.34,5.301,35.34
2030,sc01,02-08 05:00:00+01:00,0.383,91.937,15.323,61.291,91.937,30.646,38.307,5.746,38.307
2030,sc01,02-08 06:00:00+01:00,0.413,99.169,16.528,66.113,99.169,33.056,41.32,6.198,41.32
2030,sc01,02-08 07:00:00+01:00,0.432,103.669,17.278,69.113,103.669,34.556,43.195,6.479,43.195
2030,sc01,02-08 08:00:00+01:00,0.44,105.68,17.613,70.453,105.68,35.227,44.033,6.605,44.033
2030,sc01,02-08 09:00:00+01:00,0.445,106.879,17.813,71.253,106.879,35.626,44.533,6.68,44.533
2030,sc01,02-08 10:00:00+01:00,0.445,106.747,17.791,71.164,106.747,35.582,44.478,6.672,44.478
2030,sc01,02-08 11:00:00+01:00,0.44,105.486,17.581,70.324,105.486,35.162,43.953,6.593,43.953
2030,sc01,02-08 12:00:00+01:00,0.437,104.839,17.473,69.893,104.839,34.946,43.683,6.552,43.683
2030,sc01,02-08 13:00:00+01:00,0.432,103.762,17.294,69.175,103.762,34.587,43.234,6.485,43.234
2030,sc01,02-08 14:00:00+01:00,0.429,102.976,17.163,68.651,102.976,34.325,42.907,6.436,42.907
2030,sc01,02-08 15:00:00+01:00,0.433,103.846,17.308,69.231,103.846,34.615,43.269,6.49,43.269
2030,sc01,02-08 16:00:00+01:00,0.445,106.857,17.809,71.238,106.857,35.619,44.524,6.679,44.524
2030,sc01,02-08 17:00:00+01:00,0.454,108.844,18.141,72.563,108.844,36.281,45.352,6.803,45.352
2030,sc01,02-08 18:00:00+01:00,0.445,106.901,17.817,71.267,106.901,35.634,44.542,6.681,44.542
2030,sc01,02-08 19:00:00+01:00,0.43,103.185,17.197,68.79,103.185,34.395,42.994,6.449,42.994
2030,sc01,02-08 20:00:00+01:00,0.411,98.733,16.456,65.822,98.733,32.911,41.139,6.171,41.139
2030,sc01,02-08 21:00:00+01:00,0.392,94.176,15.696,62.784,94.176,31.392,39.24,5.886,39.24
2030,sc01,02-08 22:00:00+01:00,0.373,89.441,14.907,59.627,89.441,29.814,37.267,5.59,37.267
2030,sc01,02-08 23:00:00+01:00,0.353,84.794,14.132,56.529,84.794,28.265,35.331,5.3,35.331
2030,sc01,02-09 00:00:00+01:00,0.344,82.565,13.761,55.043,82.565,27.522,34.402,5.16,34.402
2030,sc01,02-09 01:00:00+01:00,0.338,81.034,13.506,54.023,81.034,27.011,33.764,5.065,33.764
2030,sc01,02-09 02:00:00+01:00,0.333,79.962,13.327,53.308,79.962,26.654,33.318,4.998,33.318
2030,sc01,02-09 03:00:00+01:00,0.336,80.542,13.424,53.695,80.542,26.847,33.559,5.034,33.559
2030,sc01,02-09 04:00:00+01:00,0.352,84.526,14.088,56.351,84.526,28.175,35.219,5.283,35.219
2030,sc01,02-09 05:00:00+01:00,0.383,91.945,15.324,61.297,91.945,30.648,38.311,5.747,38.311
2030,sc01,02-09 06:00:00+01:00,0.413,99.179,16.53,66.119,99.179,33.06,41.324,6.199,41.324
2030,sc01,02-09 07:00:00+01:00,0.431,103.496,17.249,68.997,103.496,34.499,43.123,6.468,43.123
2030,sc01,02-09 08:00:00+01:00,0.439,105.41,17.568,70.273,105.41,35.137,43.921,6.588,43.921
2030,sc01,02-09 09:00:00+01:00,0.443,106.349,17.725,70.899,106.349,35.45,44.312,6.647,44.312
2030,sc01,02-09 10:00:00+01:00,0.441,105.901,17.65,70.601,105.901,35.3,44.125,6.619,44.125
2030,sc01,02-09 11:00:00+01:00,0.433,103.933,17.322,69.289,103.933,34.644,43.305,6.496,43.305
2030,sc01,02-09 12:00:00+01:00,0.429,102.873,17.146,68.582,102.873,34.291,42.864,6.43,42.864
2030,sc01,02-09 13:00:00+01:00,0.422,101.215,16.869,67.477,101.215,33.738,42.173,6.326,42.173
2030,sc01,02-09 14:00:00+01:00,0.418,100.438,16.74,66.959,100.438,33.479,41.849,6.277,41.849
2030,sc01,02-09 15:00:00+01:00,0.42,100.819,16.803,67.213,100.819,33.606,42.008,6.301,42.008
2030,sc01,02-09 16:00:00+01:00,0.433,103.907,17.318,69.272,103.907,34.636,43.295,6.494,43.295
2030,sc01,02-09 17:00:00+01:00,0.443,106.285,17.714,70.857,106.285,35.428,44.285,6.643,44.285
2030,sc01,02-09 18:00:00+01:00,0.433,103.902,17.317,69.268,103.902,34.634,43.292,6.494,43.292
2030,sc01,02-09 19:00:00+01:00,0.417,100.065,16.678,66.71,100.065,33.355,41.694,6.254,41.694
2030,sc01,02-09 20:00:00+01:00,0.4,96.087,16.015,64.058,96.087,32.029,40.036,6.005,40.036
2030,sc01,02-09 21:00:00+01:00,0.384,92.117,15.353,61.412,92.117,30.706,38.382,5.757,38.382
2030,sc01,02-09 22:00:00+01:00,0.366,87.897,14.649,58.598,87.897,29.299,36.624,5.494,36.624
2030,sc01,02-09 23:00:00+01:00,0.347,83.306,13.884,55.537,83.306,27.769,34.711,5.207,34.711
2030,sc01,02-10 00:00:00+01:00,0.336,80.755,13.459,53.837,80.755,26.918,33.648,5.047,33.648
2030,sc01,02-10 01:00:00+01:00,0.327,78.529,13.088,52.353,78.529,26.176,32.72,4.908,32.72
2030,sc01,02-10 02:00:00+01:00,0.319,76.675,12.779,51.117,76.675,25.558,31.948,4.792,31.948
2030,sc01,02-10 03:00:00+01:00,0.316,75.868,12.645,50.579,75.868,25.289,31.612,4.742,31.612
2030,sc01,02-10 04:00:00+01:00,0.317,76.16,12.693,50.773,76.16,25.387,31.733,4.76,31.733
2030,sc01,02-10 05:00:00+01:00,0.329,78.975,13.163,52.65,78.975,26.325,32.906,4.936,32.906
2030,sc01,02-10 06:00:00+01:00,0.345,82.705,13.784,55.137,82.705,27.568,34.46,5.169,34.46
2030,sc01,02-10 07:00:00+01:00,0.361,86.572,14.429,57.715,86.572,28.857,36.072,5.411,36.072
2030,sc01,02-10 08:00:00+01:00,0.377,90.401,15.067,60.267,90.401,30.134,37.667,5.65,37.667
2030,sc01,02-10 09:00:00+01:00,0.386,92.729,15.455,61.819,92.729,30.91,38.637,5.796,38.637
2030,sc01,02-10 10:00:00+01:00,0.387,92.781,15.464,61.854,92.781,30.927,38.659,5.799,38.659
2030,sc01,02-10 11:00:00+01:00,0.383,91.816,15.303,61.211,91.816,30.605,38.257,5.738,38.257
2030,sc01,02-10 12:00:00+01:00,0.374,89.802,14.967,59.868,89.802,29.934,37.418,5.613,37.418
2030,sc01,02-10 13:00:00+01:00,0.367,88.049,14.675,58.699,88.049,29.35,36.687,5.503,36.687
2030,sc01,02-10 14:00:00+01:00,0.362,86.979,14.497,57.986,86.979,28.993,36.241,5.436,36.241
2030,sc01,02-10 15:00:00+01:00,0.369,88.547,14.758,59.031,88.547,29.516,36.895,5.534,36.895
2030,sc01,02-10 16:00:00+01:00,0.384,92.152,15.359,61.435,92.152,30.717,38.397,5.76,38.397
2030,sc01,02-10 17:00:00+01:00,0.399,95.661,15.944,63.774,95.661,31.887,39.859,5.979,39.859
2030,sc01,02-10 18:00:00+01:00,0.393,94.362,15.727,62.908,94.362,31.454,39.317,5.898,39.317
2030,sc01,02-10 19:00:00+01:00,0.38,91.166,15.194,60.777,91.166,30.389,37.986,5.698,37.986
2030,sc01,02-10 20:00:00+01:00,0.368,88.203,14.701,58.802,88.203,29.401,36.751,5.513,36.751
2030,sc01,02-10 21:00:00+01:00,0.356,85.509,14.252,57.006,85.509,28.503,35.629,5.344,35.629
2030,sc01,02-10 22:00:00+01:00,0.341,81.764,13.627,54.509,81.764,27.255,34.068,5.11,34.068
2030,sc01,02-10 23:00:00+01:00,0.325,77.959,12.993,51.972,77.959,25.986,32.483,4.872,32.483
2030,sc01,02-11 00:00:00+01:00,0.315,75.526,12.588,50.35,75.526,25.175,31.469,4.72,31.469
2030,sc01,02-11 01:00:00+01:00,0.305,73.225,12.204,48.817,73.225,24.408,30.511,4.577,30.511
2030,sc01,02-11 02:00:00+01:00,0.297,71.35,11.892,47.566,71.35,23.783,29.729,4.459,29.729
2030,sc01,02-11 03:00:00+01:00,0.292,70.141,11.69,46.761,70.141,23.38,29.225,4.384,29.225
2030,sc01,02-11 04:00:00+01:00,0.289,69.391,11.565,46.261,69.391,23.13,28.913,4.337,28.913
2030,sc01,02-11 05:00:00+01:00,0.293,70.283,11.714,46.855,70.283,23.428,29.285,4.393,29.285
2030,sc01,02-11 06:00:00+01:00,0.301,72.282,12.047,48.188,72.282,24.094,30.118,4.518,30.118
2030,sc01,02-11 07:00:00+01:00,0.313,75.122,12.52,50.081,75.122,25.041,31.301,4.695,31.301
2030,sc01,02-11 08:00:00+01:00,0.33,79.165,13.194,52.777,79.165,26.388,32.985,4.948,32.985
2030,sc01,02-11 09:00:00+01:00,0.344,82.626,13.771,55.084,82.626,27.542,34.427,5.164,34.427
2030,sc01,02-11 10:00:00+01:00,0.35,84.016,14.003,56.011,84.016,28.005,35.007,5.251,35.007
2030,sc01,02-11 11:00:00+01:00,0.348,83.624,13.937,55.75,83.624,27.875,34.843,5.227,34.843
2030,sc01,02-11 12:00:00+01:00,0.341,81.884,13.647,54.589,81.884,27.295,34.118,5.118,34.118
2030,sc01,02-11 13:00:00+01:00,0.335,80.454,13.409,53.636,80.454,26.818,33.523,5.028,33.523
2030,sc01,02-11 14:00:00+01:00,0.33,79.256,13.209,52.837,79.256,26.419,33.023,4.954,33.023
2030,sc01,02-11 15:00:00+01:00,0.336,80.693,13.449,53.795,80.693,26.898,33.622,5.043,33.622
2030,sc01,02-11 16:00:00+01:00,0.356,85.339,14.223,56.893,85.339,28.446,35.558,5.334,35.558
2030,sc01,02-11 17:00:00+01:00,0.376,90.275,15.046,60.183,90.275,30.092,37.615,5.642,37.615
2030,sc01,02-11 18:00:00+01:00,0.377,90.557,15.093,60.371,90.557,30.186,37.732,5.66,37.732
2030,sc01,02-11 19:00:00+01:00,0.37,88.767,14.795,59.178,88.767,29.589,36.986,5.548,36.986
2030,sc01,02-11 20:00:00+01:00,0.361,86.633,14.439,57.755,86.633,28.878,36.097,5.415,36.097
2030,sc01,02-11 21:00:00+01:00,0.35,83.91,13.985,55.94,83.91,27.97,34.963,5.244,34.963
2030,sc01,02-11 22:00:00+01:00,0.333,79.825,13.304,53.217,79.825,26.608,33.261,4.989,33.261
2030,sc01,02-11 23:00:00+01:00,0.316,75.843,12.641,50.562,75.843,25.281,31.601,4.74,31.601
2030,sc01,02-12 00:00:00+01:00,0.308,73.946,12.324,49.297,73.946,24.649,30.811,4.622,30.811
2030,sc01,02-12 01:00:00+01:00,0.302,72.472,12.079,48.314,72.472,24.157,30.196,4.529,30.196
2030,sc01,02-12 02:00:00+01:00,0.298,71.634,11.939,47.756,71.634,23.878,29.848,4.477,29.848
2030,sc01,02-12 03:00:00+01:00,0.304,72.931,12.155,48.621,72.931,24.31,30.388,4.558,30.388
2030,sc01,02-12 04:00:00+01:00,0.323,77.627,12.938,51.751,77.627,25.876,32.345,4.852,32.345
2030,sc01,02-12 05:00:00+01:00,0.357,85.578,14.263,57.052,85.578,28.526,35.658,5.349,35.658
2030,sc01,02-12 06:00:00+01:00,0.39,93.502,15.584,62.335,93.502,31.167,38.959,5.844,38.959
2030,sc01,02-12 07:00:00+01:00,0.413,99.009,16.501,66.006,99.009,33.003,41.254,6.188,41.254
2030,sc01,02-12 08:00:00+01:00,0.424,101.653,16.942,67.769,101.653,33.884,42.355,6.353,42.355
2030,sc01,02-12 09:00:00+01:00,0.43,103.182,17.197,68.788,103.182,34.394,42.993,6.449,42.993
2030,sc01,02-12 10:00:00+01:00,0.429,102.856,17.143,68.57,102.856,34.285,42.857,6.428,42.857
2030,sc01,02-12 11:00:00+01:00,0.424,101.695,16.949,67.797,101.695,33.898,42.373,6.356,42.373
2030,sc01,02-12 12:00:00+01:00,0.422,101.263,16.877,67.509,101.263,33.754,42.193,6.329,42.193
2030,sc01,02-12 13:00:00+01:00,0.417,100.157,16.693,66.771,100.157,33.386,41.732,6.26,41.732
2030,sc01,02-12 14:00:00+01:00,0.415,99.572,16.595,66.381,99.572,33.191,41.488,6.223,41.488
2030,sc01,02-12 15:00:00+01:00,0.417,100.192,16.699,66.795,100.192,33.397,41.747,6.262,41.747
2030,sc01,02-12 16:00:00+01:00,0.429,102.919,17.153,68.613,102.919,34.306,42.883,6.432,42.883
2030,sc01,02-12 17:00:00+01:00,0.44,105.578,17.596,70.385,105.578,35.193,43.991,6.599,43.991
2030,sc01,02-12 18:00:00+01:00,0.432,103.573,17.262,69.049,103.573,34.524,43.156,6.473,43.156
2030,sc01,02-12 19:00:00+01:00,0.416,99.723,16.621,66.482,99.723,33.241,41.551,6.233,41.551
2030,sc01,02-12 20:00:00+01:00,0.397,95.201,15.867,63.467,95.201,31.734,39.667,5.95,39.667
2030,sc01,02-12 21:00:00+01:00,0.378,90.654,15.109,60.436,90.654,30.218,37.772,5.666,37.772
2030,sc01,02-12 22:00:00+01:00,0.357,85.77,14.295,57.18,85.77,28.59,35.738,5.361,35.738
2030,sc01,02-12 23:00:00+01:00,0.338,81.197,13.533,54.131,81.197,27.066,33.832,5.075,33.832
2030,sc01,02-13 00:00:00+01:00,0.329,78.872,13.145,52.581,78.872,26.291,32.863,4.929,32.863
2030,sc01,02-13 01:00:00+01:00,0.322,77.225,12.871,51.483,77.225,25.742,32.177,4.827,32.177
2030,sc01,02-13 02:00:00+01:00,0.318,76.418,12.736,50.946,76.418,25.473,31.841,4.776,31.841
2030,sc01,02-13 03:00:00+01:00,0.322,77.221,12.87,51.481,77.221,25.74,32.175,4.826,32.175
2030,sc01,02-13 04:00:00+01:00,0.339,81.386,13.564,54.258,81.386,27.129,33.911,5.087,33.911
2030,sc01,02-13 05:00:00+01:00,0.37,88.885,14.814,59.257,88.885,29.628,37.035,5.555,37.035
2030,sc01,02-13 06:00:00+01:00,0.399,95.748,15.958,63.832,95.748,31.916,39.895,5.984,39.895
2030,sc01,02-13 07:00:00+01:00,0.417,100.052,16.675,66.701,100.052,33.351,41.688,6.253,41.688
2030,sc01,02-13 08:00:00+01:00,0.425,102.112,17.019,68.074,102.112,34.037,42.546,6.382,42.546
2030,sc01,02-13 09:00:00+01:00,0.43,103.156,17.193,68.771,103.156,34.385,42.982,6.447,42.982
2030,sc01,02-13 10:00:00+01:00,0.428,102.648,17.108,68.432,102.648,34.216,42.77,6.415,42.77
2030,sc01,02-13 11:00:00+01:00,0.422,101.187,16.865,67.458,101.187,33.729,42.161,6.324,42.161
2030,sc01,02-13 12:00:00+01:00,0.419,100.6,16.767,67.067,100.6,33.533,41.917,6.288,41.917
2030,sc01,02-13 13:00:00+01:00,0.415,99.708,16.618,66.472,99.708,33.236,41.545,6.232,41.545
2030,sc01,02-13 14:00:00+01:00,0.413,99.063,16.511,66.042,99.063,33.021,41.276,6.191,41.276
2030,sc01,02-13 15:00:00+01:00,0.416,99.882,16.647,66.588,99.882,33.294,41.617,6.243,41.617
2030,sc01,02-13 16:00:00+01:00,0.43,103.109,17.185,68.74,103.109,34.37,42.962,6.444,42.962
2030,sc01,02-13 17:00:00+01:00,0.441,105.957,17.66,70.638,105.957,35.319,44.149,6.622,44.149
2030,sc01,02-13 18:00:00+01:00,0.433,104.024,17.337,69.349,104.024,34.675,43.343,6.501,43.343
2030,sc01,02-13 19:00:00+01:00,0.418,100.233,16.705,66.822,100.233,33.411,41.764,6.265,41.764
2030,sc01,02-13 20:00:00+01:00,0.399,95.78,15.963,63.853,95.78,31.927,39.908,5.986,39.908
2030,sc01,02-13 21:00:00+01:00,0.38,91.283,15.214,60.855,91.283,30.428,38.035,5.705,38.035
2030,sc01,02-13 22:00:00+01:00,0.359,86.26,14.377,57.506,86.26,28.753,35.941,5.391,35.941
2030,sc01,02-13 23:00:00+01:00,0.339,81.477,13.579,54.318,81.477,27.159,33.949,5.092,33.949
2030,sc01,02-14 00:00:00+01:00,0.33,79.139,13.19,52.759,79.139,26.38,32.974,4.946,32.974
2030,sc01,02-14 01:00:00+01:00,0.321,76.947,12.825,51.298,76.947,25.649,32.061,4.809,32.061
2030,sc01,02-14 02:00:00+01:00,0.317,76.024,12.671,50.683,76.024,25.341,31.677,4.752,31.677
2030,sc01,02-14 03:00:00+01:00,0.321,77.028,12.838,51.352,77.028,25.676,32.095,4.814,32.095
2030,sc01,02-14 04:00:00+01:00,0.337,80.981,13.497,53.987,80.981,26.994,33.742,5.061,33.742
2030,sc01,02-14 05:00:00+01:00,0.367,88.195,14.699,58.796,88.195,29.398,36.748,5.512,36.748
2030,sc01,02-14 06:00:00+01:00,0.396,95.065,15.844,63.376,95.065,31.688,39.61,5.942,39.61
2030,sc01,02-14 07:00:00+01:00,0.415,99.598,16.6,66.398,99.598,33.199,41.499,6.225,41.499
2030,sc01,02-14 08:00:00+01:00,0.424,101.73,16.955,67.82,101.73,33.91,42.387,6.358,42.387
2030,sc01,02-14 09:00:00+01:00,0.429,102.909,17.151,68.606,102.909,34.303,42.879,6.432,42.879
2030,sc01,02-14 10:00:00+01:00,0.427,102.537,17.089,68.358,102.537,34.179,42.724,6.409,42.724
2030,sc01,02-14 11:00:00+01:00,0.423,101.609,16.935,67.739,101.609,33.87,42.337,6.351,42.337
2030,sc01,02-14 12:00:00+01:00,0.422,101.167,16.861,67.445,101.167,33.722,42.153,6.323,42.153
2030,sc01,02-14 13:00:00+01:00,0.417,99.971,16.662,66.647,99.971,33.324,41.654,6.248,41.654
2030,sc01,02-14 14:00:00+01:00,0.414,99.364,16.561,66.243,99.364,33.121,41.402,6.21,41.402
2030,sc01,02-14 15:00:00+01:00,0.416,99.762,16.627,66.508,99.762,33.254,41.567,6.235,41.567
2030,sc01,02-14 16:00:00+01:00,0.427,102.508,17.085,68.339,102.508,34.169,42.712,6.407,42.712
2030,sc01,02-14 17:00:00+01:00,0.438,105.226,17.538,70.151,105.226,35.075,43.844,6.577,43.844
2030,sc01,02-14 18:00:00+01:00,0.432,103.697,17.283,69.131,103.697,34.566,43.207,6.481,43.207
2030,sc01,02-14 19:00:00+01:00,0.415,99.542,16.59,66.362,99.542,33.181,41.476,6.221,41.476
2030,sc01,02-14 20:00:00+01:00,0.397,95.311,15.885,63.541,95.311,31.77,39.713,5.957,39.713
2030,sc01,02-14 21:00:00+01:00,0.378,90.69,15.115,60.46,90.69,30.23,37.787,5.668,37.787
2030,sc01,02-14 22:00:00+01:00,0.358,85.905,14.317,57.27,85.905,28.635,35.794,5.369,35.794
2030,sc01,02-14 23:00:00+01:00,0.338,81.173,13.529,54.115,81.173,27.058,33.822,5.073,33.822
2030,sc01,02-15 00:00:00+01:00,0.328,78.707,13.118,52.471,78.707,26.236,32.794,4.919,32.794
2030,sc01,02-15 01:00:00+01:00,0.321,76.988,12.831,51.325,76.988,25.663,32.078,4.812,32.078
2030,sc01,02-15 02:00:00+01:00,0.318,76.229,12.705,50.819,76.229,25.41,31.762,4.764,31.762
2030,sc01,02-15 03:00:00+01:00,0.32,76.874,12.812,51.249,76.874,25.625,32.031,4.805,32.031
2030,sc01,02-15 04:00:00+01:00,0.338,81.043,13.507,54.029,81.043,27.014,33.768,5.065,33.768
2030,sc01,02-15 05:00:00+01:00,0.369,88.58,14.763,59.053,88.58,29.527,36.908,5.536,36.908
2030,sc01,02-15 06:00:00+01:00,0.397,95.29,15.882,63.526,95.29,31.763,39.704,5.956,39.704
2030,sc01,02-15 07:00:00+01:00,0.415,99.663,16.61,66.442,99.663,33.221,41.526,6.229,41.526
2030,sc01,02-15 08:00:00+01:00,0.423,101.497,16.916,67.664,101.497,33.832,42.29,6.344,42.29
2030,sc01,02-15 09:00:00+01:00,0.426,102.358,17.06,68.239,102.358,34.119,42.649,6.397,42.649
2030,sc01,02-15 10:00:00+01:00,0.424,101.738,16.956,67.825,101.738,33.913,42.391,6.359,42.391
2030,sc01,02-15 11:00:00+01:00,0.417,100.101,16.683,66.734,100.101,33.367,41.709,6.256,41.709
2030,sc01,02-15 12:00:00+01:00,0.414,99.265,16.544,66.176,99.265,33.088,41.36,6.204,41.36
2030,sc01,02-15 13:00:00+01:00,0.409,98.056,16.343,65.37,98.056,32.685,40.857,6.128,40.857
2030,sc01,02-15 14:00:00+01:00,0.405,97.199,16.2,64.799,97.199,32.4,40.499,6.075,40.499
2030,sc01,02-15 15:00:00+01:00,0.407,97.677,16.279,65.118,97.677,32.559,40.699,6.105,40.699
2030,sc01,02-15 16:00:00+01:00,0.42,100.692,16.782,67.128,100.692,33.564,41.955,6.293,41.955
2030,sc01,02-15 17:00:00+01:00,0.436,104.534,17.422,69.689,104.534,34.845,43.556,6.533,43.556
2030,sc01,02-15 18:00:00+01:00,0.429,103.06,17.177,68.707,103.06,34.353,42.942,6.441,42.942
2030,sc01,02-15 19:00:00+01:00,0.414,99.412,16.569,66.275,99.412,33.137,41.422,6.213,41.422
2030,sc01,02-15 20:00:00+01:00,0.395,94.881,15.813,63.254,94.881,31.627,39.534,5.93,39.534
2030,sc01,02-15 21:00:00+01:00,0.377,90.408,15.068,60.272,90.408,30.136,37.67,5.65,37.67
2030,sc01,02-15 22:00:00+01:00,0.357,85.753,14.292,57.169,85.753,28.584,35.73,5.36,35.73
2030,sc01,02-15 23:00:00+01:00,0.338,81.203,13.534,54.135,81.203,27.068,33.835,5.075,33.835
2030,sc01,02-16 00:00:00+01:00,0.329,78.954,13.159,52.636,78.954,26.318,32.898,4.935,32.898
2030,sc01,02-16 01:00:00+01:00,0.322,77.326,12.888,51.551,77.326,25.775,32.219,4.833,32.219
2030,sc01,02-16 02:00:00+01:00,0.318,76.268,12.711,50.845,76.268,25.423,31.778,4.767,31.778
2030,sc01,02-16 03:00:00+01:00,0.319,76.639,12.773,51.093,76.639,25.546,31.933,4.79,31.933
2030,sc01,02-16 04:00:00+01:00,0.336,80.562,13.427,53.708,80.562,26.854,33.567,5.035,33.567
2030,sc01,02-16 05:00:00+01:00,0.366,87.868,14.645,58.579,87.868,29.289,36.612,5.492,36.612
2030,sc01,02-16 06:00:00+01:00,0.395,94.898,15.816,63.265,94.898,31.633,39.541,5.931,39.541
2030,sc01,02-16 07:00:00+01:00,0.413,99.061,16.51,66.041,99.061,33.02,41.276,6.191,41.276
2030,sc01,02-16 08:00:00+01:00,0.421,100.969,16.828,67.312,100.969,33.656,42.07,6.311,42.07
2030,sc01,02-16 09:00:00+01:00,0.424,101.787,16.964,67.858,101.787,33.929,42.411,6.362,42.411
2030,sc01,02-16 10:00:00+01:00,0.42,100.749,16.792,67.166,100.749,33.583,41.979,6.297,41.979
2030,sc01,02-16 11:00:00+01:00,0.415,99.671,16.612,66.447,99.671,33.224,41.529,6.229,41.529
2030,sc01,02-16 12:00:00+01:00,0.41,98.514,16.419,65.676,98.514,32.838,41.048,6.157,41.048
2030,sc01,02-16 13:00:00+01:00,0.403,96.832,16.139,64.555,96.832,32.277,40.347,6.052,40.347
2030,sc01,02-16 14:00:00+01:00,0.399,95.794,15.966,63.862,95.794,31.931,39.914,5.987,39.914
2030,sc01,02-16 15:00:00+01:00,0.4,95.901,15.983,63.934,95.901,31.967,39.959,5.994,39.959
2030,sc01,02-16 16:00:00+01:00,0.414,99.352,16.559,66.235,99.352,33.117,41.397,6.21,41.397
2030,sc01,02-16 17:00:00+01:00,0.428,102.634,17.106,68.422,102.634,34.211,42.764,6.415,42.764
2030,sc01,02-16 18:00:00+01:00,0.419,100.567,16.761,67.045,100.567,33.522,41.903,6.285,41.903
2030,sc01,02-16 19:00:00+01:00,0.402,96.561,16.094,64.374,96.561,32.187,40.234,6.035,40.234
2030,sc01,02-16 20:00:00+01:00,0.385,92.31,15.385,61.54,92.31,30.77,38.463,5.769,38.463
2030,sc01,02-16 21:00:00+01:00,0.369,88.453,14.742,58.969,88.453,29.484,36.855,5.528,36.855
2030,sc01,02-16 22:00:00+01:00,0.35,84.101,14.017,56.067,84.101,28.034,35.042,5.256,35.042
2030,sc01,02-16 23:00:00+01:00,0.332,79.635,13.273,53.09,79.635,26.545,33.181,4.977,33.181
2030,sc01,02-17 00:00:00+01:00,0.321,76.967,12.828,51.312,76.967,25.656,32.07,4.81,32.07
2030,sc01,02-17 01:00:00+01:00,0.311,74.664,12.444,49.776,74.664,24.888,31.11,4.667,31.11
2030,sc01,02-17 02:00:00+01:00,0.305,73.084,12.181,48.723,73.084,24.361,30.452,4.568,30.452
2030,sc01,02-17 03:00:00+01:00,0.302,72.445,12.074,48.297,72.445,24.148,30.185,4.528,30.185
2030,sc01,02-17 04:00:00+01:00,0.304,72.91,12.152,48.607,72.91,24.303,30.379,4.557,30.379
2030,sc01,02-17 05:00:00+01:00,0.315,75.63,12.605,50.42,75.63,25.21,31.513,4.727,31.513
2030,sc01,02-17 06:00:00+01:00,0.33,79.251,13.208,52.834,79.251,26.417,33.021,4.953,33.021
2030,sc01,02-17 07:00:00+01:00,0.346,83.023,13.837,55.348,83.023,27.674,34.593,5.189,34.593
2030,sc01,02-17 08:00:00+01:00,0.361,86.571,14.429,57.714,86.571,28.857,36.071,5.411,36.071
2030,sc01,02-17 09:00:00+01:00,0.369,88.5,14.75,59.0,88.5,29.5,36.875,5.531,36.875
2030,sc01,02-17 10:00:00+01:00,0.368,88.315,14.719,58.877,88.315,29.438,36.798,5.52,36.798
2030,sc01,02-17 11:00:00+01:00,0.364,87.245,14.541,58.163,87.245,29.082,36.352,5.453,36.352
2030,sc01,02-17 12:00:00+01:00,0.355,85.295,14.216,56.863,85.295,28.432,35.54,5.331,35.54
2030,sc01,02-17 13:00:00+01:00,0.348,83.589,13.931,55.726,83.589,27.863,34.829,5.224,34.829
2030,sc01,02-17 14:00:00+01:00,0.344,82.646,13.774,55.098,82.646,27.549,34.436,5.165,34.436
2030,sc01,02-17 15:00:00+01:00,0.349,83.792,13.965,55.861,83.792,27.931,34.913,5.237,34.913
2030,sc01,02-17 16:00:00+01:00,0.367,88.052,14.675,58.702,88.052,29.351,36.688,5.503,36.688
2030,sc01,02-17 17:00:00+01:00,0.384,92.237,15.373,61.491,92.237,30.746,38.432,5.765,38.432
2030,sc01,02-17 18:00:00+01:00,0.381,91.404,15.234,60.936,91.404,30.468,38.085,5.713,38.085
2030,sc01,02-17 19:00:00+01:00,0.368,88.411,14.735,58.941,88.411,29.47,36.838,5.526,36.838
2030,sc01,02-17 20:00:00+01:00,0.356,85.321,14.22,56.881,85.321,28.44,35.55,5.333,35.55
2030,sc01,02-17 21:00:00+01:00,0.344,82.499,13.75,54.999,82.499,27.5,34.375,5.156,34.375
2030,sc01,02-17 22:00:00+01:00,0.329,79.065,13.177,52.71,79.065,26.355,32.944,4.942,32.944
2030,sc01,02-17 23:00:00+01:00,0.314,75.357,12.559,50.238,75.357,25.119,31.399,4.71,31.399
2030,sc01,02-18 00:00:00+01:00,0.305,73.099,12.183,48.733,73.099,24.366,30.458,4.569,30.458
2030,sc01,02-18 01:00:00+01:00,0.296,70.935,11.822,47.29,70.935,23.645,29.556,4.433,29.556
2030,sc01,02-18 02:00:00+01:00,0.288,69.148,11.525,46.099,69.148,23.049,28.812,4.322,28.812
2030,sc01,02-18 03:00:00+01:00,0.284,68.087,11.348,45.391,68.087,22.696,28.369,4.255,28.369
2030,sc01,02-18 04:00:00+01:00,0.281,67.455,11.243,44.97,67.455,22.485,28.106,4.216,28.106
2030,sc01,02-18 05:00:00+01:00,0.284,68.052,11.342,45.368,68.052,22.684,28.355,4.253,28.355
2030,sc01,02-18 06:00:00+01:00,0.292,70.107,11.685,46.738,70.107,23.369,29.211,4.382,29.211
2030,sc01,02-18 07:00:00+01:00,0.304,73.053,12.176,48.702,73.053,24.351,30.439,4.566,30.439
2030,sc01,02-18 08:00:00+01:00,0.318,76.363,12.727,50.909,76.363,25.454,31.818,4.773,31.818
2030,sc01,02-18 09:00:00+01:00,0.331,79.477,13.246,52.984,79.477,26.492,33.115,4.967,33.115
2030,sc01,02-18 10:00:00+01:00,0.335,80.434,13.406,53.623,80.434,26.811,33.514,5.027,33.514
2030,sc01,02-18 11:00:00+01:00,0.334,80.064,13.344,53.376,80.064,26.688,33.36,5.004,33.36
2030,sc01,02-18 12:00:00+01:00,0.327,78.496,13.083,52.331,78.496,26.165,32.707,4.906,32.707
2030,sc01,02-18 13:00:00+01:00,0.321,77.14,12.857,51.426,77.14,25.713,32.141,4.821,32.141
2030,sc01,02-18 14:00:00+01:00,0.318,76.233,12.706,50.822,76.233,25.411,31.764,4.765,31.764
2030,sc01,02-18 15:00:00+01:00,0.323,77.483,12.914,51.655,77.483,25.828,32.285,4.843,32.285
2030,sc01,02-18 16:00:00+01:00,0.343,82.211,13.702,54.807,82.211,27.404,34.254,5.138,34.254
2030,sc01,02-18 17:00:00+01:00,0.364,87.34,14.557,58.227,87.34,29.113,36.392,5.459,36.392
2030,sc01,02-18 18:00:00+01:00,0.368,88.302,14.717,58.868,88.302,29.434,36.793,5.519,36.793
2030,sc01,02-18 19:00:00+01:00,0.362,86.908,14.485,57.938,86.908,28.969,36.211,5.432,36.211
2030,sc01,02-18 20:00:00+01:00,0.354,84.916,14.153,56.611,84.916,28.305,35.382,5.307,35.382
2030,sc01,02-18 21:00:00+01:00,0.343,82.42,13.737,54.946,82.42,27.473,34.341,5.151,34.341
2030,sc01,02-18 22:00:00+01:00,0.328,78.679,13.113,52.452,78.679,26.226,32.783,4.917,32.783
2030,sc01,02-18 23:00:00+01:00,0.311,74.71,12.452,49.807,74.71,24.903,31.129,4.669,31.129
2030,sc01,02-19 00:00:00+01:00,0.303,72.828,12.138,48.552,72.828,24.276,30.345,4.552,30.345
2030,sc01,02-19 01:00:00+01:00,0.298,71.402,11.9,47.601,71.402,23.801,29.751,4.463,29.751
2030,sc01,02-19 02:00:00+01:00,0.294,70.525,11.754,47.017,70.525,23.508,29.386,4.408,29.386
2030,sc01,02-19 03:00:00+01:00,0.299,71.655,11.942,47.77,71.655,23.885,29.856,4.478,29.856
2030,sc01,02-19 04:00:00+01:00,0.316,75.878,12.646,50.585,75.878,25.293,31.616,4.742,31.616
2030,sc01,02-19 05:00:00+01:00,0.347,83.309,13.885,55.539,83.309,27.77,34.712,5.207,34.712
2030,sc01,02-19 06:00:00+01:00,0.379,91.003,15.167,60.669,91.003,30.334,37.918,5.688,37.918
2030,sc01,02-19 07:00:00+01:00,0.404,97.044,16.174,64.696,97.044,32.348,40.435,6.065,40.435
2030,sc01,02-19 08:00:00+01:00,0.414,99.43,16.572,66.286,99.43,33.143,41.429,6.214,41.429
2030,sc01,02-19 09:00:00+01:00,0.42,100.875,16.813,67.25,100.875,33.625,42.031,6.305,42.031
2030,sc01,02-19 10:00:00+01:00,0.418,100.373,16.729,66.916,100.373,33.458,41.822,6.273,41.822
2030,sc01,02-19 11:00:00+01:00,0.413,99.029,16.505,66.019,99.029,33.01,41.262,6.189,41.262
2030,sc01,02-19 12:00:00+01:00,0.41,98.316,16.386,65.544,98.316,32.772,40.965,6.145,40.965
2030,sc01,02-19 13:00:00+01:00,0.404,96.955,16.159,64.637,96.955,32.318,40.398,6.06,40.398
2030,sc01,02-19 14:00:00+01:00,0.401,96.146,16.024,64.097,96.146,32.049,40.061,6.009,40.061
2030,sc01,02-19 15:00:00+01:00,0.401,96.235,16.039,64.156,96.235,32.078,40.098,6.015,40.098
2030,sc01,02-19 16:00:00+01:00,0.415,99.539,16.59,66.359,99.539,33.18,41.474,6.221,41.474
2030,sc01,02-19 17:00:00+01:00,0.429,103.01,17.168,68.673,103.01,34.337,42.921,6.438,42.921
2030,sc01,02-19 18:00:00+01:00,0.423,101.556,16.926,67.704,101.556,33.852,42.315,6.347,42.315
2030,sc01,02-19 19:00:00+01:00,0.408,97.957,16.326,65.304,97.957,32.652,40.815,6.122,40.815
2030,sc01,02-19 20:00:00+01:00,0.391,93.752,15.625,62.502,93.752,31.251,39.064,5.86,39.064
2030,sc01,02-19 21:00:00+01:00,0.373,89.548,14.925,59.698,89.548,29.849,37.312,5.597,37.312
2030,sc01,02-19 22:00:00+01:00,0.353,84.766,14.128,56.51,84.766,28.255,35.319,5.298,35.319
2030,sc01,02-19 23:00:00+01:00,0.334,80.26,13.377,53.507,80.26,26.753,33.442,5.016,33.442
2030,sc01,02-20 00:00:00+01:00,0.325,77.998,13.0,51.999,77.998,25.999,32.499,4.875,32.499
2030,sc01,02-20 01:00:00+01:00,0.318,76.251,12.708,50.834,76.251,25.417,31.771,4.766,31.771
2030,sc01,02-20 02:00:00+01:00,0.315,75.49,12.582,50.327,75.49,25.163,31.454,4.718,31.454
2030,sc01,02-20 03:00:00+01:00,0.318,76.211,12.702,50.808,76.211,25.404,31.755,4.763,31.755
2030,sc01,02-20 04:00:00+01:00,0.333,79.895,13.316,53.264,79.895,26.632,33.29,4.993,33.29
2030,sc01,02-20 05:00:00+01:00,0.361,86.708,14.451,57.806,86.708,28.903,36.129,5.419,36.129
2030,sc01,02-20 06:00:00+01:00,0.39,93.624,15.604,62.416,93.624,31.208,39.01,5.852,39.01
2030,sc01,02-20 07:00:00+01:00,0.409,98.237,16.373,65.491,98.237,32.746,40.932,6.14,40.932
2030,sc01,02-20 08:00:00+01:00,0.418,100.214,16.702,66.809,100.214,33.405,41.756,6.263,41.756
2030,sc01,02-20 09:00:00+01:00,0.421,101.137,16.856,67.424,101.137,33.712,42.14,6.321,42.14
2030,sc01,02-20 10:00:00+01:00,0.42,100.767,16.794,67.178,100.767,33.589,41.986,6.298,41.986
2030,sc01,02-20 11:00:00+01:00,0.413,99.124,16.521,66.083,99.124,33.041,41.302,6.195,41.302
2030,sc01,02-20 12:00:00+01:00,0.409,98.235,16.373,65.49,98.235,32.745,40.931,6.14,40.931
2030,sc01,02-20 13:00:00+01:00,0.404,96.95,16.158,64.633,96.95,32.317,40.396,6.059,40.396
2030,sc01,02-20 14:00:00+01:00,0.4,95.906,15.984,63.937,95.906,31.969,39.961,5.994,39.961
2030,sc01,02-20 15:00:00+01:00,0.402,96.366,16.061,64.244,96.366,32.122,40.153,6.023,40.153
2030,sc01,02-20 16:00:00+01:00,0.416,99.781,16.63,66.52,99.781,33.26,41.575,6.236,41.575
2030,sc01,02-20 17:00:00+01:00,0.431,103.496,17.249,68.998,103.496,34.499,43.123,6.469,43.123
2030,sc01,02-20 18:00:00+01:00,0.426,102.357,17.059,68.238,102.357,34.119,42.649,6.397,42.649
2030,sc01,02-20 19:00:00+01:00,0.413,99.08,16.513,66.053,99.08,33.027,41.283,6.192,41.283
2030,sc01,02-20 20:00:00+01:00,0.396,94.981,15.83,63.321,94.981,31.66,39.576,5.936,39.576
2030,sc01,02-20 21:00:00+01:00,0.378,90.705,15.117,60.47,90.705,30.235,37.794,5.669,37.794
2030,sc01,02-20 22:00:00+01:00,0.358,85.986,14.331,57.324,85.986,28.662,35.828,5.374,35.828
2030,sc01,02-20 23:00:00+01:00,0.338,81.227,13.538,54.151,81.227,27.076,33.845,5.077,33.845
2030,sc01,02-21 00:00:00+01:00,0.33,79.185,13.198,52.79,79.185,26.395,32.994,4.949,32.994
2030,sc01,02-21 01:00:00+01:00,0.322,77.366,12.894,51.578,77.366,25.789,32.236,4.835,32.236
2030,sc01,02-21 02:00:00+01:00,0.319,76.476,12.746,50.984,76.476,25.492,31.865,4.78,31.865
2030,sc01,02-21 03:00:00+01:00,0.322,77.236,12.873,51.491,77.236,25.745,32.182,4.827,32.182
2030,sc01,02-21 04:00:00+01:00,0.339,81.244,13.541,54.162,81.244,27.081,33.852,5.078,33.852
2030,sc01,02-21 05:00:00+01:00,0.366,87.955,14.659,58.636,87.955,29.318,36.648,5.497,36.648
2030,sc01,02-21 06:00:00+01:00,0.395,94.729,15.788,63.153,94.729,31.576,39.47,5.921,39.47
2030,sc01,02-21 07:00:00+01:00,0.415,99.589,16.598,66.393,99.589,33.196,41.496,6.224,41.496
2030,sc01,02-21 08:00:00+01:00,0.424,101.741,16.957,67.827,101.741,33.914,42.392,6.359,42.392
2030,sc01,02-21 09:00:00+01:00,0.429,102.851,17.142,68.567,102.851,34.284,42.855,6.428,42.855
2030,sc01,02-21 10:00:00+01:00,0.426,102.28,17.047,68.187,102.28,34.093,42.617,6.393,42.617
2030,sc01,02-21 11:00:00+01:00,0.42,100.888,16.815,67.259,100.888,33.629,42.037,6.306,42.037
2030,sc01,02-21 12:00:00+01:00,0.418,100.304,16.717,66.869,100.304,33.435,41.793,6.269,41.793
2030,sc01,02-21 13:00:00+01:00,0.412,98.906,16.484,65.937,98.906,32.969,41.211,6.182,41.211
2030,sc01,02-21 14:00:00+01:00,0.409,98.248,16.375,65.498,98.248,32.749,40.936,6.14,40.936
2030,sc01,02-21 15:00:00+01:00,0.41,98.515,16.419,65.677,98.515,32.838,41.048,6.157,41.048
2030,sc01,02-21 16:00:00+01:00,0.423,101.424,16.904,67.616,101.424,33.808,42.26,6.339,42.26
2030,sc01,02-21 17:00:00+01:00,0.436,104.736,17.456,69.824,104.736,34.912,43.64,6.546,43.64
2030,sc01,02-21 18:00:00+01:00,0.434,104.136,17.356,69.424,104.136,34.712,43.39,6.508,43.39
2030,sc01,02-21 19:00:00+01:00,0.419,100.444,16.741,66.963,100.444,33.481,41.852,6.278,41.852
2030,sc01,02-21 20:00:00+01:00,0.4,96.01,16.002,64.006,96.01,32.003,40.004,6.001,40.004
2030,sc01,02-21 21:00:00+01:00,0.38,91.265,15.211,60.843,91.265,30.422,38.027,5.704,38.027
2030,sc01,02-21 22:00:00+01:00,0.36,86.439,14.407,57.626,86.439,28.813,36.016,5.402,36.016
2030,sc01,02-21 23:00:00+01:00,0.341,81.764,13.627,54.509,81.764,27.255,34.068,5.11,34.068
2030,sc01,02-22 00:00:00+01:00,0.331,79.481,13.247,52.988,79.481,26.494,33.117,4.968,33.117
2030,sc01,02-22 01:00:00+01:00,0.324,77.643,12.94,51.762,77.643,25.881,32.351,4.853,32.351
2030,sc01,02-22 02:00:00+01:00,0.32,76.759,12.793,51.173,76.759,25.586,31.983,4.797,31.983
2030,sc01,02-22 03:00:00+01:00,0.323,77.458,12.91,51.639,77.458,25.819,32.274,4.841,32.274
2030,sc01,02-22 04:00:00+01:00,0.34,81.481,13.58,54.321,81.481,27.16,33.95,5.093,33.95
2030,sc01,02-22 05:00:00+01:00,0.368,88.354,14.726,58.903,88.354,29.451,36.814,5.522,36.814
2030,sc01,02-22 06:00:00+01:00,0.397,95.189,15.865,63.459,95.189,31.73,39.662,5.949,39.662
2030,sc01,02-22 07:00:00+01:00,0.416,99.826,16.638,66.551,99.826,33.275,41.594,6.239,41.594
2030,sc01,02-22 08:00:00+01:00,0.425,101.963,16.994,67.975,101.963,33.988,42.485,6.373,42.485
2030,sc01,02-22 09:00:00+01:00,0.43,103.08,17.18,68.72,103.08,34.36,42.95,6.443,42.95
2030,sc01,02-22 10:00:00+01:00,0.427,102.495,17.083,68.33,102.495,34.165,42.706,6.406,42.706
2030,sc01,02-22 11:00:00+01:00,0.421,100.99,16.832,67.327,100.99,33.663,42.079,6.312,42.079
2030,sc01,02-22 12:00:00+01:00,0.418,100.214,16.702,66.809,100.214,33.405,41.756,6.263,41.756
2030,sc01,02-22 13:00:00+01:00,0.413,99.089,16.515,66.059,99.089,33.03,41.287,6.193,41.287
2030,sc01,02-22 14:00:00+01:00,0.409,98.233,16.372,65.489,98.233,32.744,40.931,6.14,40.931
2030,sc01,02-22 15:00:00+01:00,0.41,98.459,16.41,65.639,98.459,32.82,41.025,6.154,41.025
2030,sc01,02-22 16:00:00+01:00,0.422,101.371,16.895,67.581,101.371,33.79,42.238,6.336,42.238
2030,sc01,02-22 17:00:00+01:00,0.436,104.646,17.441,69.764,104.646,34.882,43.603,6.54,43.603
2030,sc01,02-22 18:00:00+01:00,0.432,103.688,17.281,69.125,103.688,34.563,43.203,6.48,43.203
2030,sc01,02-22 19:00:00+01:00,0.418,100.262,16.71,66.842,100.262,33.421,41.776,6.266,41.776
2030,sc01,02-22 20:00:00+01:00,0.398,95.637,15.94,63.758,95.637,31.879,39.849,5.977,39.849
2030,sc01,02-22 21:00:00+01:00,0.38,91.165,15.194,60.777,91.165,30.388,37.985,5.698,37.985
2030,sc01,02-22 22:00:00+01:00,0.36,86.286,14.381,57.524,86.286,28.762,35.953,5.393,35.953
2030,sc01,02-22 23:00:00+01:00,0.341,81.758,13.626,54.505,81.758,27.253,34.066,5.11,34.066
2030,sc01,02-23 00:00:00+01:00,0.331,79.358,13.226,52.905,79.358,26.453,33.066,4.96,33.066
2030,sc01,02-23 01:00:00+01:00,0.324,77.648,12.941,51.765,77.648,25.883,32.353,4.853,32.353
2030,sc01,02-23 02:00:00+01:00,0.32,76.732,12.789,51.155,76.732,25.577,31.972,4.796,31.972
2030,sc01,02-23 03:00:00+01:00,0.322,77.252,12.875,51.501,77.252,25.751,32.188,4.828,32.188
2030,sc01,02-23 04:00:00+01:00,0.338,81.172,13.529,54.115,81.172,27.057,33.822,5.073,33.822
2030,sc01,02-23 05:00:00+01:00,0.365,87.663,14.611,58.442,87.663,29.221,36.526,5.479,36.526
2030,sc01,02-23 06:00:00+01:00,0.394,94.515,15.753,63.01,94.515,31.505,39.381,5.907,39.381
2030,sc01,02-23 07:00:00+01:00,0.414,99.438,16.573,66.292,99.438,33.146,41.432,6.215,41.432
2030,sc01,02-23 08:00:00+01:00,0.423,101.452,16.909,67.635,101.452,33.817,42.272,6.341,42.272
2030,sc01,02-23 09:00:00+01:00,0.426,102.227,17.038,68.151,102.227,34.076,42.595,6.389,42.595
2030,sc01,02-23 10:00:00+01:00,0.423,101.571,16.929,67.714,101.571,33.857,42.321,6.348,42.321
2030,sc01,02-23 11:00:00+01:00,0.416,99.95,16.658,66.633,99.95,33.317,41.646,6.247,41.646
2030,sc01,02-23 12:00:00+01:00,0.412,98.839,16.473,65.893,98.839,32.946,41.183,6.177,41.183
2030,sc01,02-23 13:00:00+01:00,0.405,97.169,16.195,64.779,97.169,32.39,40.487,6.073,40.487
2030,sc01,02-23 14:00:00+01:00,0.401,96.126,16.021,64.084,96.126,32.042,40.053,6.008,40.053
2030,sc01,02-23 15:00:00+01:00,0.4,96.053,16.009,64.036,96.053,32.018,40.022,6.003,40.022
2030,sc01,02-23 16:00:00+01:00,0.413,99.197,16.533,66.132,99.197,33.066,41.332,6.2,41.332
2030,sc01,02-23 17:00:00+01:00,0.428,102.665,17.111,68.443,102.665,34.222,42.777,6.417,42.777
2030,sc01,02-23 18:00:00+01:00,0.423,101.414,16.902,67.609,101.414,33.805,42.256,6.338,42.256
2030,sc01,02-23 19:00:00+01:00,0.406,97.399,16.233,64.933,97.399,32.466,40.583,6.087,40.583
2030,sc01,02-23 20:00:00+01:00,0.389,93.314,15.552,62.21,93.314,31.105,38.881,5.832,38.881
2030,sc01,02-23 21:00:00+01:00,0.372,89.355,14.893,59.57,89.355,29.785,37.231,5.585,37.231
2030,sc01,02-23 22:00:00+01:00,0.354,85.021,14.17,56.681,85.021,28.34,35.426,5.314,35.426
2030,sc01,02-23 23:00:00+01:00,0.336,80.538,13.423,53.692,80.538,26.846,33.557,5.034,33.557
2030,sc01,02-24 00:00:00+01:00,0.324,77.733,12.956,51.822,77.733,25.911,32.389,4.858,32.389
2030,sc01,02-24 01:00:00+01:00,0.315,75.536,12.589,50.357,75.536,25.179,31.473,4.721,31.473
2030,sc01,02-24 02:00:00+01:00,0.308,73.952,12.325,49.301,73.952,24.651,30.813,4.622,30.813
2030,sc01,02-24 03:00:00+01:00,0.305,73.187,12.198,48.791,73.187,24.396,30.495,4.574,30.495
2030,sc01,02-24 04:00:00+01:00,0.307,73.735,12.289,49.157,73.735,24.578,30.723,4.608,30.723
2030,sc01,02-24 05:00:00+01:00,0.317,76.187,12.698,50.792,76.187,25.396,31.745,4.762,31.745
2030,sc01,02-24 06:00:00+01:00,0.331,79.527,13.255,53.018,79.527,26.509,33.136,4.97,33.136
2030,sc01,02-24 07:00:00+01:00,0.349,83.743,13.957,55.829,83.743,27.914,34.893,5.234,34.893
2030,sc01,02-24 08:00:00+01:00,0.364,87.455,14.576,58.303,87.455,29.152,36.439,5.466,36.439
2030,sc01,02-24 09:00:00+01:00,0.375,89.914,14.986,59.942,89.914,29.971,37.464,5.62,37.464
2030,sc01,02-24 10:00:00+01:00,0.375,89.94,14.99,59.96,89.94,29.98,37.475,5.621,37.475
2030,sc01,02-24 11:00:00+01:00,0.372,89.203,14.867,59.469,89.203,29.734,37.168,5.575,37.168
2030,sc01,02-24 12:00:00+01:00,0.364,87.288,14.548,58.192,87.288,29.096,36.37,5.456,36.37
2030,sc01,02-24 13:00:00+01:00,0.357,85.633,14.272,57.089,85.633,28.544,35.68,5.352,35.68
2030,sc01,02-24 14:00:00+01:00,0.352,84.438,14.073,56.292,84.438,28.146,35.182,5.277,35.182
2030,sc01,02-24 15:00:00+01:00,0.354,84.938,14.156,56.625,84.938,28.313,35.391,5.309,35.391
2030,sc01,02-24 16:00:00+01:00,0.369,88.523,14.754,59.015,88.523,29.508,36.885,5.533,36.885
2030,sc01,02-24 17:00:00+01:00,0.385,92.44,15.407,61.626,92.44,30.813,38.517,5.777,38.517
2030,sc01,02-24 18:00:00+01:00,0.383,91.998,15.333,61.332,91.998,30.666,38.332,5.75,38.332
2030,sc01,02-24 19:00:00+01:00,0.372,89.188,14.865,59.458,89.188,29.729,37.161,5.574,37.161
2030,sc01,02-24 20:00:00+01:00,0.36,86.286,14.381,57.524,86.286,28.762,35.952,5.393,35.952
2030,sc01,02-24 21:00:00+01:00,0.347,83.318,13.886,55.545,83.318,27.773,34.716,5.207,34.716
2030,sc01,02-24 22:00:00+01:00,0.332,79.675,13.279,53.117,79.675,26.558,33.198,4.98,33.198
2030,sc01,02-24 23:00:00+01:00,0.315,75.7,12.617,50.467,75.7,25.233,31.542,4.731,31.542
2030,sc01,02-25 00:00:00+01:00,0.305,73.295,12.216,48.863,73.295,24.432,30.54,4.581,30.54
2030,sc01,02-25 01:00:00+01:00,0.296,71.012,11.835,47.342,71.012,23.671,29.589,4.438,29.589
2030,sc01,02-25 02:00:00+01:00,0.288,69.143,11.524,46.095,69.143,23.048,28.81,4.321,28.81
2030,sc01,02-25 03:00:00+01:00,0.283,68.026,11.338,45.351,68.026,22.675,28.344,4.252,28.344
2030,sc01,02-25 04:00:00+01:00,0.281,67.449,11.241,44.966,67.449,22.483,28.104,4.216,28.104
2030,sc01,02-25 05:00:00+01:00,0.284,68.209,11.368,45.473,68.209,22.736,28.42,4.263,28.42
2030,sc01,02-25 06:00:00+01:00,0.294,70.45,11.742,46.967,70.45,23.483,29.354,4.403,29.354
2030,sc01,02-25 07:00:00+01:00,0.307,73.733,12.289,49.155,73.733,24.578,30.722,4.608,30.722
2030,sc01,02-25 08:00:00+01:00,0.323,77.526,12.921,51.684,77.526,25.842,32.303,4.845,32.303
2030,sc01,02-25 09:00:00+01:00,0.338,81.13,13.522,54.087,81.13,27.043,33.804,5.071,33.804
2030,sc01,02-25 10:00:00+01:00,0.345,82.786,13.798,55.19,82.786,27.595,34.494,5.174,34.494
2030,sc01,02-25 11:00:00+01:00,0.345,82.894,13.816,55.263,82.894,27.631,34.539,5.181,34.539
2030,sc01,02-25 12:00:00+01:00,0.339,81.377,13.563,54.251,81.377,27.126,33.907,5.086,33.907
2030,sc01,02-25 13:00:00+01:00,0.334,80.056,13.343,53.37,80.056,26.685,33.356,5.003,33.356
2030,sc01,02-25 14:00:00+01:00,0.328,78.835,13.139,52.557,78.835,26.278,32.848,4.927,32.848
2030,sc01,02-25 15:00:00+01:00,0.331,79.505,13.251,53.003,79.505,26.502,33.127,4.969,33.127
2030,sc01,02-25 16:00:00+01:00,0.348,83.577,13.93,55.718,83.577,27.859,34.824,5.224,34.824
2030,sc01,02-25 17:00:00+01:00,0.368,88.303,14.717,58.869,88.303,29.434,36.793,5.519,36.793
2030,sc01,02-25 18:00:00+01:00,0.373,89.453,14.909,59.635,89.453,29.818,37.272,5.591,37.272
2030,sc01,02-25 19:00:00+01:00,0.368,88.205,14.701,58.804,88.205,29.402,36.752,5.513,36.752
2030,sc01,02-25 20:00:00+01:00,0.358,85.805,14.301,57.204,85.805,28.602,35.752,5.363,35.752
2030,sc01,02-25 21:00:00+01:00,0.346,83.102,13.85,55.402,83.102,27.701,34.626,5.194,34.626
2030,sc01,02-25 22:00:00+01:00,0.33,79.128,13.188,52.752,79.128,26.376,32.97,4.946,32.97
2030,sc01,02-25 23:00:00+01:00,0.314,75.327,12.555,50.218,75.327,25.109,31.386,4.708,31.386
2030,sc01,02-26 00:00:00+01:00,0.305,73.307,12.218,48.871,73.307,24.436,30.545,4.582,30.545
2030,sc01,02-26 01:00:00+01:00,0.299,71.837,11.973,47.892,71.837,23.946,29.932,4.49,29.932
2030,sc01,02-26 02:00:00+01:00,0.296,71.024,11.837,47.349,71.024,23.675,29.593,4.439,29.593
2030,sc01,02-26 03:00:00+01:00,0.3,72.078,12.013,48.052,72.078,24.026,30.032,4.505,30.032
2030,sc01,02-26 04:00:00+01:00,0.32,76.838,12.806,51.225,76.838,25.613,32.016,4.802,32.016
2030,sc01,02-26 05:00:00+01:00,0.351,84.341,14.057,56.227,84.341,28.114,35.142,5.271,35.142
2030,sc01,02-26 06:00:00+01:00,0.384,92.058,15.343,61.372,92.058,30.686,38.357,5.754,38.357
2030,sc01,02-26 07:00:00+01:00,0.406,97.461,16.243,64.974,97.461,32.487,40.609,6.091,40.609
2030,sc01,02-26 08:00:00+01:00,0.417,100.162,16.694,66.775,100.162,33.387,41.734,6.26,41.734
2030,sc01,02-26 09:00:00+01:00,0.422,101.4,16.9,67.6,101.4,33.8,42.25,6.337,42.25
2030,sc01,02-26 10:00:00+01:00,0.422,101.241,16.874,67.494,101.241,33.747,42.184,6.328,42.184
2030,sc01,02-26 11:00:00+01:00,0.418,100.201,16.7,66.801,100.201,33.4,41.75,6.263,41.75
2030,sc01,02-26 12:00:00+01:00,0.415,99.688,16.615,66.459,99.688,33.229,41.537,6.23,41.537
2030,sc01,02-26 13:00:00+01:00,0.41,98.353,16.392,65.569,98.353,32.784,40.981,6.147,40.981
2030,sc01,02-26 14:00:00+01:00,0.406,97.396,16.233,64.931,97.396,32.465,40.582,6.087,40.582
2030,sc01,02-26 15:00:00+01:00,0.406,97.366,16.228,64.911,97.366,32.455,40.569,6.085,40.569
2030,sc01,02-26 16:00:00+01:00,0.416,99.791,16.632,66.527,99.791,33.264,41.579,6.237,41.579
2030,sc01,02-26 17:00:00+01:00,0.429,102.949,17.158,68.633,102.949,34.316,42.896,6.434,42.896
2030,sc01,02-26 18:00:00+01:00,0.426,102.305,17.051,68.203,102.305,34.102,42.627,6.394,42.627
2030,sc01,02-26 19:00:00+01:00,0.412,98.931,16.488,65.954,98.931,32.977,41.221,6.183,41.221
2030,sc01,02-26 20:00:00+01:00,0.394,94.549,15.758,63.033,94.549,31.516,39.395,5.909,39.395
2030,sc01,02-26 21:00:00+01:00,0.375,90.016,15.003,60.011,90.016,30.005,37.507,5.626,37.507
2030,sc01,02-26 22:00:00+01:00,0.354,85.065,14.177,56.71,85.065,28.355,35.444,5.317,35.444
2030,sc01,02-26 23:00:00+01:00,0.335,80.296,13.383,53.531,80.296,26.765,33.457,5.019,33.457
2030,sc01,02-27 00:00:00+01:00,0.325,77.983,12.997,51.989,77.983,25.994,32.493,4.874,32.493
2030,sc01,02-27 01:00:00+01:00,0.318,76.296,12.716,50.864,76.296,25.432,31.79,4.768,31.79
2030,sc01,02-27 02:00:00+01:00,0.315,75.481,12.58,50.321,75.481,25.16,31.451,4.718,31.451
2030,sc01,02-27 03:00:00+01:00,0.318,76.382,12.73,50.921,76.382,25.461,31.826,4.774,31.826
2030,sc01,02-27 04:00:00+01:00,0.336,80.526,13.421,53.684,80.526,26.842,33.552,5.033,33.552
2030,sc01,02-27 05:00:00+01:00,0.364,87.318,14.553,58.212,87.318,29.106,36.382,5.457,36.382
2030,sc01,02-27 06:00:00+01:00,0.393,94.207,15.701,62.805,94.207,31.402,39.253,5.888,39.253
2030,sc01,02-27 07:00:00+01:00,0.412,98.872,16.479,65.915,98.872,32.957,41.197,6.18,41.197
2030,sc01,02-27 08:00:00+01:00,0.421,101.106,16.851,67.404,101.106,33.702,42.127,6.319,42.127
2030,sc01,02-27 09:00:00+01:00,0.426,102.233,17.039,68.155,102.233,34.078,42.597,6.39,42.597
2030,sc01,02-27 10:00:00+01:00,0.426,102.121,17.02,68.081,102.121,34.04,42.55,6.383,42.55
2030,sc01,02-27 11:00:00+01:00,0.42,100.864,16.811,67.243,100.864,33.621,42.027,6.304,42.027
2030,sc01,02-27 12:00:00+01:00,0.418,100.323,16.72,66.882,100.323,33.441,41.801,6.27,41.801
2030,sc01,02-27 13:00:00+01:00,0.414,99.261,16.543,66.174,99.261,33.087,41.359,6.204,41.359
2030,sc01,02-27 14:00:00+01:00,0.409,98.168,16.361,65.445,98.168,32.723,40.903,6.135,40.903
2030,sc01,02-27 15:00:00+01:00,0.409,98.222,16.37,65.481,98.222,32.741,40.926,6.139,40.926
2030,sc01,02-27 16:00:00+01:00,0.42,100.773,16.796,67.182,100.773,33.591,41.989,6.298,41.989
2030,sc01,02-27 17:00:00+01:00,0.431,103.511,17.252,69.007,103.511,34.504,43.129,6.469,43.129
2030,sc01,02-27 18:00:00+01:00,0.427,102.512,17.085,68.341,102.512,34.171,42.713,6.407,42.713
2030,sc01,02-27 19:00:00+01:00,0.412,98.891,16.482,65.927,98.891,32.964,41.204,6.181,41.204
2030,sc01,02-27 20:00:00+01:00,0.393,94.435,15.739,62.957,94.435,31.478,39.348,5.902,39.348
2030,sc01,02-27 21:00:00+01:00,0.373,89.535,14.923,59.69,89.535,29.845,37.306,5.596,37.306
2030,sc01,02-27 22:00:00+01:00,0.352,84.447,14.074,56.298,84.447,28.149,35.186,5.278,35.186
2030,sc01,02-27 23:00:00+01:00,0.333,79.847,13.308,53.231,79.847,26.616,33.27,4.99,33.27
2030,sc01,02-28 00:00:00+01:00,0.323,77.517,12.92,51.678,77.517,25.839,32.299,4.845,32.299
2030,sc01,02-28 01:00:00+01:00,0.315,75.674,12.612,50.449,75.674,25.225,31.531,4.73,31.531
2030,sc01,02-28 02:00:00+01:00,0.312,74.81,12.468,49.873,74.81,24.937,31.171,4.676,31.171
2030,sc01,02-28 03:00:00+01:00,0.315,75.577,12.596,50.384,75.577,25.192,31.49,4.724,31.49
2030,sc01,02-28 04:00:00+01:00,0.332,79.67,13.278,53.114,79.67,26.557,33.196,4.979,33.196
2030,sc01,02-28 05:00:00+01:00,0.359,86.204,14.367,57.47,86.204,28.735,35.918,5.388,35.918
2030,sc01,02-28 06:00:00+01:00,0.386,92.676,15.446,61.784,92.676,30.892,38.615,5.792,38.615
2030,sc01,02-28 07:00:00+01:00,0.406,97.536,16.256,65.024,97.536,32.512,40.64,6.096,40.64
2030,sc01,02-28 08:00:00+01:00,0.415,99.625,16.604,66.417,99.625,33.208,41.511,6.227,41.511
2030,sc01,02-28 09:00:00+01:00,0.418,100.412,16.735,66.941,100.412,33.471,41.838,6.276,41.838
2030,sc01,02-28 10:00:00+01:00,0.417,100.036,16.673,66.69,100.036,33.345,41.682,6.252,41.682
2030,sc01,02-28 11:00:00+01:00,0.411,98.67,16.445,65.78,98.67,32.89,41.113,6.167,41.113
2030,sc01,02-28 12:00:00+01:00,0.409,98.056,16.343,65.371,98.056,32.685,40.857,6.128,40.857
2030,sc01,02-28 13:00:00+01:00,0.404,96.896,16.149,64.598,96.896,32.299,40.373,6.056,40.373
2030,sc01,02-28 14:00:00+01:00,0.4,96.042,16.007,64.028,96.042,32.014,40.017,6.003,40.017
2030,sc01,02-28 15:00:00+01:00,0.401,96.145,16.024,64.096,96.145,32.048,40.06,6.009,40.06
2030,sc01,02-28 16:00:00+01:00,0.411,98.697,16.449,65.798,98.697,32.899,41.124,6.169,41.124
2030,sc01,02-28 17:00:00+01:00,0.424,101.804,16.967,67.869,101.804,33.935,42.418,6.363,42.418
2030,sc01,02-28 18:00:00+01:00,0.423,101.562,16.927,67.708,101.562,33.854,42.318,6.348,42.318
2030,sc01,02-28 19:00:00+01:00,0.409,98.237,16.373,65.491,98.237,32.746,40.932,6.14,40.932
2030,sc01,02-28 20:00:00+01:00,0.39,93.575,15.596,62.383,93.575,31.192,38.99,5.848,38.99
2030,sc01,02-28 21:00:00+01:00,0.37,88.798,14.8,59.199,88.798,29.599,36.999,5.55,36.999
2030,sc01,02-28 22:00:00+01:00,0.35,84.102,14.017,56.068,84.102,28.034,35.042,5.256,35.042
2030,sc01,02-28 23:00:00+01:00,0.328,78.652,13.109,52.435,78.652,26.217,32.772,4.916,32.772
2030,sc01,03-01 00:00:00+01:00,0.319,76.542,12.757,51.028,76.542,25.514,31.893,4.784,31.893
2030,sc01,03-01 01:00:00+01:00,0.313,75.18,12.53,50.12,75.18,25.06,31.325,4.699,31.325
2030,sc01,03-01 02:00:00+01:00,0.31,74.323,12.387,49.549,74.323,24.774,30.968,4.645,30.968
2030,sc01,03-01 03:00:00+01:00,0.313,75.175,12.529,50.116,75.175,25.058,31.323,4.698,31.323
2030,sc01,03-01 04:00:00+01:00,0.331,79.53,13.255,53.02,79.53,26.51,33.137,4.971,33.137
2030,sc01,03-01 05:00:00+01:00,0.36,86.47,14.412,57.646,86.47,28.823,36.029,5.404,36.029
2030,sc01,03-01 06:00:00+01:00,0.387,92.887,15.481,61.924,92.887,30.962,38.703,5.805,38.703
2030,sc01,03-01 07:00:00+01:00,0.404,96.988,16.165,64.659,96.988,32.329,40.412,6.062,40.412
2030,sc01,03-01 08:00:00+01:00,0.412,98.893,16.482,65.929,98.893,32.964,41.206,6.181,41.206
2030,sc01,03-01 09:00:00+01:00,0.416,99.824,16.637,66.55,99.824,33.275,41.593,6.239,41.593
2030,sc01,03-01 10:00:00+01:00,0.415,99.53,16.588,66.353,99.53,33.177,41.471,6.221,41.471
2030,sc01,03-01 11:00:00+01:00,0.41,98.472,16.412,65.648,98.472,32.824,41.03,6.155,41.03
2030,sc01,03-01 12:00:00+01:00,0.406,97.556,16.259,65.038,97.556,32.519,40.648,6.097,40.648
2030,sc01,03-01 13:00:00+01:00,0.403,96.719,16.12,64.48,96.719,32.24,40.3,6.045,40.3
2030,sc01,03-01 14:00:00+01:00,0.399,95.801,15.967,63.868,95.801,31.934,39.917,5.988,39.917
2030,sc01,03-01 15:00:00+01:00,0.399,95.751,15.959,63.834,95.751,31.917,39.896,5.984,39.896
2030,sc01,03-01 16:00:00+01:00,0.409,98.264,16.377,65.509,98.264,32.755,40.943,6.141,40.943
2030,sc01,03-01 17:00:00+01:00,0.425,102.044,17.007,68.03,102.044,34.015,42.518,6.378,42.518
2030,sc01,03-01 18:00:00+01:00,0.424,101.697,16.949,67.798,101.697,33.899,42.374,6.356,42.374
2030,sc01,03-01 19:00:00+01:00,0.408,97.871,16.312,65.247,97.871,32.624,40.78,6.117,40.78
2030,sc01,03-01 20:00:00+01:00,0.388,93.17,15.528,62.113,93.17,31.057,38.821,5.823,38.821
2030,sc01,03-01 21:00:00+01:00,0.37,88.865,14.811,59.244,88.865,29.622,37.027,5.554,37.027
2030,sc01,03-01 22:00:00+01:00,0.349,83.821,13.97,55.881,83.821,27.94,34.925,5.239,34.925
2030,sc01,03-01 23:00:00+01:00,0.33,79.232,13.205,52.821,79.232,26.411,33.013,4.952,33.013
2030,sc01,03-02 00:00:00+01:00,0.321,76.974,12.829,51.316,76.974,25.658,32.073,4.811,32.073
2030,sc01,03-02 01:00:00+01:00,0.314,75.357,12.56,50.238,75.357,25.119,31.399,4.71,31.399
2030,sc01,03-02 02:00:00+01:00,0.31,74.482,12.414,49.655,74.482,24.827,31.034,4.655,31.034
2030,sc01,03-02 03:00:00+01:00,0.314,75.262,12.544,50.174,75.262,25.087,31.359,4.704,31.359
2030,sc01,03-02 04:00:00+01:00,0.333,79.814,13.302,53.209,79.814,26.605,33.256,4.988,33.256
2030,sc01,03-02 05:00:00+01:00,0.361,86.618,14.436,57.745,86.618,28.873,36.091,5.414,36.091
2030,sc01,03-02 06:00:00+01:00,0.387,92.994,15.499,61.996,92.994,30.998,38.747,5.812,38.747
2030,sc01,03-02 07:00:00+01:00,0.405,97.15,16.192,64.766,97.15,32.383,40.479,6.072,40.479
2030,sc01,03-02 08:00:00+01:00,0.412,98.879,16.48,65.919,98.879,32.96,41.2,6.18,41.2
2030,sc01,03-02 09:00:00+01:00,0.415,99.524,16.587,66.349,99.524,33.175,41.468,6.22,41.468
2030,sc01,03-02 10:00:00+01:00,0.411,98.75,16.458,65.834,98.75,32.917,41.146,6.172,41.146
2030,sc01,03-02 11:00:00+01:00,0.406,97.327,16.221,64.885,97.327,32.442,40.553,6.083,40.553
2030,sc01,03-02 12:00:00+01:00,0.4,95.905,15.984,63.937,95.905,31.968,39.961,5.994,39.961
2030,sc01,03-02 13:00:00+01:00,0.395,94.732,15.789,63.155,94.732,31.577,39.472,5.921,39.472
2030,sc01,03-02 14:00:00+01:00,0.39,93.615,15.602,62.41,93.615,31.205,39.006,5.851,39.006
2030,sc01,03-02 15:00:00+01:00,0.388,93.161,15.527,62.107,93.161,31.054,38.817,5.823,38.817
2030,sc01,03-02 16:00:00+01:00,0.399,95.821,15.97,63.88,95.821,31.94,39.925,5.989,39.925
2030,sc01,03-02 17:00:00+01:00,0.416,99.891,16.649,66.594,99.891,33.297,41.621,6.243,41.621
2030,sc01,03-02 18:00:00+01:00,0.411,98.559,16.426,65.706,98.559,32.853,41.066,6.16,41.066
2030,sc01,03-02 19:00:00+01:00,0.394,94.537,15.756,63.025,94.537,31.512,39.39,5.909,39.39
2030,sc01,03-02 20:00:00+01:00,0.376,90.258,15.043,60.172,90.258,30.086,37.607,5.641,37.607
2030,sc01,03-02 21:00:00+01:00,0.361,86.583,14.431,57.722,86.583,28.861,36.076,5.411,36.076
2030,sc01,03-02 22:00:00+01:00,0.341,81.82,13.637,54.547,81.82,27.273,34.092,5.114,34.092
2030,sc01,03-02 23:00:00+01:00,0.321,77.123,12.854,51.416,77.123,25.708,32.135,4.82,32.135
2030,sc01,03-03 00:00:00+01:00,0.31,74.495,12.416,49.663,74.495,24.832,31.039,4.656,31.039
2030,sc01,03-03 01:00:00+01:00,0.301,72.298,12.05,48.198,72.298,24.099,30.124,4.519,30.124
2030,sc01,03-03 02:00:00+01:00,0.294,70.582,11.764,47.055,70.582,23.527,29.409,4.411,29.409
2030,sc01,03-03 03:00:00+01:00,0.292,70.046,11.674,46.697,70.046,23.349,29.186,4.378,29.186
2030,sc01,03-03 04:00:00+01:00,0.294,70.511,11.752,47.008,70.511,23.504,29.38,4.407,29.38
2030,sc01,03-03 05:00:00+01:00,0.305,73.082,12.18,48.721,73.082,24.361,30.451,4.568,30.451
2030,sc01,03-03 06:00:00+01:00,0.321,76.93,12.822,51.287,76.93,25.643,32.054,4.808,32.054
2030,sc01,03-03 07:00:00+01:00,0.338,81.119,13.52,54.08,81.119,27.04,33.8,5.07,33.8
2030,sc01,03-03 08:00:00+01:00,0.353,84.708,14.118,56.472,84.708,28.236,35.295,5.294,35.295
2030,sc01,03-03 09:00:00+01:00,0.361,86.59,14.432,57.726,86.59,28.863,36.079,5.412,36.079
2030,sc01,03-03 10:00:00+01:00,0.358,86.017,14.336,57.345,86.017,28.672,35.84,5.376,35.84
2030,sc01,03-03 11:00:00+01:00,0.354,84.864,14.144,56.576,84.864,28.288,35.36,5.304,35.36
2030,sc01,03-03 12:00:00+01:00,0.344,82.514,13.752,55.009,82.514,27.505,34.381,5.157,34.381
2030,sc01,03-03 13:00:00+01:00,0.338,81.009,13.501,54.006,81.009,27.003,33.754,5.063,33.754
2030,sc01,03-03 14:00:00+01:00,0.333,79.803,13.3,53.202,79.803,26.601,33.251,4.988,33.251
2030,sc01,03-03 15:00:00+01:00,0.334,80.206,13.368,53.471,80.206,26.735,33.419,5.013,33.419
2030,sc01,03-03 16:00:00+01:00,0.348,83.41,13.902,55.607,83.41,27.803,34.754,5.213,34.754
2030,sc01,03-03 17:00:00+01:00,0.368,88.381,14.73,58.921,88.381,29.46,36.825,5.524,36.825
2030,sc01,03-03 18:00:00+01:00,0.37,88.835,14.806,59.223,88.835,29.612,37.014,5.552,37.014
2030,sc01,03-03 19:00:00+01:00,0.359,86.142,14.357,57.428,86.142,28.714,35.892,5.384,35.892
2030,sc01,03-03 20:00:00+01:00,0.346,83.036,13.839,55.357,83.036,27.679,34.598,5.19,34.598
2030,sc01,03-03 21:00:00+01:00,0.336,80.546,13.424,53.698,80.546,26.849,33.561,5.034,33.561
2030,sc01,03-03 22:00:00+01:00,0.32,76.819,12.803,51.213,76.819,25.606,32.008,4.801,32.008
2030,sc01,03-03 23:00:00+01:00,0.304,72.853,12.142,48.569,72.853,24.284,30.356,4.553,30.356
2030,sc01,03-04 00:00:00+01:00,0.294,70.448,11.741,46.966,70.448,23.483,29.354,4.403,29.354
2030,sc01,03-04 01:00:00+01:00,0.285,68.384,11.397,45.589,68.384,22.795,28.493,4.274,28.493
2030,sc01,03-04 02:00:00+01:00,0.278,66.818,11.136,44.545,66.818,22.273,27.841,4.176,27.841
2030,sc01,03-04 03:00:00+01:00,0.275,65.989,10.998,43.993,65.989,21.996,27.495,4.124,27.495
2030,sc01,03-04 04:00:00+01:00,0.272,65.393,10.899,43.595,65.393,21.798,27.247,4.087,27.247
2030,sc01,03-04 05:00:00+01:00,0.274,65.771,10.962,43.847,65.771,21.924,27.405,4.111,27.405
2030,sc01,03-04 06:00:00+01:00,0.283,67.898,11.316,45.265,67.898,22.633,28.291,4.244,28.291
2030,sc01,03-04 07:00:00+01:00,0.297,71.222,11.87,47.481,71.222,23.741,29.676,4.451,29.676
2030,sc01,03-04 08:00:00+01:00,0.31,74.468,12.411,49.645,74.468,24.823,31.028,4.654,31.028
2030,sc01,03-04 09:00:00+01:00,0.322,77.174,12.862,51.449,77.174,25.725,32.156,4.823,32.156
2030,sc01,03-04 10:00:00+01:00,0.325,77.946,12.991,51.964,77.946,25.982,32.477,4.872,32.477
2030,sc01,03-04 11:00:00+01:00,0.323,77.518,12.92,51.678,77.518,25.839,32.299,4.845,32.299
2030,sc01,03-04 12:00:00+01:00,0.316,75.915,12.652,50.61,75.915,25.305,31.631,4.745,31.631
2030,sc01,03-04 13:00:00+01:00,0.31,74.349,12.391,49.566,74.349,24.783,30.979,4.647,30.979
2030,sc01,03-04 14:00:00+01:00,0.305,73.26,12.21,48.84,73.26,24.42,30.525,4.579,30.525
2030,sc01,03-04 15:00:00+01:00,0.308,73.98,12.33,49.32,73.98,24.66,30.825,4.624,30.825
2030,sc01,03-04 16:00:00+01:00,0.326,78.274,13.046,52.183,78.274,26.091,32.614,4.892,32.614
2030,sc01,03-04 17:00:00+01:00,0.353,84.657,14.11,56.438,84.657,28.219,35.274,5.291,35.274
2030,sc01,03-04 18:00:00+01:00,0.359,86.11,14.352,57.407,86.11,28.703,35.879,5.382,35.879
2030,sc01,03-04 19:00:00+01:00,0.353,84.665,14.111,56.443,84.665,28.222,35.277,5.292,35.277
2030,sc01,03-04 20:00:00+01:00,0.342,82.057,13.676,54.705,82.057,27.352,34.19,5.129,34.19
2030,sc01,03-04 21:00:00+01:00,0.331,79.474,13.246,52.983,79.474,26.491,33.114,4.967,33.114
2030,sc01,03-04 22:00:00+01:00,0.313,75.188,12.531,50.126,75.188,25.063,31.329,4.699,31.329
2030,sc01,03-04 23:00:00+01:00,0.298,71.564,11.927,47.709,71.564,23.855,29.818,4.473,29.818
2030,sc01,03-05 00:00:00+01:00,0.291,69.767,11.628,46.511,69.767,23.256,29.07,4.36,29.07
2030,sc01,03-05 01:00:00+01:00,0.286,68.677,11.446,45.785,68.677,22.892,28.615,4.292,28.615
2030,sc01,03-05 02:00:00+01:00,0.285,68.338,11.39,45.559,68.338,22.779,28.474,4.271,28.474
2030,sc01,03-05 03:00:00+01:00,0.291,69.943,11.657,46.629,69.943,23.314,29.143,4.371,29.143
2030,sc01,03-05 04:00:00+01:00,0.315,75.659,12.61,50.439,75.659,25.22,31.525,4.729,31.525
2030,sc01,03-05 05:00:00+01:00,0.347,83.383,13.897,55.589,83.383,27.794,34.743,5.211,34.743
2030,sc01,03-05 06:00:00+01:00,0.376,90.313,15.052,60.209,90.313,30.104,37.63,5.645,37.63
2030,sc01,03-05 07:00:00+01:00,0.395,94.829,15.805,63.219,94.829,31.61,39.512,5.927,39.512
2030,sc01,03-05 08:00:00+01:00,0.403,96.703,16.117,64.469,96.703,32.234,40.293,6.044,40.293
2030,sc01,03-05 09:00:00+01:00,0.406,97.447,16.241,64.965,97.447,32.482,40.603,6.09,40.603
2030,sc01,03-05 10:00:00+01:00,0.404,96.938,16.156,64.625,96.938,32.313,40.391,6.059,40.391
2030,sc01,03-05 11:00:00+01:00,0.401,96.163,16.027,64.109,96.163,32.054,40.068,6.01,40.068
2030,sc01,03-05 12:00:00+01:00,0.397,95.26,15.877,63.506,95.26,31.753,39.692,5.954,39.692
2030,sc01,03-05 13:00:00+01:00,0.393,94.2,15.7,62.8,94.2,31.4,39.25,5.888,39.25
2030,sc01,03-05 14:00:00+01:00,0.388,93.096,15.516,62.064,93.096,31.032,38.79,5.819,38.79
2030,sc01,03-05 15:00:00+01:00,0.387,92.867,15.478,61.911,92.867,30.956,38.694,5.804,38.694
2030,sc01,03-05 16:00:00+01:00,0.399,95.689,15.948,63.793,95.689,31.896,39.87,5.981,39.87
2030,sc01,03-05 17:00:00+01:00,0.419,100.482,16.747,66.988,100.482,33.494,41.867,6.28,41.867
2030,sc01,03-05 18:00:00+01:00,0.417,100.162,16.694,66.775,100.162,33.387,41.734,6.26,41.734
2030,sc01,03-05 19:00:00+01:00,0.401,96.324,16.054,64.216,96.324,32.108,40.135,6.02,40.135
2030,sc01,03-05 20:00:00+01:00,0.381,91.429,15.238,60.953,91.429,30.476,38.095,5.714,38.095
2030,sc01,03-05 21:00:00+01:00,0.362,86.919,14.487,57.946,86.919,28.973,36.216,5.432,36.216
2030,sc01,03-05 22:00:00+01:00,0.34,81.52,13.587,54.347,81.52,27.173,33.967,5.095,33.967
2030,sc01,03-05 23:00:00+01:00,0.32,76.852,12.809,51.235,76.852,25.617,32.022,4.803,32.022
2030,sc01,03-06 00:00:00+01:00,0.312,74.809,12.468,49.872,74.809,24.936,31.17,4.676,31.17
2030,sc01,03-06 01:00:00+01:00,0.306,73.398,12.233,48.932,73.398,24.466,30.582,4.587,30.582
2030,sc01,03-06 02:00:00+01:00,0.303,72.772,12.129,48.515,72.772,24.257,30.322,4.548,30.322
2030,sc01,03-06 03:00:00+01:00,0.307,73.718,12.286,49.145,73.718,24.573,30.716,4.607,30.716
2030,sc01,03-06 04:00:00+01:00,0.326,78.303,13.05,52.202,78.303,26.101,32.626,4.894,32.626
2030,sc01,03-06 05:00:00+01:00,0.355,85.201,14.2,56.801,85.201,28.4,35.5,5.325,35.5
2030,sc01,03-06 06:00:00+01:00,0.384,92.21,15.368,61.473,92.21,30.737,38.421,5.763,38.421
2030,sc01,03-06 07:00:00+01:00,0.401,96.182,16.03,64.122,96.182,32.061,40.076,6.011,40.076
2030,sc01,03-06 08:00:00+01:00,0.408,97.874,16.312,65.249,97.874,32.625,40.781,6.117,40.781
2030,sc01,03-06 09:00:00+01:00,0.412,98.829,16.472,65.886,98.829,32.943,41.179,6.177,41.179
2030,sc01,03-06 10:00:00+01:00,0.409,98.272,16.379,65.515,98.272,32.757,40.947,6.142,40.947
2030,sc01,03-06 11:00:00+01:00,0.405,97.308,16.218,64.872,97.308,32.436,40.545,6.082,40.545
2030,sc01,03-06 12:00:00+01:00,0.402,96.5,16.083,64.333,96.5,32.167,40.208,6.031,40.208
2030,sc01,03-06 13:00:00+01:00,0.398,95.555,15.926,63.703,95.555,31.852,39.814,5.972,39.814
2030,sc01,03-06 14:00:00+01:00,0.395,94.81,15.802,63.207,94.81,31.603,39.504,5.926,39.504
2030,sc01,03-06 15:00:00+01:00,0.395,94.908,15.818,63.272,94.908,31.636,39.545,5.932,39.545
2030,sc01,03-06 16:00:00+01:00,0.406,97.492,16.249,64.995,97.492,32.497,40.622,6.093,40.622
2030,sc01,03-06 17:00:00+01:00,0.422,101.285,16.881,67.523,101.285,33.762,42.202,6.33,42.202
2030,sc01,03-06 18:00:00+01:00,0.42,100.703,16.784,67.136,100.703,33.568,41.96,6.294,41.96
2030,sc01,03-06 19:00:00+01:00,0.403,96.759,16.126,64.506,96.759,32.253,40.316,6.047,40.316
2030,sc01,03-06 20:00:00+01:00,0.383,91.867,15.311,61.245,91.867,30.622,38.278,5.742,38.278
2030,sc01,03-06 21:00:00+01:00,0.364,87.337,14.556,58.224,87.337,29.112,36.39,5.459,36.39
2030,sc01,03-06 22:00:00+01:00,0.341,81.834,13.639,54.556,81.834,27.278,34.097,5.115,34.097
2030,sc01,03-06 23:00:00+01:00,0.32,76.836,12.806,51.224,76.836,25.612,32.015,4.802,32.015
2030,sc01,03-07 00:00:00+01:00,0.31,74.289,12.382,49.526,74.289,24.763,30.954,4.643,30.954
2030,sc01,03-07 01:00:00+01:00,0.303,72.716,12.119,48.477,72.716,24.239,30.298,4.545,30.298
2030,sc01,03-07 02:00:00+01:00,0.3,71.957,11.993,47.971,71.957,23.986,29.982,4.497,29.982
2030,sc01,03-07 03:00:00+01:00,0.304,72.934,12.156,48.623,72.934,24.311,30.389,4.558,30.389
2030,sc01,03-07 04:00:00+01:00,0.323,77.557,12.926,51.705,77.557,25.852,32.316,4.847,32.316
2030,sc01,03-07 05:00:00+01:00,0.352,84.463,14.077,56.309,84.463,28.154,35.193,5.279,35.193
2030,sc01,03-07 06:00:00+01:00,0.38,91.244,15.207,60.829,91.244,30.415,38.018,5.703,38.018
2030,sc01,03-07 07:00:00+01:00,0.399,95.648,15.941,63.765,95.648,31.883,39.853,5.978,39.853
2030,sc01,03-07 08:00:00+01:00,0.406,97.378,16.23,64.919,97.378,32.459,40.574,6.086,40.574
2030,sc01,03-07 09:00:00+01:00,0.409,98.199,16.367,65.466,98.199,32.733,40.916,6.137,40.916
2030,sc01,03-07 10:00:00+01:00,0.407,97.61,16.268,65.074,97.61,32.537,40.671,6.101,40.671
2030,sc01,03-07 11:00:00+01:00,0.401,96.289,16.048,64.193,96.289,32.096,40.12,6.018,40.12
2030,sc01,03-07 12:00:00+01:00,0.398,95.413,15.902,63.609,95.413,31.804,39.755,5.963,39.755
2030,sc01,03-07 13:00:00+01:00,0.394,94.64,15.773,63.093,94.64,31.547,39.433,5.915,39.433
2030,sc01,03-07 14:00:00+01:00,0.391,93.779,15.63,62.519,93.779,31.26,39.075,5.861,39.075
2030,sc01,03-07 15:00:00+01:00,0.391,93.826,15.638,62.55,93.826,31.275,39.094,5.864,39.094
2030,sc01,03-07 16:00:00+01:00,0.401,96.188,16.031,64.125,96.188,32.063,40.078,6.012,40.078
2030,sc01,03-07 17:00:00+01:00,0.417,100.11,16.685,66.74,100.11,33.37,41.712,6.257,41.712
2030,sc01,03-07 18:00:00+01:00,0.417,99.961,16.66,66.641,99.961,33.32,41.651,6.248,41.651
2030,sc01,03-07 19:00:00+01:00,0.401,96.222,16.037,64.148,96.222,32.074,40.092,6.014,40.092
2030,sc01,03-07 20:00:00+01:00,0.381,91.448,15.241,60.965,91.448,30.483,38.103,5.715,38.103
2030,sc01,03-07 21:00:00+01:00,0.363,87.113,14.519,58.075,87.113,29.038,36.297,5.445,36.297
2030,sc01,03-07 22:00:00+01:00,0.34,81.619,13.603,54.413,81.619,27.206,34.008,5.101,34.008
2030,sc01,03-07 23:00:00+01:00,0.32,76.721,12.787,51.147,76.721,25.574,31.967,4.795,31.967
2030,sc01,03-08 00:00:00+01:00,0.31,74.378,12.396,49.586,74.378,24.793,30.991,4.649,30.991
2030,sc01,03-08 01:00:00+01:00,0.304,72.856,12.143,48.571,72.856,24.285,30.357,4.553,30.357
2030,sc01,03-08 02:00:00+01:00,0.301,72.169,12.028,48.113,72.169,24.056,30.07,4.511,30.07
2030,sc01,03-08 03:00:00+01:00,0.305,73.175,12.196,48.784,73.175,24.392,30.49,4.573,30.49
2030,sc01,03-08 04:00:00+01:00,0.324,77.707,12.951,51.805,77.707,25.902,32.378,4.857,32.378
2030,sc01,03-08 05:00:00+01:00,0.352,84.592,14.099,56.395,84.592,28.197,35.247,5.287,35.247
2030,sc01,03-08 06:00:00+01:00,0.38,91.202,15.2,60.801,91.202,30.401,38.001,5.7,38.001
2030,sc01,03-08 07:00:00+01:00,0.396,95.134,15.856,63.422,95.134,31.711,39.639,5.946,39.639
2030,sc01,03-08 08:00:00+01:00,0.403,96.655,16.109,64.437,96.655,32.218,40.273,6.041,40.273
2030,sc01,03-08 09:00:00+01:00,0.406,97.333,16.222,64.889,97.333,32.444,40.556,6.083,40.556
2030,sc01,03-08 10:00:00+01:00,0.403,96.716,16.119,64.477,96.716,32.239,40.298,6.045,40.298
2030,sc01,03-08 11:00:00+01:00,0.398,95.608,15.935,63.739,95.608,31.869,39.837,5.976,39.837
2030,sc01,03-08 12:00:00+01:00,0.394,94.513,15.752,63.009,94.513,31.504,39.381,5.907,39.381
2030,sc01,03-08 13:00:00+01:00,0.39,93.656,15.609,62.437,93.656,31.219,39.023,5.853,39.023
2030,sc01,03-08 14:00:00+01:00,0.386,92.659,15.443,61.773,92.659,30.886,38.608,5.791,38.608
2030,sc01,03-08 15:00:00+01:00,0.385,92.38,15.397,61.586,92.38,30.793,38.491,5.774,38.491
2030,sc01,03-08 16:00:00+01:00,0.394,94.551,15.759,63.034,94.551,31.517,39.396,5.909,39.396
2030,sc01,03-08 17:00:00+01:00,0.411,98.69,16.448,65.793,98.69,32.897,41.121,6.168,41.121
2030,sc01,03-08 18:00:00+01:00,0.412,98.968,16.495,65.979,98.968,32.989,41.237,6.186,41.237
2030,sc01,03-08 19:00:00+01:00,0.398,95.473,15.912,63.649,95.473,31.824,39.781,5.967,39.781
2030,sc01,03-08 20:00:00+01:00,0.379,90.971,15.162,60.647,90.971,30.324,37.905,5.686,37.905
2030,sc01,03-08 21:00:00+01:00,0.361,86.548,14.425,57.699,86.548,28.849,36.062,5.409,36.062
2030,sc01,03-08 22:00:00+01:00,0.34,81.509,13.585,54.339,81.509,27.17,33.962,5.094,33.962
2030,sc01,03-08 23:00:00+01:00,0.319,76.476,12.746,50.984,76.476,25.492,31.865,4.78,31.865
2030,sc01,03-09 00:00:00+01:00,0.311,74.537,12.423,49.691,74.537,24.846,31.057,4.659,31.057
2030,sc01,03-09 01:00:00+01:00,0.304,72.959,12.16,48.639,72.959,24.32,30.4,4.56,30.4
2030,sc01,03-09 02:00:00+01:00,0.301,72.209,12.035,48.139,72.209,24.07,30.087,4.513,30.087
2030,sc01,03-09 03:00:00+01:00,0.305,73.216,12.203,48.811,73.216,24.405,30.507,4.576,30.507
2030,sc01,03-09 04:00:00+01:00,0.324,77.811,12.968,51.874,77.811,25.937,32.421,4.863,32.421
2030,sc01,03-09 05:00:00+01:00,0.353,84.612,14.102,56.408,84.612,28.204,35.255,5.288,35.255
2030,sc01,03-09 06:00:00+01:00,0.38,91.277,15.213,60.852,91.277,30.426,38.032,5.705,38.032
2030,sc01,03-09 07:00:00+01:00,0.397,95.368,15.895,63.578,95.368,31.789,39.737,5.96,39.737
2030,sc01,03-09 08:00:00+01:00,0.405,97.129,16.188,64.753,97.129,32.376,40.47,6.071,40.47
2030,sc01,03-09 09:00:00+01:00,0.407,97.725,16.287,65.15,97.725,32.575,40.719,6.108,40.719
2030,sc01,03-09 10:00:00+01:00,0.405,97.286,16.214,64.858,97.286,32.429,40.536,6.08,40.536
2030,sc01,03-09 11:00:00+01:00,0.401,96.155,16.026,64.103,96.155,32.052,40.065,6.01,40.065
2030,sc01,03-09 12:00:00+01:00,0.395,94.91,15.818,63.273,94.91,31.637,39.546,5.932,39.546
2030,sc01,03-09 13:00:00+01:00,0.391,93.752,15.625,62.501,93.752,31.251,39.063,5.86,39.063
2030,sc01,03-09 14:00:00+01:00,0.385,92.414,15.402,61.609,92.414,30.805,38.506,5.776,38.506
2030,sc01,03-09 15:00:00+01:00,0.383,91.878,15.313,61.252,91.878,30.626,38.283,5.742,38.283
2030,sc01,03-09 16:00:00+01:00,0.39,93.677,15.613,62.451,93.677,31.226,39.032,5.855,39.032
2030,sc01,03-09 17:00:00+01:00,0.406,97.344,16.224,64.896,97.344,32.448,40.56,6.084,40.56
2030,sc01,03-09 18:00:00+01:00,0.406,97.521,16.253,65.014,97.521,32.507,40.634,6.095,40.634
2030,sc01,03-09 19:00:00+01:00,0.392,93.989,15.665,62.659,93.989,31.33,39.162,5.874,39.162
2030,sc01,03-09 20:00:00+01:00,0.373,89.538,14.923,59.692,89.538,29.846,37.308,5.596,37.308
2030,sc01,03-09 21:00:00+01:00,0.358,85.873,14.312,57.249,85.873,28.624,35.781,5.367,35.781
2030,sc01,03-09 22:00:00+01:00,0.338,81.048,13.508,54.032,81.048,27.016,33.77,5.066,33.77
2030,sc01,03-09 23:00:00+01:00,0.318,76.436,12.739,50.957,76.436,25.479,31.848,4.777,31.848
2030,sc01,03-10 00:00:00+01:00,0.309,74.087,12.348,49.391,74.087,24.696,30.87,4.63,30.87
2030,sc01,03-10 01:00:00+01:00,0.3,72.012,12.002,48.008,72.012,24.004,30.005,4.501,30.005
2030,sc01,03-10 02:00:00+01:00,0.295,70.74,11.79,47.16,70.74,23.58,29.475,4.421,29.475
2030,sc01,03-10 03:00:00+01:00,0.293,70.321,11.72,46.88,70.321,23.44,29.3,4.395,29.3
2030,sc01,03-10 04:00:00+01:00,0.295,70.708,11.785,47.139,70.708,23.569,29.462,4.419,29.462
2030,sc01,03-10 05:00:00+01:00,0.305,73.106,12.184,48.737,73.106,24.369,30.461,4.569,30.461
2030,sc01,03-10 06:00:00+01:00,0.323,77.418,12.903,51.612,77.418,25.806,32.257,4.839,32.257
2030,sc01,03-10 07:00:00+01:00,0.339,81.402,13.567,54.268,81.402,27.134,33.917,5.088,33.917
2030,sc01,03-10 08:00:00+01:00,0.352,84.494,14.082,56.33,84.494,28.165,35.206,5.281,35.206
2030,sc01,03-10 09:00:00+01:00,0.357,85.698,14.283,57.132,85.698,28.566,35.707,5.356,35.707
2030,sc01,03-10 10:00:00+01:00,0.354,85.075,14.179,56.717,85.075,28.358,35.448,5.317,35.448
2030,sc01,03-10 11:00:00+01:00,0.349,83.843,13.974,55.895,83.843,27.948,34.934,5.24,34.934
2030,sc01,03-10 12:00:00+01:00,0.339,81.422,13.57,54.282,81.422,27.141,33.926,5.089,33.926
2030,sc01,03-10 13:00:00+01:00,0.333,79.852,13.309,53.235,79.852,26.617,33.272,4.991,33.272
2030,sc01,03-10 14:00:00+01:00,0.328,78.628,13.105,52.419,78.628,26.209,32.762,4.914,32.762
2030,sc01,03-10 15:00:00+01:00,0.328,78.736,13.123,52.491,78.736,26.245,32.807,4.921,32.807
2030,sc01,03-10 16:00:00+01:00,0.34,81.551,13.592,54.367,81.551,27.184,33.979,5.097,33.979
2030,sc01,03-10 17:00:00+01:00,0.363,87.018,14.503,58.012,87.018,29.006,36.258,5.439,36.258
2030,sc01,03-10 18:00:00+01:00,0.368,88.376,14.729,58.917,88.376,29.459,36.823,5.523,36.823
2030,sc01,03-10 19:00:00+01:00,0.358,85.859,14.31,57.24,85.859,28.62,35.775,5.366,35.775
2030,sc01,03-10 20:00:00+01:00,0.344,82.619,13.77,55.079,82.619,27.54,34.425,5.164,34.425
2030,sc01,03-10 21:00:00+01:00,0.334,80.201,13.367,53.467,80.201,26.734,33.417,5.013,33.417
2030,sc01,03-10 22:00:00+01:00,0.318,76.334,12.722,50.889,76.334,25.445,31.806,4.771,31.806
2030,sc01,03-10 23:00:00+01:00,0.301,72.19,12.032,48.127,72.19,24.063,30.079,4.512,30.079
2030,sc01,03-11 00:00:00+01:00,0.292,70.021,11.67,46.68,70.021,23.34,29.175,4.376,29.175
2030,sc01,03-11 01:00:00+01:00,0.283,68.007,11.335,45.338,68.007,22.669,28.336,4.25,28.336
2030,sc01,03-11 02:00:00+01:00,0.277,66.368,11.061,44.246,66.368,22.123,27.653,4.148,27.653
2030,sc01,03-11 03:00:00+01:00,0.274,65.811,10.968,43.874,65.811,21.937,27.421,4.113,27.421
2030,sc01,03-11 04:00:00+01:00,0.272,65.171,10.862,43.447,65.171,21.724,27.155,4.073,27.155
2030,sc01,03-11 05:00:00+01:00,0.273,65.455,10.909,43.637,65.455,21.818,27.273,4.091,27.273
2030,sc01,03-11 06:00:00+01:00,0.281,67.494,11.249,44.996,67.494,22.498,28.122,4.218,28.122
2030,sc01,03-11 07:00:00+01:00,0.296,71.145,11.857,47.43,71.145,23.715,29.644,4.447,29.644
2030,sc01,03-11 08:00:00+01:00,0.309,74.172,12.362,49.448,74.172,24.724,30.905,4.636,30.905
2030,sc01,03-11 09:00:00+01:00,0.318,76.231,12.705,50.821,76.231,25.41,31.763,4.764,31.763
2030,sc01,03-11 10:00:00+01:00,0.32,76.778,12.796,51.185,76.778,25.593,31.991,4.799,31.991
2030,sc01,03-11 11:00:00+01:00,0.317,76.194,12.699,50.796,76.194,25.398,31.747,4.762,31.747
2030,sc01,03-11 12:00:00+01:00,0.309,74.228,12.371,49.486,74.228,24.743,30.928,4.639,30.928
2030,sc01,03-11 13:00:00+01:00,0.301,72.305,12.051,48.203,72.305,24.102,30.127,4.519,30.127
2030,sc01,03-11 14:00:00+01:00,0.296,71.128,11.855,47.419,71.128,23.709,29.637,4.446,29.637
2030,sc01,03-11 15:00:00+01:00,0.298,71.516,11.919,47.677,71.516,23.839,29.798,4.47,29.798
2030,sc01,03-11 16:00:00+01:00,0.314,75.359,12.56,50.239,75.359,25.12,31.4,4.71,31.4
2030,sc01,03-11 17:00:00+01:00,0.342,82.199,13.7,54.8,82.199,27.4,34.25,5.137,34.25
2030,sc01,03-11 18:00:00+01:00,0.356,85.424,14.237,56.949,85.424,28.475,35.593,5.339,35.593
2030,sc01,03-11 19:00:00+01:00,0.352,84.367,14.061,56.245,84.367,28.122,35.153,5.273,35.153
2030,sc01,03-11 20:00:00+01:00,0.341,81.746,13.624,54.497,81.746,27.249,34.061,5.109,34.061
2030,sc01,03-11 21:00:00+01:00,0.329,78.895,13.149,52.597,78.895,26.298,32.873,4.931,32.873
2030,sc01,03-11 22:00:00+01:00,0.31,74.513,12.419,49.675,74.513,24.838,31.047,4.657,31.047
2030,sc01,03-11 23:00:00+01:00,0.295,70.69,11.782,47.127,70.69,23.563,29.454,4.418,29.454
2030,sc01,03-12 00:00:00+01:00,0.288,69.07,11.512,46.047,69.07,23.023,28.779,4.317,28.779
2030,sc01,03-12 01:00:00+01:00,0.283,68.0,11.333,45.334,68.0,22.667,28.333,4.25,28.333
2030,sc01,03-12 02:00:00+01:00,0.282,67.677,11.279,45.118,67.677,22.559,28.199,4.23,28.199
2030,sc01,03-12 03:00:00+01:00,0.288,69.237,11.539,46.158,69.237,23.079,28.849,4.327,28.849
2030,sc01,03-12 04:00:00+01:00,0.312,74.896,12.483,49.931,74.896,24.965,31.207,4.681,31.207
2030,sc01,03-12 05:00:00+01:00,0.343,82.391,13.732,54.927,82.391,27.464,34.33,5.149,34.33
2030,sc01,03-12 06:00:00+01:00,0.372,89.244,14.874,59.496,89.244,29.748,37.185,5.578,37.185
2030,sc01,03-12 07:00:00+01:00,0.388,93.16,15.527,62.107,93.16,31.053,38.817,5.823,38.817
2030,sc01,03-12 08:00:00+01:00,0.396,94.956,15.826,63.304,94.956,31.652,39.565,5.935,39.565
2030,sc01,03-12 09:00:00+01:00,0.397,95.372,15.895,63.582,95.372,31.791,39.739,5.961,39.739
2030,sc01,03-12 10:00:00+01:00,0.395,94.797,15.8,63.198,94.797,31.599,39.499,5.925,39.499
2030,sc01,03-12 11:00:00+01:00,0.39,93.668,15.611,62.445,93.668,31.223,39.028,5.854,39.028
2030,sc01,03-12 12:00:00+01:00,0.385,92.432,15.405,61.621,92.432,30.811,38.513,5.777,38.513
2030,sc01,03-12 13:00:00+01:00,0.381,91.334,15.222,60.889,91.334,30.445,38.056,5.708,38.056
2030,sc01,03-12 14:00:00+01:00,0.376,90.219,15.036,60.146,90.219,30.073,37.591,5.639,37.591
2030,sc01,03-12 15:00:00+01:00,0.374,89.69,14.948,59.793,89.69,29.897,37.371,5.606,37.371
2030,sc01,03-12 16:00:00+01:00,0.382,91.747,15.291,61.165,91.747,30.582,38.228,5.734,38.228
2030,sc01,03-12 17:00:00+01:00,0.405,97.147,16.191,64.764,97.147,32.382,40.478,6.072,40.478
2030,sc01,03-12 18:00:00+01:00,0.409,98.172,16.362,65.448,98.172,32.724,40.905,6.136,40.905
2030,sc01,03-12 19:00:00+01:00,0.394,94.637,15.773,63.091,94.637,31.546,39.432,5.915,39.432
2030,sc01,03-12 20:00:00+01:00,0.373,89.561,14.927,59.707,89.561,29.854,37.317,5.598,37.317
2030,sc01,03-12 21:00:00+01:00,0.354,85.062,14.177,56.708,85.062,28.354,35.442,5.316,35.442
2030,sc01,03-12 22:00:00+01:00,0.332,79.797,13.299,53.198,79.797,26.599,33.249,4.987,33.249
2030,sc01,03-12 23:00:00+01:00,0.313,75.166,12.528,50.111,75.166,25.055,31.319,4.698,31.319
2030,sc01,03-13 00:00:00+01:00,0.306,73.401,12.234,48.934,73.401,24.467,30.584,4.588,30.584
2030,sc01,03-13 01:00:00+01:00,0.3,71.893,11.982,47.928,71.893,23.964,29.955,4.493,29.955
2030,sc01,03-13 02:00:00+01:00,0.298,71.455,11.909,47.637,71.455,23.818,29.773,4.466,29.773
2030,sc01,03-13 03:00:00+01:00,0.302,72.546,12.091,48.364,72.546,24.182,30.227,4.534,30.227
2030,sc01,03-13 04:00:00+01:00,0.321,77.087,12.848,51.391,77.087,25.696,32.119,4.818,32.119
2030,sc01,03-13 05:00:00+01:00,0.349,83.756,13.959,55.837,83.756,27.919,34.898,5.235,34.898
2030,sc01,03-13 06:00:00+01:00,0.375,90.088,15.015,60.059,90.088,30.029,37.537,5.631,37.537
2030,sc01,03-13 07:00:00+01:00,0.39,93.697,15.616,62.464,93.697,31.232,39.04,5.856,39.04
2030,sc01,03-13 08:00:00+01:00,0.396,94.932,15.822,63.288,94.932,31.644,39.555,5.933,39.555
2030,sc01,03-13 09:00:00+01:00,0.396,94.997,15.833,63.331,94.997,31.666,39.582,5.937,39.582
2030,sc01,03-13 10:00:00+01:00,0.393,94.208,15.701,62.806,94.208,31.403,39.253,5.888,39.253
2030,sc01,03-13 11:00:00+01:00,0.388,93.013,15.502,62.008,93.013,31.004,38.755,5.813,38.755
2030,sc01,03-13 12:00:00+01:00,0.382,91.762,15.294,61.175,91.762,30.587,38.234,5.735,38.234
2030,sc01,03-13 13:00:00+01:00,0.378,90.626,15.104,60.418,90.626,30.209,37.761,5.664,37.761
2030,sc01,03-13 14:00:00+01:00,0.374,89.861,14.977,59.907,89.861,29.954,37.442,5.616,37.442
2030,sc01,03-13 15:00:00+01:00,0.373,89.456,14.909,59.638,89.456,29.819,37.273,5.591,37.273
2030,sc01,03-13 16:00:00+01:00,0.381,91.433,15.239,60.955,91.433,30.478,38.097,5.715,38.097
2030,sc01,03-13 17:00:00+01:00,0.402,96.49,16.082,64.327,96.49,32.163,40.204,6.031,40.204
2030,sc01,03-13 18:00:00+01:00,0.407,97.638,16.273,65.092,97.638,32.546,40.683,6.102,40.683
2030,sc01,03-13 19:00:00+01:00,0.393,94.34,15.723,62.893,94.34,31.447,39.308,5.896,39.308
2030,sc01,03-13 20:00:00+01:00,0.373,89.468,14.911,59.645,89.468,29.823,37.278,5.592,37.278
2030,sc01,03-13 21:00:00+01:00,0.354,84.871,14.145,56.581,84.871,28.29,35.363,5.304,35.363
2030,sc01,03-13 22:00:00+01:00,0.332,79.585,13.264,53.057,79.585,26.528,33.16,4.974,33.16
2030,sc01,03-13 23:00:00+01:00,0.312,74.923,12.487,49.949,74.923,24.974,31.218,4.683,31.218
2030,sc01,03-14 00:00:00+01:00,0.305,73.278,12.213,48.852,73.278,24.426,30.532,4.58,30.532
2030,sc01,03-14 01:00:00+01:00,0.3,71.882,11.98,47.921,71.882,23.961,29.951,4.493,29.951
2030,sc01,03-14 02:00:00+01:00,0.297,71.195,11.866,47.464,71.195,23.732,29.665,4.45,29.665
2030,sc01,03-14 03:00:00+01:00,0.302,72.535,12.089,48.357,72.535,24.178,30.223,4.533,30.223
2030,sc01,03-14 04:00:00+01:00,0.32,76.892,12.815,51.261,76.892,25.631,32.038,4.806,32.038
2030,sc01,03-14 05:00:00+01:00,0.348,83.633,13.939,55.755,83.633,27.878,34.847,5.227,34.847
2030,sc01,03-14 06:00:00+01:00,0.376,90.145,15.024,60.096,90.145,30.048,37.56,5.634,37.56
2030,sc01,03-14 07:00:00+01:00,0.391,93.866,15.644,62.577,93.866,31.289,39.111,5.867,39.111
2030,sc01,03-14 08:00:00+01:00,0.396,95.148,15.858,63.432,95.148,31.716,39.645,5.947,39.645
2030,sc01,03-14 09:00:00+01:00,0.396,95.145,15.858,63.43,95.145,31.715,39.644,5.947,39.644
2030,sc01,03-14 10:00:00+01:00,0.394,94.477,15.746,62.985,94.477,31.492,39.365,5.905,39.365
2030,sc01,03-14 11:00:00+01:00,0.388,93.091,15.515,62.061,93.091,31.03,38.788,5.818,38.788
2030,sc01,03-14 12:00:00+01:00,0.383,92.018,15.336,61.345,92.018,30.673,38.341,5.751,38.341
2030,sc01,03-14 13:00:00+01:00,0.379,90.878,15.146,60.586,90.878,30.293,37.866,5.68,37.866
2030,sc01,03-14 14:00:00+01:00,0.375,89.991,14.999,59.994,89.991,29.997,37.496,5.624,37.496
2030,sc01,03-14 15:00:00+01:00,0.373,89.574,14.929,59.716,89.574,29.858,37.323,5.598,37.323
2030,sc01,03-14 16:00:00+01:00,0.381,91.423,15.237,60.948,91.423,30.474,38.093,5.714,38.093
2030,sc01,03-14 17:00:00+01:00,0.403,96.732,16.122,64.488,96.732,32.244,40.305,6.046,40.305
2030,sc01,03-14 18:00:00+01:00,0.408,97.908,16.318,65.272,97.908,32.636,40.795,6.119,40.795
2030,sc01,03-14 19:00:00+01:00,0.394,94.608,15.768,63.072,94.608,31.536,39.42,5.913,39.42
2030,sc01,03-14 20:00:00+01:00,0.374,89.667,14.944,59.778,89.667,29.889,37.361,5.604,37.361
2030,sc01,03-14 21:00:00+01:00,0.355,85.297,14.216,56.865,85.297,28.432,35.54,5.331,35.54
2030,sc01,03-14 22:00:00+01:00,0.333,80.027,13.338,53.351,80.027,26.676,33.345,5.002,33.345
2030,sc01,03-14 23:00:00+01:00,0.314,75.34,12.557,50.227,75.34,25.113,31.392,4.709,31.392
2030,sc01,03-15 00:00:00+01:00,0.305,73.169,12.195,48.779,73.169,24.39,30.487,4.573,30.487
2030,sc01,03-15 01:00:00+01:00,0.299,71.799,11.966,47.866,71.799,23.933,29.916,4.487,29.916
2030,sc01,03-15 02:00:00+01:00,0.297,71.215,11.869,47.477,71.215,23.738,29.673,4.451,29.673
2030,sc01,03-15 03:00:00+01:00,0.301,72.214,12.036,48.143,72.214,24.071,30.089,4.513,30.089
2030,sc01,03-15 04:00:00+01:00,0.319,76.567,12.761,51.044,76.567,25.522,31.903,4.785,31.903
2030,sc01,03-15 05:00:00+01:00,0.347,83.343,13.891,55.562,83.343,27.781,34.726,5.209,34.726
2030,sc01,03-15 06:00:00+01:00,0.374,89.671,14.945,59.781,89.671,29.89,37.363,5.604,37.363
2030,sc01,03-15 07:00:00+01:00,0.389,93.285,15.547,62.19,93.285,31.095,38.869,5.83,38.869
2030,sc01,03-15 08:00:00+01:00,0.394,94.583,15.764,63.055,94.583,31.528,39.41,5.911,39.41
2030,sc01,03-15 09:00:00+01:00,0.395,94.877,15.813,63.251,94.877,31.626,39.532,5.93,39.532
2030,sc01,03-15 10:00:00+01:00,0.392,93.978,15.663,62.652,93.978,31.326,39.157,5.874,39.157
2030,sc01,03-15 11:00:00+01:00,0.387,92.781,15.464,61.854,92.781,30.927,38.659,5.799,38.659
2030,sc01,03-15 12:00:00+01:00,0.382,91.711,15.285,61.141,91.711,30.57,38.213,5.732,38.213
2030,sc01,03-15 13:00:00+01:00,0.378,90.801,15.134,60.534,90.801,30.267,37.834,5.675,37.834
2030,sc01,03-15 14:00:00+01:00,0.374,89.754,14.959,59.836,89.754,29.918,37.398,5.61,37.398
2030,sc01,03-15 15:00:00+01:00,0.372,89.349,14.892,59.566,89.349,29.783,37.229,5.584,37.229
2030,sc01,03-15 16:00:00+01:00,0.381,91.4,15.233,60.933,91.4,30.467,38.083,5.712,38.083
2030,sc01,03-15 17:00:00+01:00,0.403,96.601,16.1,64.401,96.601,32.2,40.251,6.038,40.251
2030,sc01,03-15 18:00:00+01:00,0.406,97.393,16.232,64.929,97.393,32.464,40.581,6.087,40.581
2030,sc01,03-15 19:00:00+01:00,0.393,94.285,15.714,62.857,94.285,31.428,39.285,5.893,39.285
2030,sc01,03-15 20:00:00+01:00,0.373,89.454,14.909,59.636,89.454,29.818,37.273,5.591,37.273
2030,sc01,03-15 21:00:00+01:00,0.355,85.128,14.188,56.752,85.128,28.376,35.47,5.32,35.47
2030,sc01,03-15 22:00:00+01:00,0.333,79.963,13.327,53.308,79.963,26.654,33.318,4.998,33.318
2030,sc01,03-15 23:00:00+01:00,0.314,75.273,12.546,50.182,75.273,25.091,31.364,4.705,31.364
2030,sc01,03-16 00:00:00+01:00,0.305,73.186,12.198,48.791,73.186,24.395,30.494,4.574,30.494
2030,sc01,03-16 01:00:00+01:00,0.299,71.857,11.976,47.905,71.857,23.952,29.941,4.491,29.941
2030,sc01,03-16 02:00:00+01:00,0.297,71.191,11.865,47.46,71.191,23.73,29.663,4.449,29.663
2030,sc01,03-16 03:00:00+01:00,0.302,72.431,12.072,48.287,72.431,24.144,30.18,4.527,30.18
2030,sc01,03-16 04:00:00+01:00,0.32,76.834,12.806,51.223,76.834,25.611,32.014,4.802,32.014
2030,sc01,03-16 05:00:00+01:00,0.348,83.509,13.918,55.672,83.509,27.836,34.795,5.219,34.795
2030,sc01,03-16 06:00:00+01:00,0.375,90.002,15.0,60.001,90.002,30.001,37.501,5.625,37.501
2030,sc01,03-16 07:00:00+01:00,0.39,93.583,15.597,62.389,93.583,31.194,38.993,5.849,38.993
2030,sc01,03-16 08:00:00+01:00,0.395,94.892,15.815,63.262,94.892,31.631,39.539,5.931,39.539
2030,sc01,03-16 09:00:00+01:00,0.397,95.27,15.878,63.513,95.27,31.757,39.696,5.954,39.696
2030,sc01,03-16 10:00:00+01:00,0.394,94.455,15.743,62.97,94.455,31.485,39.356,5.903,39.356
2030,sc01,03-16 11:00:00+01:00,0.388,93.07,15.512,62.047,93.07,31.023,38.779,5.817,38.779
2030,sc01,03-16 12:00:00+01:00,0.382,91.59,15.265,61.06,91.59,30.53,38.163,5.724,38.163
2030,sc01,03-16 13:00:00+01:00,0.376,90.219,15.036,60.146,90.219,30.073,37.591,5.639,37.591
2030,sc01,03-16 14:00:00+01:00,0.372,89.2,14.867,59.467,89.2,29.733,37.167,5.575,37.167
2030,sc01,03-16 15:00:00+01:00,0.369,88.639,14.773,59.093,88.639,29.546,36.933,5.54,36.933
2030,sc01,03-16 16:00:00+01:00,0.377,90.515,15.086,60.344,90.515,30.172,37.715,5.657,37.715
2030,sc01,03-16 17:00:00+01:00,0.397,95.333,15.889,63.555,95.333,31.778,39.722,5.958,39.722
2030,sc01,03-16 18:00:00+01:00,0.4,96.026,16.004,64.018,96.026,32.009,40.011,6.002,40.011
2030,sc01,03-16 19:00:00+01:00,0.385,92.508,15.418,61.672,92.508,30.836,38.545,5.782,38.545
2030,sc01,03-16 20:00:00+01:00,0.368,88.252,14.709,58.835,88.252,29.417,36.772,5.516,36.772
2030,sc01,03-16 21:00:00+01:00,0.353,84.637,14.106,56.424,84.637,28.212,35.265,5.29,35.265
2030,sc01,03-16 22:00:00+01:00,0.333,79.935,13.322,53.29,79.935,26.645,33.306,4.996,33.306
2030,sc01,03-16 23:00:00+01:00,0.313,75.215,12.536,50.143,75.215,25.072,31.339,4.701,31.339
2030,sc01,03-17 00:00:00+01:00,0.303,72.688,12.115,48.459,72.688,24.229,30.287,4.543,30.287
2030,sc01,03-17 01:00:00+01:00,0.296,70.936,11.823,47.291,70.936,23.645,29.557,4.434,29.557
2030,sc01,03-17 02:00:00+01:00,0.29,69.635,11.606,46.423,69.635,23.212,29.015,4.352,29.015
2030,sc01,03-17 03:00:00+01:00,0.288,69.079,11.513,46.052,69.079,23.026,28.783,4.317,28.783
2030,sc01,03-17 04:00:00+01:00,0.29,69.645,11.608,46.43,69.645,23.215,29.019,4.353,29.019
2030,sc01,03-17 05:00:00+01:00,0.299,71.876,11.979,47.918,71.876,23.959,29.948,4.492,29.948
2030,sc01,03-17 06:00:00+01:00,0.317,76.191,12.698,50.794,76.191,25.397,31.746,4.762,31.746
2030,sc01,03-17 07:00:00+01:00,0.335,80.509,13.418,53.672,80.509,26.836,33.545,5.032,33.545
2030,sc01,03-17 08:00:00+01:00,0.349,83.778,13.963,55.852,83.778,27.926,34.907,5.236,34.907
2030,sc01,03-17 09:00:00+01:00,0.354,84.944,14.157,56.629,84.944,28.315,35.393,5.309,35.393
2030,sc01,03-17 10:00:00+01:00,0.353,84.653,14.109,56.435,84.653,28.218,35.272,5.291,35.272
2030,sc01,03-17 11:00:00+01:00,0.349,83.761,13.96,55.84,83.761,27.92,34.9,5.235,34.9
2030,sc01,03-17 12:00:00+01:00,0.34,81.492,13.582,54.328,81.492,27.164,33.955,5.093,33.955
2030,sc01,03-17 13:00:00+01:00,0.332,79.784,13.297,53.19,79.784,26.595,33.243,4.987,33.243
2030,sc01,03-17 14:00:00+01:00,0.327,78.551,13.092,52.367,78.551,26.184,32.73,4.909,32.73
2030,sc01,03-17 15:00:00+01:00,0.328,78.609,13.102,52.406,78.609,26.203,32.754,4.913,32.754
2030,sc01,03-17 16:00:00+01:00,0.336,80.717,13.453,53.812,80.717,26.906,33.632,5.045,33.632
2030,sc01,03-17 17:00:00+01:00,0.356,85.486,14.248,56.991,85.486,28.495,35.619,5.343,35.619
2030,sc01,03-17 18:00:00+01:00,0.363,87.032,14.505,58.021,87.032,29.011,36.263,5.44,36.263
2030,sc01,03-17 19:00:00+01:00,0.353,84.704,14.117,56.47,84.704,28.235,35.294,5.294,35.294
2030,sc01,03-17 20:00:00+01:00,0.34,81.515,13.586,54.343,81.515,27.172,33.965,5.095,33.965
2030,sc01,03-17 21:00:00+01:00,0.33,79.166,13.194,52.777,79.166,26.389,32.986,4.948,32.986
2030,sc01,03-17 22:00:00+01:00,0.313,75.037,12.506,50.024,75.037,25.012,31.265,4.69,31.265
2030,sc01,03-17 23:00:00+01:00,0.295,70.903,11.817,47.269,70.903,23.634,29.543,4.431,29.543
2030,sc01,03-18 00:00:00+01:00,0.286,68.664,11.444,45.776,68.664,22.888,28.61,4.291,28.61
2030,sc01,03-18 01:00:00+01:00,0.279,66.893,11.149,44.595,66.893,22.298,27.872,4.181,27.872
2030,sc01,03-18 02:00:00+01:00,0.273,65.482,10.914,43.655,65.482,21.827,27.284,4.093,27.284
2030,sc01,03-18 03:00:00+01:00,0.271,64.996,10.833,43.331,64.996,21.665,27.082,4.062,27.082
2030,sc01,03-18 04:00:00+01:00,0.269,64.479,10.746,42.986,64.479,21.493,26.866,4.03,26.866
2030,sc01,03-18 05:00:00+01:00,0.27,64.761,10.793,43.174,64.761,21.587,26.984,4.048,26.984
2030,sc01,03-18 06:00:00+01:00,0.28,67.303,11.217,44.868,67.303,22.434,28.043,4.206,28.043
2030,sc01,03-18 07:00:00+01:00,0.297,71.282,11.88,47.522,71.282,23.761,29.701,4.455,29.701
2030,sc01,03-18 08:00:00+01:00,0.311,74.741,12.457,49.828,74.741,24.914,31.142,4.671,31.142
2030,sc01,03-18 09:00:00+01:00,0.323,77.445,12.908,51.63,77.445,25.815,32.269,4.84,32.269
2030,sc01,03-18 10:00:00+01:00,0.326,78.198,13.033,52.132,78.198,26.066,32.582,4.887,32.582
2030,sc01,03-18 11:00:00+01:00,0.324,77.723,12.954,51.815,77.723,25.908,32.385,4.858,32.385
2030,sc01,03-18 12:00:00+01:00,0.317,76.119,12.686,50.746,76.119,25.373,31.716,4.757,31.716
2030,sc01,03-18 13:00:00+01:00,0.31,74.39,12.398,49.593,74.39,24.797,30.996,4.649,30.996
2030,sc01,03-18 14:00:00+01:00,0.306,73.335,12.223,48.89,73.335,24.445,30.556,4.583,30.556
2030,sc01,03-18 15:00:00+01:00,0.307,73.57,12.262,49.047,73.57,24.523,30.654,4.598,30.654
2030,sc01,03-18 16:00:00+01:00,0.319,76.601,12.767,51.067,76.601,25.534,31.917,4.788,31.917
2030,sc01,03-18 17:00:00+01:00,0.343,82.428,13.738,54.952,82.428,27.476,34.345,5.152,34.345
2030,sc01,03-18 18:00:00+01:00,0.356,85.423,14.237,56.949,85.423,28.474,35.593,5.339,35.593
2030,sc01,03-18 19:00:00+01:00,0.354,84.855,14.142,56.57,84.855,28.285,35.356,5.303,35.356
2030,sc01,03-18 20:00:00+01:00,0.345,82.747,13.791,55.165,82.747,27.582,34.478,5.172,34.478
2030,sc01,03-18 21:00:00+01:00,0.334,80.097,13.35,53.398,80.097,26.699,33.374,5.006,33.374
2030,sc01,03-18 22:00:00+01:00,0.316,75.759,12.626,50.506,75.759,25.253,31.566,4.735,31.566
2030,sc01,03-18 23:00:00+01:00,0.301,72.158,12.026,48.106,72.158,24.053,30.066,4.51,30.066
2030,sc01,03-19 00:00:00+01:00,0.294,70.545,11.757,47.03,70.545,23.515,29.394,4.409,29.394
2030,sc01,03-19 01:00:00+01:00,0.289,69.426,11.571,46.284,69.426,23.142,28.928,4.339,28.928
2030,sc01,03-19 02:00:00+01:00,0.287,68.966,11.494,45.978,68.966,22.989,28.736,4.31,28.736
2030,sc01,03-19 03:00:00+01:00,0.293,70.234,11.706,46.822,70.234,23.411,29.264,4.39,29.264
2030,sc01,03-19 04:00:00+01:00,0.313,75.146,12.524,50.097,75.146,25.049,31.311,4.697,31.311
2030,sc01,03-19 05:00:00+01:00,0.342,82.122,13.687,54.748,82.122,27.374,34.218,5.133,34.218
2030,sc01,03-19 06:00:00+01:00,0.371,89.124,14.854,59.416,89.124,29.708,37.135,5.57,37.135
2030,sc01,03-19 07:00:00+01:00,0.393,94.212,15.702,62.808,94.212,31.404,39.255,5.888,39.255
2030,sc01,03-19 08:00:00+01:00,0.403,96.67,16.112,64.447,96.67,32.223,40.279,6.042,40.279
2030,sc01,03-19 09:00:00+01:00,0.408,97.921,16.32,65.28,97.921,32.64,40.8,6.12,40.8
2030,sc01,03-19 10:00:00+01:00,0.408,97.86,16.31,65.24,97.86,32.62,40.775,6.116,40.775
2030,sc01,03-19 11:00:00+01:00,0.404,96.862,16.144,64.575,96.862,32.287,40.359,6.054,40.359
2030,sc01,03-19 12:00:00+01:00,0.401,96.167,16.028,64.111,96.167,32.056,40.069,6.01,40.069
2030,sc01,03-19 13:00:00+01:00,0.397,95.352,15.892,63.568,95.352,31.784,39.73,5.959,39.73
2030,sc01,03-19 14:00:00+01:00,0.394,94.665,15.777,63.11,94.665,31.555,39.444,5.917,39.444
2030,sc01,03-19 15:00:00+01:00,0.393,94.26,15.71,62.84,94.26,31.42,39.275,5.891,39.275
2030,sc01,03-19 16:00:00+01:00,0.398,95.474,15.912,63.65,95.474,31.825,39.781,5.967,39.781
2030,sc01,03-19 17:00:00+01:00,0.415,99.482,16.58,66.321,99.482,33.161,41.451,6.218,41.451
2030,sc01,03-19 18:00:00+01:00,0.417,100.16,16.693,66.773,100.16,33.387,41.733,6.26,41.733
2030,sc01,03-19 19:00:00+01:00,0.404,96.874,16.146,64.582,96.874,32.291,40.364,6.055,40.364
2030,sc01,03-19 20:00:00+01:00,0.385,92.338,15.39,61.559,92.338,30.779,38.474,5.771,38.474
2030,sc01,03-19 21:00:00+01:00,0.367,88.027,14.671,58.685,88.027,29.342,36.678,5.502,36.678
2030,sc01,03-19 22:00:00+01:00,0.345,82.855,13.809,55.236,82.855,27.618,34.523,5.178,34.523
2030,sc01,03-19 23:00:00+01:00,0.327,78.46,13.077,52.306,78.46,26.153,32.691,4.904,32.691
2030,sc01,03-20 00:00:00+01:00,0.32,76.688,12.781,51.125,76.688,25.563,31.953,4.793,31.953
2030,sc01,03-20 01:00:00+01:00,0.314,75.348,12.558,50.232,75.348,25.116,31.395,4.709,31.395
2030,sc01,03-20 02:00:00+01:00,0.311,74.587,12.431,49.725,74.587,24.862,31.078,4.662,31.078
2030,sc01,03-20 03:00:00+01:00,0.315,75.523,12.587,50.349,75.523,25.174,31.468,4.72,31.468
2030,sc01,03-20 04:00:00+01:00,0.331,79.54,13.257,53.027,79.54,26.513,33.142,4.971,33.142
2030,sc01,03-20 05:00:00+01:00,0.358,86.011,14.335,57.34,86.011,28.67,35.838,5.376,35.838
2030,sc01,03-20 06:00:00+01:00,0.387,92.904,15.484,61.936,92.904,30.968,38.71,5.807,38.71
2030,sc01,03-20 07:00:00+01:00,0.405,97.171,16.195,64.781,97.171,32.39,40.488,6.073,40.488
2030,sc01,03-20 08:00:00+01:00,0.414,99.301,16.55,66.201,99.301,33.1,41.375,6.206,41.375
2030,sc01,03-20 09:00:00+01:00,0.418,100.413,16.735,66.942,100.413,33.471,41.839,6.276,41.839
2030,sc01,03-20 10:00:00+01:00,0.417,100.146,16.691,66.764,100.146,33.382,41.727,6.259,41.727
2030,sc01,03-20 11:00:00+01:00,0.412,98.94,16.49,65.96,98.94,32.98,41.225,6.184,41.225
2030,sc01,03-20 12:00:00+01:00,0.409,98.196,16.366,65.464,98.196,32.732,40.915,6.137,40.915
2030,sc01,03-20 13:00:00+01:00,0.406,97.424,16.237,64.949,97.424,32.475,40.593,6.089,40.593
2030,sc01,03-20 14:00:00+01:00,0.403,96.651,16.109,64.434,96.651,32.217,40.271,6.041,40.271
2030,sc01,03-20 15:00:00+01:00,0.401,96.18,16.03,64.12,96.18,32.06,40.075,6.011,40.075
2030,sc01,03-20 16:00:00+01:00,0.407,97.583,16.264,65.055,97.583,32.528,40.659,6.099,40.659
2030,sc01,03-20 17:00:00+01:00,0.422,101.23,16.872,67.487,101.23,33.743,42.179,6.327,42.179
2030,sc01,03-20 18:00:00+01:00,0.424,101.828,16.971,67.885,101.828,33.943,42.428,6.364,42.428
2030,sc01,03-20 19:00:00+01:00,0.411,98.655,16.442,65.77,98.655,32.885,41.106,6.166,41.106
2030,sc01,03-20 20:00:00+01:00,0.392,94.115,15.686,62.743,94.115,31.372,39.214,5.882,39.214
2030,sc01,03-20 21:00:00+01:00,0.374,89.65,14.942,59.767,89.65,29.883,37.354,5.603,37.354
2030,sc01,03-20 22:00:00+01:00,0.351,84.146,14.024,56.097,84.146,28.049,35.061,5.259,35.061
2030,sc01,03-20 23:00:00+01:00,0.333,79.89,13.315,53.26,79.89,26.63,33.287,4.993,33.287
2030,sc01,03-21 00:00:00+01:00,0.326,78.329,13.055,52.219,78.329,26.11,32.637,4.896,32.637
2030,sc01,03-21 01:00:00+01:00,0.32,76.86,12.81,51.24,76.86,25.62,32.025,4.804,32.025
2030,sc01,03-21 02:00:00+01:00,0.318,76.264,12.711,50.843,76.264,25.421,31.777,4.767,31.777
2030,sc01,03-21 03:00:00+01:00,0.322,77.201,12.867,51.467,77.201,25.734,32.167,4.825,32.167
2030,sc01,03-21 04:00:00+01:00,0.338,81.209,13.535,54.139,81.209,27.07,33.837,5.076,33.837
2030,sc01,03-21 05:00:00+01:00,0.364,87.467,14.578,58.311,87.467,29.156,36.445,5.467,36.445
2030,sc01,03-21 06:00:00+01:00,0.393,94.288,15.715,62.859,94.288,31.429,39.287,5.893,39.287
2030,sc01,03-21 07:00:00+01:00,0.409,98.225,16.371,65.483,98.225,32.742,40.927,6.139,40.927
2030,sc01,03-21 08:00:00+01:00,0.418,100.409,16.735,66.939,100.409,33.47,41.837,6.276,41.837
2030,sc01,03-21 09:00:00+01:00,0.422,101.223,16.871,67.482,101.223,33.741,42.176,6.326,42.176
2030,sc01,03-21 10:00:00+01:00,0.42,100.722,16.787,67.148,100.722,33.574,41.968,6.295,41.968
2030,sc01,03-21 11:00:00+01:00,0.415,99.707,16.618,66.471,99.707,33.236,41.545,6.232,41.545
2030,sc01,03-21 12:00:00+01:00,0.411,98.651,16.442,65.767,98.651,32.884,41.105,6.166,41.105
2030,sc01,03-21 13:00:00+01:00,0.407,97.692,16.282,65.128,97.692,32.564,40.705,6.106,40.705
2030,sc01,03-21 14:00:00+01:00,0.404,96.901,16.15,64.601,96.901,32.3,40.375,6.056,40.375
2030,sc01,03-21 15:00:00+01:00,0.402,96.595,16.099,64.396,96.595,32.198,40.248,6.037,40.248
2030,sc01,03-21 16:00:00+01:00,0.407,97.598,16.266,65.065,97.598,32.533,40.666,6.1,40.666
2030,sc01,03-21 17:00:00+01:00,0.422,101.276,16.879,67.517,101.276,33.759,42.198,6.33,42.198
2030,sc01,03-21 18:00:00+01:00,0.426,102.156,17.026,68.104,102.156,34.052,42.565,6.385,42.565
2030,sc01,03-21 19:00:00+01:00,0.413,99.185,16.531,66.123,99.185,33.062,41.327,6.199,41.327
2030,sc01,03-21 20:00:00+01:00,0.394,94.45,15.742,62.967,94.45,31.483,39.354,5.903,39.354
2030,sc01,03-21 21:00:00+01:00,0.375,90.026,15.004,60.017,90.026,30.009,37.511,5.627,37.511
2030,sc01,03-21 22:00:00+01:00,0.353,84.819,14.137,56.546,84.819,28.273,35.341,5.301,35.341
2030,sc01,03-21 23:00:00+01:00,0.335,80.459,13.41,53.639,80.459,26.82,33.525,5.029,33.525
2030,sc01,03-22 00:00:00+01:00,0.329,78.842,13.14,52.561,78.842,26.281,32.851,4.928,32.851
2030,sc01,03-22 01:00:00+01:00,0.322,77.311,12.885,51.541,77.311,25.77,32.213,4.832,32.213
2030,sc01,03-22 02:00:00+01:00,0.319,76.444,12.741,50.963,76.444,25.481,31.852,4.778,31.852
2030,sc01,03-22 03:00:00+01:00,0.321,77.114,12.852,51.409,77.114,25.705,32.131,4.82,32.131
2030,sc01,03-22 04:00:00+01:00,0.338,81.111,13.519,54.074,81.111,27.037,33.796,5.069,33.796
2030,sc01,03-22 05:00:00+01:00,0.365,87.601,14.6,58.401,87.601,29.2,36.501,5.475,36.501
2030,sc01,03-22 06:00:00+01:00,0.394,94.532,15.755,63.021,94.532,31.511,39.388,5.908,39.388
2030,sc01,03-22 07:00:00+01:00,0.412,98.763,16.461,65.842,98.763,32.921,41.151,6.173,41.151
2030,sc01,03-22 08:00:00+01:00,0.419,100.677,16.779,67.118,100.677,33.559,41.949,6.292,41.949
2030,sc01,03-22 09:00:00+01:00,0.424,101.758,16.96,67.839,101.758,33.919,42.399,6.36,42.399
2030,sc01,03-22 10:00:00+01:00,0.421,101.109,16.851,67.406,101.109,33.703,42.129,6.319,42.129
2030,sc01,03-22 11:00:00+01:00,0.417,100.132,16.689,66.754,100.132,33.377,41.721,6.258,41.721
2030,sc01,03-22 12:00:00+01:00,0.413,99.226,16.538,66.15,99.226,33.075,41.344,6.202,41.344
2030,sc01,03-22 13:00:00+01:00,0.41,98.293,16.382,65.528,98.293,32.764,40.955,6.143,40.955
2030,sc01,03-22 14:00:00+01:00,0.406,97.462,16.244,64.975,97.462,32.487,40.609,6.091,40.609
2030,sc01,03-22 15:00:00+01:00,0.405,97.317,16.22,64.878,97.317,32.439,40.549,6.082,40.549
2030,sc01,03-22 16:00:00+01:00,0.409,98.25,16.375,65.5,98.25,32.75,40.938,6.141,40.938
2030,sc01,03-22 17:00:00+01:00,0.424,101.779,16.963,67.853,101.779,33.926,42.408,6.361,42.408
2030,sc01,03-22 18:00:00+01:00,0.427,102.51,17.085,68.34,102.51,34.17,42.712,6.407,42.712
2030,sc01,03-22 19:00:00+01:00,0.414,99.368,16.561,66.245,99.368,33.123,41.403,6.211,41.403
2030,sc01,03-22 20:00:00+01:00,0.394,94.537,15.756,63.025,94.537,31.512,39.391,5.909,39.391
2030,sc01,03-22 21:00:00+01:00,0.375,89.985,14.998,59.99,89.985,29.995,37.494,5.624,37.494
2030,sc01,03-22 22:00:00+01:00,0.353,84.762,14.127,56.508,84.762,28.254,35.317,5.298,35.317
2030,sc01,03-22 23:00:00+01:00,0.335,80.293,13.382,53.529,80.293,26.764,33.455,5.018,33.455
2030,sc01,03-23 00:00:00+01:00,0.327,78.503,13.084,52.335,78.503,26.168,32.71,4.906,32.71
2030,sc01,03-23 01:00:00+01:00,0.321,77.051,12.842,51.368,77.051,25.684,32.105,4.816,32.105
2030,sc01,03-23 02:00:00+01:00,0.318,76.298,12.716,50.866,76.298,25.433,31.791,4.769,31.791
2030,sc01,03-23 03:00:00+01:00,0.321,77.11,12.852,51.406,77.11,25.703,32.129,4.819,32.129
2030,sc01,03-23 04:00:00+01:00,0.337,80.78,13.463,53.853,80.78,26.927,33.658,5.049,33.658
2030,sc01,03-23 05:00:00+01:00,0.364,87.242,14.54,58.161,87.242,29.081,36.351,5.453,36.351
2030,sc01,03-23 06:00:00+01:00,0.391,93.74,15.623,62.494,93.74,31.247,39.058,5.859,39.058
2030,sc01,03-23 07:00:00+01:00,0.409,98.119,16.353,65.413,98.119,32.706,40.883,6.132,40.883
2030,sc01,03-23 08:00:00+01:00,0.418,100.251,16.708,66.834,100.251,33.417,41.771,6.266,41.771
2030,sc01,03-23 09:00:00+01:00,0.421,100.999,16.833,67.333,100.999,33.666,42.083,6.312,42.083
2030,sc01,03-23 10:00:00+01:00,0.419,100.524,16.754,67.016,100.524,33.508,41.885,6.283,41.885
2030,sc01,03-23 11:00:00+01:00,0.414,99.456,16.576,66.304,99.456,33.152,41.44,6.216,41.44
2030,sc01,03-23 12:00:00+01:00,0.409,98.242,16.374,65.495,98.242,32.747,40.934,6.14,40.934
2030,sc01,03-23 13:00:00+01:00,0.404,97.077,16.18,64.718,97.077,32.359,40.449,6.067,40.449
2030,sc01,03-23 14:00:00+01:00,0.401,96.277,16.046,64.185,96.277,32.092,40.115,6.017,40.115
2030,sc01,03-23 15:00:00+01:00,0.398,95.566,15.928,63.711,95.566,31.855,39.819,5.973,39.819
2030,sc01,03-23 16:00:00+01:00,0.403,96.629,16.105,64.419,96.629,32.21,40.262,6.039,40.262
2030,sc01,03-23 17:00:00+01:00,0.417,100.014,16.669,66.676,100.014,33.338,41.673,6.251,41.673
2030,sc01,03-23 18:00:00+01:00,0.416,99.777,16.629,66.518,99.777,33.259,41.574,6.236,41.574
2030,sc01,03-23 19:00:00+01:00,0.402,96.509,16.085,64.34,96.509,32.17,40.212,6.032,40.212
2030,sc01,03-23 20:00:00+01:00,0.384,92.046,15.341,61.364,92.046,30.682,38.353,5.753,38.353
2030,sc01,03-23 21:00:00+01:00,0.369,88.557,14.76,59.038,88.557,29.519,36.899,5.535,36.899
2030,sc01,03-23 22:00:00+01:00,0.348,83.577,13.93,55.718,83.577,27.859,34.824,5.224,34.824
2030,sc01,03-23 23:00:00+01:00,0.33,79.12,13.187,52.747,79.12,26.373,32.967,4.945,32.967
2030,sc01,03-24 00:00:00+01:00,0.321,77.074,12.846,51.383,77.074,25.691,32.114,4.817,32.114
2030,sc01,03-24 01:00:00+01:00,0.312,74.88,12.48,49.92,74.88,24.96,31.2,4.68,31.2
2030,sc01,03-24 02:00:00+01:00,0.306,73.452,12.242,48.968,73.452,24.484,30.605,4.591,30.605
2030,sc01,03-24 03:00:00+01:00,0.303,72.84,12.14,48.56,72.84,24.28,30.35,4.552,30.35
2030,sc01,03-24 04:00:00+01:00,0.304,72.846,12.141,48.564,72.846,24.282,30.353,4.553,30.353
2030,sc01,03-24 05:00:00+01:00,0.313,75.064,12.511,50.043,75.064,25.021,31.277,4.692,31.277
2030,sc01,03-24 06:00:00+01:00,0.332,79.661,13.277,53.107,79.661,26.554,33.192,4.979,33.192
2030,sc01,03-24 07:00:00+01:00,0.351,84.232,14.039,56.155,84.232,28.077,35.097,5.265,35.097
2030,sc01,03-24 08:00:00+01:00,0.367,87.997,14.666,58.665,87.997,29.332,36.665,5.5,36.665
2030,sc01,03-24 09:00:00+01:00,0.372,89.213,14.869,59.475,89.213,29.738,37.172,5.576,37.172
2030,sc01,03-24 10:00:00+01:00,0.371,88.969,14.828,59.312,88.969,29.656,37.07,5.561,37.07
2030,sc01,03-24 11:00:00+01:00,0.366,87.877,14.646,58.584,87.877,29.292,36.615,5.492,36.615
2030,sc01,03-24 12:00:00+01:00,0.358,85.872,14.312,57.248,85.872,28.624,35.78,5.367,35.78
2030,sc01,03-24 13:00:00+01:00,0.351,84.232,14.039,56.154,84.232,28.077,35.096,5.264,35.096
2030,sc01,03-24 14:00:00+01:00,0.346,83.026,13.838,55.351,83.026,27.675,34.594,5.189,34.594
2030,sc01,03-24 15:00:00+01:00,0.345,82.914,13.819,55.276,82.914,27.638,34.547,5.182,34.547
2030,sc01,03-24 16:00:00+01:00,0.353,84.811,14.135,56.541,84.811,28.27,35.338,5.301,35.338
2030,sc01,03-24 17:00:00+01:00,0.373,89.472,14.912,59.648,89.472,29.824,37.28,5.592,37.28
2030,sc01,03-24 18:00:00+01:00,0.378,90.826,15.138,60.55,90.826,30.275,37.844,5.677,37.844
2030,sc01,03-24 19:00:00+01:00,0.368,88.324,14.721,58.883,88.324,29.441,36.802,5.52,36.802
2030,sc01,03-24 20:00:00+01:00,0.354,85.003,14.167,56.668,85.003,28.334,35.418,5.313,35.418
2030,sc01,03-24 21:00:00+01:00,0.343,82.26,13.71,54.84,82.26,27.42,34.275,5.141,34.275
2030,sc01,03-24 22:00:00+01:00,0.324,77.837,12.973,51.891,77.837,25.946,32.432,4.865,32.432
2030,sc01,03-24 23:00:00+01:00,0.307,73.649,12.275,49.099,73.649,24.55,30.687,4.603,30.687
2030,sc01,03-25 00:00:00+01:00,0.297,71.368,11.895,47.579,71.368,23.789,29.737,4.461,29.737
2030,sc01,03-25 01:00:00+01:00,0.291,69.813,11.635,46.542,69.813,23.271,29.089,4.363,29.089
2030,sc01,03-25 02:00:00+01:00,0.279,66.87,11.145,44.58,66.87,22.29,27.863,4.179,27.863
2030,sc01,03-25 03:00:00+01:00,0.274,65.84,10.973,43.893,65.84,21.947,27.433,4.115,27.433
2030,sc01,03-25 04:00:00+01:00,0.278,66.809,11.135,44.54,66.809,22.27,27.837,4.176,27.837
2030,sc01,03-25 05:00:00+01:00,0.281,67.528,11.255,45.018,67.528,22.509,28.137,4.22,28.137
2030,sc01,03-25 06:00:00+01:00,0.292,70.019,11.67,46.68,70.019,23.34,29.175,4.376,29.175
2030,sc01,03-25 07:00:00+01:00,0.306,73.412,12.235,48.941,73.412,24.471,30.588,4.588,30.588
2030,sc01,03-25 08:00:00+01:00,0.32,76.817,12.803,51.212,76.817,25.606,32.007,4.801,32.007
2030,sc01,03-25 09:00:00+01:00,0.327,78.551,13.092,52.368,78.551,26.184,32.73,4.909,32.73
2030,sc01,03-25 10:00:00+01:00,0.33,79.159,13.193,52.773,79.159,26.386,32.983,4.947,32.983
2030,sc01,03-25 11:00:00+01:00,0.323,77.421,12.903,51.614,77.421,25.807,32.259,4.839,32.259
2030,sc01,03-25 12:00:00+01:00,0.313,75.151,12.525,50.101,75.151,25.05,31.313,4.697,31.313
2030,sc01,03-25 13:00:00+01:00,0.307,73.659,12.276,49.106,73.659,24.553,30.691,4.604,30.691
2030,sc01,03-25 14:00:00+01:00,0.304,72.862,12.144,48.575,72.862,24.287,30.359,4.554,30.359
2030,sc01,03-25 15:00:00+01:00,0.307,73.77,12.295,49.18,73.77,24.59,30.737,4.611,30.737
2030,sc01,03-25 16:00:00+01:00,0.319,76.523,12.754,51.015,76.523,25.508,31.885,4.783,31.885
2030,sc01,03-25 17:00:00+01:00,0.337,80.835,13.473,53.89,80.835,26.945,33.681,5.052,33.681
2030,sc01,03-25 18:00:00+01:00,0.352,84.494,14.082,56.33,84.494,28.165,35.206,5.281,35.206
2030,sc01,03-25 19:00:00+01:00,0.351,84.168,14.028,56.112,84.168,28.056,35.07,5.261,35.07
2030,sc01,03-25 20:00:00+01:00,0.342,81.994,13.666,54.663,81.994,27.331,34.164,5.125,34.164
2030,sc01,03-25 21:00:00+01:00,0.325,77.933,12.989,51.956,77.933,25.978,32.472,4.871,32.472
2030,sc01,03-25 22:00:00+01:00,0.307,73.798,12.3,49.199,73.798,24.599,30.749,4.612,30.749
2030,sc01,03-25 23:00:00+01:00,0.297,71.268,11.878,47.512,71.268,23.756,29.695,4.454,29.695
2030,sc01,03-26 00:00:00+01:00,0.293,70.342,11.724,46.895,70.342,23.447,29.309,4.396,29.309
2030,sc01,03-26 01:00:00+01:00,0.291,69.945,11.658,46.63,69.945,23.315,29.144,4.372,29.144
2030,sc01,03-26 02:00:00+01:00,0.297,71.253,11.875,47.502,71.253,23.751,29.689,4.453,29.689
2030,sc01,03-26 03:00:00+01:00,0.32,76.782,12.797,51.188,76.782,25.594,31.993,4.799,31.993
2030,sc01,03-26 04:00:00+01:00,0.351,84.345,14.057,56.23,84.345,28.115,35.144,5.272,35.144
2030,sc01,03-26 05:00:00+01:00,0.378,90.824,15.137,60.549,90.824,30.275,37.843,5.676,37.843
2030,sc01,03-26 06:00:00+01:00,0.397,95.204,15.867,63.469,95.204,31.735,39.668,5.95,39.668
2030,sc01,03-26 07:00:00+01:00,0.404,96.995,16.166,64.663,96.995,32.332,40.414,6.062,40.414
2030,sc01,03-26 08:00:00+01:00,0.407,97.653,16.276,65.102,97.653,32.551,40.689,6.103,40.689
2030,sc01,03-26 09:00:00+01:00,0.405,97.305,16.217,64.87,97.305,32.435,40.544,6.082,40.544
2030,sc01,03-26 10:00:00+01:00,0.4,96.023,16.004,64.015,96.023,32.008,40.01,6.001,40.01
2030,sc01,03-26 11:00:00+01:00,0.396,94.936,15.823,63.29,94.936,31.645,39.556,5.933,39.556
2030,sc01,03-26 12:00:00+01:00,0.389,93.28,15.547,62.187,93.28,31.093,38.867,5.83,38.867
2030,sc01,03-26 13:00:00+01:00,0.383,92.035,15.339,61.357,92.035,30.678,38.348,5.752,38.348
2030,sc01,03-26 14:00:00+01:00,0.378,90.619,15.103,60.412,90.619,30.206,37.758,5.664,37.758
2030,sc01,03-26 15:00:00+01:00,0.375,89.962,14.994,59.975,89.962,29.987,37.484,5.623,37.484
2030,sc01,03-26 16:00:00+01:00,0.377,90.576,15.096,60.384,90.576,30.192,37.74,5.661,37.74
2030,sc01,03-26 17:00:00+01:00,0.387,92.929,15.488,61.953,92.929,30.976,38.72,5.808,38.72
2030,sc01,03-26 18:00:00+01:00,0.391,93.767,15.628,62.512,93.767,31.256,39.07,5.86,39.07
2030,sc01,03-26 19:00:00+01:00,0.377,90.491,15.082,60.327,90.491,30.164,37.705,5.656,37.705
2030,sc01,03-26 20:00:00+01:00,0.359,86.167,14.361,57.445,86.167,28.722,35.903,5.385,35.903
2030,sc01,03-26 21:00:00+01:00,0.34,81.531,13.589,54.354,81.531,27.177,33.971,5.096,33.971
2030,sc01,03-26 22:00:00+01:00,0.32,76.696,12.783,51.13,76.696,25.565,31.956,4.793,31.956
2030,sc01,03-26 23:00:00+01:00,0.31,74.455,12.409,49.636,74.455,24.818,31.023,4.653,31.023
2030,sc01,03-27 00:00:00+01:00,0.305,73.25,12.208,48.834,73.25,24.417,30.521,4.578,30.521
2030,sc01,03-27 01:00:00+01:00,0.303,72.75,12.125,48.5,72.75,24.25,30.312,4.547,30.312
2030,sc01,03-27 02:00:00+01:00,0.307,73.743,12.29,49.162,73.743,24.581,30.726,4.609,30.726
2030,sc01,03-27 03:00:00+01:00,0.326,78.274,13.046,52.182,78.274,26.091,32.614,4.892,32.614
2030,sc01,03-27 04:00:00+01:00,0.357,85.647,14.274,57.098,85.647,28.549,35.686,5.353,35.686
2030,sc01,03-27 05:00:00+01:00,0.381,91.429,15.238,60.952,91.429,30.476,38.095,5.714,38.095
2030,sc01,03-27 06:00:00+01:00,0.397,95.283,15.88,63.522,95.283,31.761,39.701,5.955,39.701
2030,sc01,03-27 07:00:00+01:00,0.403,96.647,16.108,64.431,96.647,32.216,40.27,6.04,40.27
2030,sc01,03-27 08:00:00+01:00,0.405,97.223,16.204,64.815,97.223,32.408,40.51,6.076,40.51
2030,sc01,03-27 09:00:00+01:00,0.402,96.566,16.094,64.378,96.566,32.189,40.236,6.035,40.236
2030,sc01,03-27 10:00:00+01:00,0.397,95.344,15.891,63.563,95.344,31.781,39.727,5.959,39.727
2030,sc01,03-27 11:00:00+01:00,0.392,93.962,15.66,62.642,93.962,31.321,39.151,5.873,39.151
2030,sc01,03-27 12:00:00+01:00,0.386,92.57,15.428,61.714,92.57,30.857,38.571,5.786,38.571
2030,sc01,03-27 13:00:00+01:00,0.381,91.469,15.245,60.98,91.469,30.49,38.112,5.717,38.112
2030,sc01,03-27 14:00:00+01:00,0.376,90.281,15.047,60.187,90.281,30.094,37.617,5.643,37.617
2030,sc01,03-27 15:00:00+01:00,0.374,89.709,14.952,59.806,89.709,29.903,37.379,5.607,37.379
2030,sc01,03-27 16:00:00+01:00,0.377,90.463,15.077,60.309,90.463,30.154,37.693,5.654,37.693
2030,sc01,03-27 17:00:00+01:00,0.386,92.621,15.437,61.747,92.621,30.874,38.592,5.789,38.592
2030,sc01,03-27 18:00:00+01:00,0.389,93.361,15.56,62.241,93.361,31.12,38.9,5.835,38.9
2030,sc01,03-27 19:00:00+01:00,0.376,90.129,15.022,60.086,90.129,30.043,37.554,5.633,37.554
2030,sc01,03-27 20:00:00+01:00,0.357,85.766,14.294,57.177,85.766,28.589,35.736,5.36,35.736
2030,sc01,03-27 21:00:00+01:00,0.338,81.166,13.528,54.111,81.166,27.055,33.819,5.073,33.819
2030,sc01,03-27 22:00:00+01:00,0.318,76.272,12.712,50.848,76.272,25.424,31.78,4.767,31.78
2030,sc01,03-27 23:00:00+01:00,0.307,73.709,12.285,49.139,73.709,24.57,30.712,4.607,30.712
2030,sc01,03-28 00:00:00+01:00,0.302,72.527,12.088,48.352,72.527,24.176,30.22,4.533,30.22
2030,sc01,03-28 01:00:00+01:00,0.3,72.108,12.018,48.072,72.108,24.036,30.045,4.507,30.045
2030,sc01,03-28 02:00:00+01:00,0.305,73.119,12.187,48.746,73.119,24.373,30.466,4.57,30.466
2030,sc01,03-28 03:00:00+01:00,0.324,77.689,12.948,51.793,77.689,25.896,32.37,4.856,32.37
2030,sc01,03-28 04:00:00+01:00,0.353,84.829,14.138,56.553,84.829,28.276,35.345,5.302,35.345
2030,sc01,03-28 05:00:00+01:00,0.379,90.853,15.142,60.569,90.853,30.284,37.855,5.678,37.855
2030,sc01,03-28 06:00:00+01:00,0.394,94.667,15.778,63.111,94.667,31.556,39.445,5.917,39.445
2030,sc01,03-28 07:00:00+01:00,0.4,96.068,16.011,64.045,96.068,32.023,40.028,6.004,40.028
2030,sc01,03-28 08:00:00+01:00,0.402,96.547,16.091,64.365,96.547,32.182,40.228,6.034,40.228
2030,sc01,03-28 09:00:00+01:00,0.4,96.05,16.008,64.034,96.05,32.017,40.021,6.003,40.021
2030,sc01,03-28 10:00:00+01:00,0.395,94.711,15.785,63.141,94.711,31.57,39.463,5.919,39.463
2030,sc01,03-28 11:00:00+01:00,0.39,93.501,15.584,62.334,93.501,31.167,38.959,5.844,38.959
2030,sc01,03-28 12:00:00+01:00,0.384,92.257,15.376,61.505,92.257,30.752,38.44,5.766,38.44
2030,sc01,03-28 13:00:00+01:00,0.382,91.592,15.265,61.061,91.592,30.531,38.163,5.724,38.163
2030,sc01,03-28 14:00:00+01:00,0.377,90.495,15.083,60.33,90.495,30.165,37.706,5.656,37.706
2030,sc01,03-28 15:00:00+01:00,0.375,90.104,15.017,60.069,90.104,30.035,37.543,5.631,37.543
2030,sc01,03-28 16:00:00+01:00,0.379,90.969,15.161,60.646,90.969,30.323,37.904,5.686,37.904
2030,sc01,03-28 17:00:00+01:00,0.388,93.01,15.502,62.007,93.01,31.003,38.754,5.813,38.754
2030,sc01,03-28 18:00:00+01:00,0.39,93.685,15.614,62.457,93.685,31.228,39.036,5.855,39.036
2030,sc01,03-28 19:00:00+01:00,0.376,90.261,15.043,60.174,90.261,30.087,37.609,5.641,37.609
2030,sc01,03-28 20:00:00+01:00,0.359,86.203,14.367,57.469,86.203,28.734,35.918,5.388,35.918
2030,sc01,03-28 21:00:00+01:00,0.339,81.44,13.573,54.294,81.44,27.147,33.933,5.09,33.933
2030,sc01,03-28 22:00:00+01:00,0.319,76.513,12.752,51.009,76.513,25.504,31.881,4.782,31.881
2030,sc01,03-28 23:00:00+01:00,0.308,73.896,12.316,49.264,73.896,24.632,30.79,4.618,30.79
2030,sc01,03-29 00:00:00+01:00,0.303,72.664,12.111,48.443,72.664,24.221,30.277,4.542,30.277
2030,sc01,03-29 01:00:00+01:00,0.3,72.046,12.008,48.031,72.046,24.015,30.019,4.503,30.019
2030,sc01,03-29 02:00:00+01:00,0.304,72.879,12.147,48.586,72.879,24.293,30.366,4.555,30.366
2030,sc01,03-29 03:00:00+01:00,0.323,77.406,12.901,51.604,77.406,25.802,32.253,4.838,32.253
2030,sc01,03-29 04:00:00+01:00,0.353,84.679,14.113,56.453,84.679,28.226,35.283,5.292,35.283
2030,sc01,03-29 05:00:00+01:00,0.379,90.856,15.143,60.571,90.856,30.285,37.857,5.678,37.857
2030,sc01,03-29 06:00:00+01:00,0.394,94.64,15.773,63.094,94.64,31.547,39.433,5.915,39.433
2030,sc01,03-29 07:00:00+01:00,0.402,96.442,16.074,64.294,96.442,32.147,40.184,6.028,40.184
2030,sc01,03-29 08:00:00+01:00,0.405,97.124,16.187,64.749,97.124,32.375,40.468,6.07,40.468
2030,sc01,03-29 09:00:00+01:00,0.403,96.798,16.133,64.532,96.798,32.266,40.333,6.05,40.333
2030,sc01,03-29 10:00:00+01:00,0.399,95.646,15.941,63.764,95.646,31.882,39.853,5.978,39.853
2030,sc01,03-29 11:00:00+01:00,0.395,94.708,15.785,63.138,94.708,31.569,39.461,5.919,39.461
2030,sc01,03-29 12:00:00+01:00,0.391,93.869,15.645,62.58,93.869,31.29,39.112,5.867,39.112
2030,sc01,03-29 13:00:00+01:00,0.386,92.759,15.46,61.839,92.759,30.92,38.649,5.797,38.649
2030,sc01,03-29 14:00:00+01:00,0.383,91.845,15.308,61.23,91.845,30.615,38.269,5.74,38.269
2030,sc01,03-29 15:00:00+01:00,0.38,91.223,15.204,60.815,91.223,30.408,38.01,5.701,38.01
2030,sc01,03-29 16:00:00+01:00,0.384,92.124,15.354,61.416,92.124,30.708,38.385,5.758,38.385
2030,sc01,03-29 17:00:00+01:00,0.39,93.678,15.613,62.452,93.678,31.226,39.032,5.855,39.032
2030,sc01,03-29 18:00:00+01:00,0.392,94.083,15.68,62.722,94.083,31.361,39.201,5.88,39.201
2030,sc01,03-29 19:00:00+01:00,0.378,90.664,15.111,60.443,90.664,30.221,37.777,5.666,37.777
2030,sc01,03-29 20:00:00+01:00,0.36,86.46,14.41,57.64,86.46,28.82,36.025,5.404,36.025
2030,sc01,03-29 21:00:00+01:00,0.34,81.711,13.619,54.474,81.711,27.237,34.046,5.107,34.046
2030,sc01,03-29 22:00:00+01:00,0.321,77.059,12.843,51.373,77.059,25.686,32.108,4.816,32.108
2030,sc01,03-29 23:00:00+01:00,0.31,74.371,12.395,49.58,74.371,24.79,30.988,4.648,30.988
2030,sc01,03-30 00:00:00+01:00,0.305,73.267,12.211,48.845,73.267,24.422,30.528,4.579,30.528
2030,sc01,03-30 01:00:00+01:00,0.303,72.67,12.112,48.446,72.67,24.223,30.279,4.542,30.279
2030,sc01,03-30 02:00:00+01:00,0.306,73.532,12.255,49.021,73.532,24.511,30.638,4.596,30.638
2030,sc01,03-30 03:00:00+01:00,0.324,77.798,12.966,51.865,77.798,25.933,32.416,4.862,32.416
2030,sc01,03-30 04:00:00+01:00,0.354,85.017,14.169,56.678,85.017,28.339,35.424,5.314,35.424
2030,sc01,03-30 05:00:00+01:00,0.38,91.121,15.187,60.747,91.121,30.374,37.967,5.695,37.967
2030,sc01,03-30 06:00:00+01:00,0.396,95.059,15.843,63.373,95.059,31.686,39.608,5.941,39.608
2030,sc01,03-30 07:00:00+01:00,0.403,96.799,16.133,64.533,96.799,32.266,40.333,6.05,40.333
2030,sc01,03-30 08:00:00+01:00,0.406,97.514,16.252,65.009,97.514,32.505,40.631,6.095,40.631
2030,sc01,03-30 09:00:00+01:00,0.404,97.032,16.172,64.688,97.032,32.344,40.43,6.065,40.43
2030,sc01,03-30 10:00:00+01:00,0.398,95.621,15.937,63.747,95.621,31.874,39.842,5.976,39.842
2030,sc01,03-30 11:00:00+01:00,0.393,94.218,15.703,62.812,94.218,31.406,39.258,5.889,39.258
2030,sc01,03-30 12:00:00+01:00,0.387,92.901,15.484,61.934,92.901,30.967,38.709,5.806,38.709
2030,sc01,03-30 13:00:00+01:00,0.382,91.687,15.281,61.125,91.687,30.562,38.203,5.73,38.203
2030,sc01,03-30 14:00:00+01:00,0.378,90.687,15.114,60.458,90.687,30.229,37.786,5.668,37.786
2030,sc01,03-30 15:00:00+01:00,0.376,90.141,15.023,60.094,90.141,30.047,37.559,5.634,37.559
2030,sc01,03-30 16:00:00+01:00,0.378,90.743,15.124,60.495,90.743,30.248,37.809,5.671,37.809
2030,sc01,03-30 17:00:00+01:00,0.384,92.144,15.357,61.43,92.144,30.715,38.393,5.759,38.393
2030,sc01,03-30 18:00:00+01:00,0.383,91.961,15.327,61.307,91.961,30.654,38.317,5.748,38.317
2030,sc01,03-30 19:00:00+01:00,0.37,88.869,14.812,59.246,88.869,29.623,37.029,5.554,37.029
2030,sc01,03-30 20:00:00+01:00,0.357,85.764,14.294,57.176,85.764,28.588,35.735,5.36,35.735
2030,sc01,03-30 21:00:00+01:00,0.339,81.349,13.558,54.233,81.349,27.116,33.895,5.084,33.895
2030,sc01,03-30 22:00:00+01:00,0.319,76.51,12.752,51.006,76.51,25.503,31.879,4.782,31.879
2030,sc01,03-30 23:00:00+01:00,0.305,73.14,12.19,48.76,73.14,24.38,30.475,4.571,30.475
2030,sc01,03-31 00:00:00+01:00,0.297,71.379,11.897,47.586,71.379,23.793,29.741,4.461,29.741
2030,sc01,03-31 01:00:00+01:00,0.293,70.223,11.704,46.815,70.223,23.408,29.259,4.389,29.259
2030,sc01,03-31 02:00:00+01:00,0.291,69.827,11.638,46.551,69.827,23.276,29.094,4.364,29.094
2030,sc01,03-31 03:00:00+01:00,0.293,70.297,11.716,46.865,70.297,23.432,29.29,4.394,29.29
2030,sc01,03-31 04:00:00+01:00,0.304,72.863,12.144,48.576,72.863,24.288,30.36,4.554,30.36
2030,sc01,03-31 05:00:00+01:00,0.319,76.572,12.762,51.048,76.572,25.524,31.905,4.786,31.905
2030,sc01,03-31 06:00:00+01:00,0.336,80.712,13.452,53.808,80.712,26.904,33.63,5.044,33.63
2030,sc01,03-31 07:00:00+01:00,0.35,83.907,13.985,55.938,83.907,27.969,34.961,5.244,34.961
2030,sc01,03-31 08:00:00+01:00,0.355,85.131,14.189,56.754,85.131,28.377,35.471,5.321,35.471
2030,sc01,03-31 09:00:00+01:00,0.353,84.767,14.128,56.512,84.767,28.256,35.32,5.298,35.32
2030,sc01,03-31 10:00:00+01:00,0.349,83.714,13.952,55.809,83.714,27.905,34.881,5.232,34.881
2030,sc01,03-31 11:00:00+01:00,0.34,81.514,13.586,54.343,81.514,27.171,33.964,5.095,33.964
2030,sc01,03-31 12:00:00+01:00,0.332,79.759,13.293,53.172,79.759,26.586,33.233,4.985,33.233
2030,sc01,03-31 13:00:00+01:00,0.326,78.276,13.046,52.184,78.276,26.092,32.615,4.892,32.615
2030,sc01,03-31 14:00:00+01:00,0.324,77.672,12.945,51.782,77.672,25.891,32.363,4.855,32.363
2030,sc01,03-31 15:00:00+01:00,0.325,78.086,13.014,52.057,78.086,26.029,32.536,4.88,32.536
2030,sc01,03-31 16:00:00+01:00,0.332,79.741,13.29,53.161,79.741,26.58,33.225,4.984,33.225
2030,sc01,03-31 17:00:00+01:00,0.343,82.334,13.722,54.89,82.334,27.445,34.306,5.146,34.306
2030,sc01,03-31 18:00:00+01:00,0.348,83.627,13.938,55.751,83.627,27.876,34.844,5.227,34.844
2030,sc01,03-31 19:00:00+01:00,0.342,82.154,13.692,54.769,82.154,27.385,34.231,5.135,34.231
2030,sc01,03-31 20:00:00+01:00,0.332,79.786,13.298,53.191,79.786,26.595,33.244,4.987,33.244
2030,sc01,03-31 21:00:00+01:00,0.316,75.73,12.622,50.486,75.73,25.243,31.554,4.733,31.554
2030,sc01,03-31 22:00:00+01:00,0.297,71.242,11.874,47.495,71.242,23.747,29.684,4.453,29.684
2030,sc01,03-31 23:00:00+01:00,0.285,68.294,11.382,45.53,68.294,22.765,28.456,4.268,28.456
2030,sc01,04-01 00:00:00+01:00,0.278,66.723,11.12,44.482,66.723,22.241,27.801,4.17,27.801
2030,sc01,04-01 01:00:00+01:00,0.272,65.329,10.888,43.553,65.329,21.776,27.221,4.083,27.221
2030,sc01,04-01 02:00:00+01:00,0.269,64.622,10.77,43.082,64.622,21.541,26.926,4.039,26.926
2030,sc01,04-01 03:00:00+01:00,0.268,64.237,10.706,42.824,64.237,21.412,26.765,4.015,26.765
2030,sc01,04-01 04:00:00+01:00,0.269,64.573,10.762,43.049,64.573,21.524,26.905,4.036,26.905
2030,sc01,04-01 05:00:00+01:00,0.276,66.3,11.05,44.2,66.3,22.1,27.625,4.144,27.625
2030,sc01,04-01 06:00:00+01:00,0.292,69.992,11.665,46.661,69.992,23.331,29.163,4.374,29.163
2030,sc01,04-01 07:00:00+01:00,0.304,73.008,12.168,48.672,73.008,24.336,30.42,4.563,30.42
2030,sc01,04-01 08:00:00+01:00,0.313,75.184,12.531,50.123,75.184,25.061,31.327,4.699,31.327
2030,sc01,04-01 09:00:00+01:00,0.317,76.084,12.681,50.723,76.084,25.361,31.702,4.755,31.702
2030,sc01,04-01 10:00:00+01:00,0.315,75.665,12.611,50.443,75.665,25.222,31.527,4.729,31.527
2030,sc01,04-01 11:00:00+01:00,0.307,73.752,12.292,49.168,73.752,24.584,30.73,4.61,30.73
2030,sc01,04-01 12:00:00+01:00,0.299,71.687,11.948,47.791,71.687,23.896,29.87,4.48,29.87
2030,sc01,04-01 13:00:00+01:00,0.293,70.266,11.711,46.844,70.266,23.422,29.278,4.392,29.278
2030,sc01,04-01 14:00:00+01:00,0.29,69.667,11.611,46.444,69.667,23.222,29.028,4.354,29.028
2030,sc01,04-01 15:00:00+01:00,0.295,70.724,11.787,47.15,70.724,23.575,29.468,4.42,29.468
2030,sc01,04-01 16:00:00+01:00,0.306,73.336,12.223,48.89,73.336,24.445,30.556,4.583,30.556
2030,sc01,04-01 17:00:00+01:00,0.323,77.511,12.918,51.674,77.511,25.837,32.296,4.844,32.296
2030,sc01,04-01 18:00:00+01:00,0.335,80.348,13.391,53.566,80.348,26.783,33.479,5.022,33.479
2030,sc01,04-01 19:00:00+01:00,0.334,80.18,13.363,53.453,80.18,26.727,33.408,5.011,33.408
2030,sc01,04-01 20:00:00+01:00,0.324,77.769,12.962,51.846,77.769,25.923,32.404,4.861,32.404
2030,sc01,04-01 21:00:00+01:00,0.308,73.9,12.317,49.267,73.9,24.633,30.792,4.619,30.792
2030,sc01,04-01 22:00:00+01:00,0.291,69.777,11.629,46.518,69.777,23.259,29.074,4.361,29.074
2030,sc01,04-01 23:00:00+01:00,0.281,67.481,11.247,44.988,67.481,22.494,28.117,4.218,28.117
2030,sc01,04-02 00:00:00+01:00,0.278,66.656,11.109,44.438,66.656,22.219,27.774,4.166,27.774
2030,sc01,04-02 01:00:00+01:00,0.276,66.331,11.055,44.221,66.331,22.11,27.638,4.146,27.638
2030,sc01,04-02 02:00:00+01:00,0.282,67.742,11.29,45.161,67.742,22.581,28.226,4.234,28.226
2030,sc01,04-02 03:00:00+01:00,0.304,73.048,12.175,48.699,73.048,24.349,30.437,4.565,30.437
2030,sc01,04-02 04:00:00+01:00,0.335,80.429,13.405,53.619,80.429,26.81,33.512,5.027,33.512
2030,sc01,04-02 05:00:00+01:00,0.363,87.066,14.511,58.044,87.066,29.022,36.278,5.442,36.278
2030,sc01,04-02 06:00:00+01:00,0.381,91.364,15.227,60.909,91.364,30.455,38.068,5.71,38.068
2030,sc01,04-02 07:00:00+01:00,0.39,93.625,15.604,62.417,93.625,31.208,39.011,5.852,39.011
2030,sc01,04-02 08:00:00+01:00,0.393,94.437,15.74,62.958,94.437,31.479,39.349,5.902,39.349
2030,sc01,04-02 09:00:00+01:00,0.391,93.757,15.626,62.505,93.757,31.252,39.065,5.86,39.065
2030,sc01,04-02 10:00:00+01:00,0.387,92.862,15.477,61.908,92.862,30.954,38.693,5.804,38.693
2030,sc01,04-02 11:00:00+01:00,0.383,91.917,15.32,61.278,91.917,30.639,38.299,5.745,38.299
2030,sc01,04-02 12:00:00+01:00,0.377,90.414,15.069,60.276,90.414,30.138,37.673,5.651,37.673
2030,sc01,04-02 13:00:00+01:00,0.371,89.123,14.854,59.415,89.123,29.708,37.135,5.57,37.135
2030,sc01,04-02 14:00:00+01:00,0.367,88.068,14.678,58.712,88.068,29.356,36.695,5.504,36.695
2030,sc01,04-02 15:00:00+01:00,0.364,87.27,14.545,58.18,87.27,29.09,36.363,5.454,36.363
2030,sc01,04-02 16:00:00+01:00,0.366,87.733,14.622,58.489,87.733,29.244,36.555,5.483,36.555
2030,sc01,04-02 17:00:00+01:00,0.373,89.581,14.93,59.721,89.581,29.86,37.326,5.599,37.326
2030,sc01,04-02 18:00:00+01:00,0.376,90.317,15.053,60.211,90.317,30.106,37.632,5.645,37.632
2030,sc01,04-02 19:00:00+01:00,0.364,87.355,14.559,58.237,87.355,29.118,36.398,5.46,36.398
2030,sc01,04-02 20:00:00+01:00,0.348,83.585,13.931,55.723,83.585,27.862,34.827,5.224,34.827
2030,sc01,04-02 21:00:00+01:00,0.329,78.877,13.146,52.585,78.877,26.292,32.866,4.93,32.866
2030,sc01,04-02 22:00:00+01:00,0.309,74.186,12.364,49.457,74.186,24.729,30.911,4.637,30.911
2030,sc01,04-02 23:00:00+01:00,0.297,71.278,11.88,47.519,71.278,23.759,29.699,4.455,29.699
2030,sc01,04-03 00:00:00+01:00,0.293,70.282,11.714,46.854,70.282,23.427,29.284,4.393,29.284
2030,sc01,04-03 01:00:00+01:00,0.29,69.629,11.605,46.419,69.629,23.21,29.012,4.352,29.012
2030,sc01,04-03 02:00:00+01:00,0.294,70.543,11.757,47.029,70.543,23.514,29.393,4.409,29.393
2030,sc01,04-03 03:00:00+01:00,0.312,74.854,12.476,49.903,74.854,24.951,31.189,4.678,31.189
2030,sc01,04-03 04:00:00+01:00,0.34,81.697,13.616,54.465,81.697,27.232,34.041,5.106,34.041
2030,sc01,04-03 05:00:00+01:00,0.366,87.873,14.645,58.582,87.873,29.291,36.614,5.492,36.614
2030,sc01,04-03 06:00:00+01:00,0.383,91.887,15.314,61.258,91.887,30.629,38.286,5.743,38.286
2030,sc01,04-03 07:00:00+01:00,0.39,93.599,15.6,62.399,93.599,31.2,38.999,5.85,38.999
2030,sc01,04-03 08:00:00+01:00,0.397,95.321,15.887,63.547,95.321,31.774,39.717,5.958,39.717
2030,sc01,04-03 09:00:00+01:00,0.395,94.826,15.804,63.217,94.826,31.609,39.511,5.927,39.511
2030,sc01,04-03 10:00:00+01:00,0.39,93.682,15.614,62.455,93.682,31.227,39.034,5.855,39.034
2030,sc01,04-03 11:00:00+01:00,0.388,93.02,15.503,62.014,93.02,31.007,38.758,5.814,38.758
2030,sc01,04-03 12:00:00+01:00,0.384,92.115,15.352,61.41,92.115,30.705,38.381,5.757,38.381
2030,sc01,04-03 13:00:00+01:00,0.38,91.246,15.208,60.83,91.246,30.415,38.019,5.703,38.019
2030,sc01,04-03 14:00:00+01:00,0.377,90.445,15.074,60.297,90.445,30.148,37.685,5.653,37.685
2030,sc01,04-03 15:00:00+01:00,0.375,89.982,14.997,59.988,89.982,29.994,37.493,5.624,37.493
2030,sc01,04-03 16:00:00+01:00,0.378,90.634,15.106,60.423,90.634,30.211,37.764,5.665,37.764
2030,sc01,04-03 17:00:00+01:00,0.383,91.883,15.314,61.255,91.883,30.628,38.284,5.743,38.284
2030,sc01,04-03 18:00:00+01:00,0.384,92.101,15.35,61.401,92.101,30.7,38.375,5.756,38.375
2030,sc01,04-03 19:00:00+01:00,0.372,89.264,14.877,59.509,89.264,29.755,37.193,5.579,37.193
2030,sc01,04-03 20:00:00+01:00,0.357,85.672,14.279,57.115,85.672,28.557,35.697,5.355,35.697
2030,sc01,04-03 21:00:00+01:00,0.338,81.075,13.513,54.05,81.075,27.025,33.781,5.067,33.781
2030,sc01,04-03 22:00:00+01:00,0.318,76.207,12.701,50.805,76.207,25.402,31.753,4.763,31.753
2030,sc01,04-03 23:00:00+01:00,0.305,73.308,12.218,48.872,73.308,24.436,30.545,4.582,30.545
2030,sc01,04-04 00:00:00+01:00,0.3,72.072,12.012,48.048,72.072,24.024,30.03,4.505,30.03
2030,sc01,04-04 01:00:00+01:00,0.298,71.538,11.923,47.692,71.538,23.846,29.808,4.471,29.808
2030,sc01,04-04 02:00:00+01:00,0.301,72.262,12.044,48.175,72.262,24.087,30.109,4.516,30.109
2030,sc01,04-04 03:00:00+01:00,0.317,76.077,12.679,50.718,76.077,25.359,31.699,4.755,31.699
2030,sc01,04-04 04:00:00+01:00,0.346,82.978,13.83,55.318,82.978,27.659,34.574,5.186,34.574
2030,sc01,04-04 05:00:00+01:00,0.372,89.271,14.879,59.514,89.271,29.757,37.196,5.579,37.196
2030,sc01,04-04 06:00:00+01:00,0.389,93.346,15.558,62.231,93.346,31.115,38.894,5.834,38.894
2030,sc01,04-04 07:00:00+01:00,0.399,95.8,15.967,63.866,95.8,31.933,39.917,5.987,39.917
2030,sc01,04-04 08:00:00+01:00,0.403,96.699,16.116,64.466,96.699,32.233,40.291,6.044,40.291
2030,sc01,04-04 09:00:00+01:00,0.401,96.202,16.034,64.135,96.202,32.067,40.084,6.013,40.084
2030,sc01,04-04 10:00:00+01:00,0.395,94.912,15.819,63.275,94.912,31.637,39.547,5.932,39.547
2030,sc01,04-04 11:00:00+01:00,0.392,93.968,15.661,62.645,93.968,31.323,39.153,5.873,39.153
2030,sc01,04-04 12:00:00+01:00,0.387,92.8,15.467,61.867,92.8,30.933,38.667,5.8,38.667
2030,sc01,04-04 13:00:00+01:00,0.382,91.583,15.264,61.055,91.583,30.528,38.16,5.724,38.16
2030,sc01,04-04 14:00:00+01:00,0.377,90.371,15.062,60.247,90.371,30.124,37.655,5.648,37.655
2030,sc01,04-04 15:00:00+01:00,0.374,89.781,14.963,59.854,89.781,29.927,37.409,5.611,37.409
2030,sc01,04-04 16:00:00+01:00,0.375,89.939,14.99,59.959,89.939,29.98,37.475,5.621,37.475
2030,sc01,04-04 17:00:00+01:00,0.381,91.384,15.231,60.922,91.384,30.461,38.077,5.711,38.077
2030,sc01,04-04 18:00:00+01:00,0.382,91.599,15.266,61.066,91.599,30.533,38.166,5.725,38.166
2030,sc01,04-04 19:00:00+01:00,0.372,89.235,14.873,59.49,89.235,29.745,37.181,5.577,37.181
2030,sc01,04-04 20:00:00+01:00,0.357,85.642,14.274,57.095,85.642,28.547,35.684,5.353,35.684
2030,sc01,04-04 21:00:00+01:00,0.339,81.384,13.564,54.256,81.384,27.128,33.91,5.086,33.91
2030,sc01,04-04 22:00:00+01:00,0.319,76.501,12.75,51.0,76.501,25.5,31.875,4.781,31.875
2030,sc01,04-04 23:00:00+01:00,0.307,73.717,12.286,49.145,73.717,24.572,30.715,4.607,30.715
2030,sc01,04-05 00:00:00+01:00,0.302,72.453,12.075,48.302,72.453,24.151,30.189,4.528,30.189
2030,sc01,04-05 01:00:00+01:00,0.299,71.83,11.972,47.887,71.83,23.943,29.929,4.489,29.929
2030,sc01,04-05 02:00:00+01:00,0.302,72.479,12.08,48.319,72.479,24.16,30.2,4.53,30.2
2030,sc01,04-05 03:00:00+01:00,0.316,75.726,12.621,50.484,75.726,25.242,31.553,4.733,31.553
2030,sc01,04-05 04:00:00+01:00,0.341,81.742,13.624,54.495,81.742,27.247,34.059,5.109,34.059
2030,sc01,04-05 05:00:00+01:00,0.363,87.189,14.531,58.126,87.189,29.063,36.329,5.449,36.329
2030,sc01,04-05 06:00:00+01:00,0.38,91.32,15.22,60.88,91.32,30.44,38.05,5.707,38.05
2030,sc01,04-05 07:00:00+01:00,0.39,93.567,15.595,62.378,93.567,31.189,38.986,5.848,38.986
2030,sc01,04-05 08:00:00+01:00,0.393,94.31,15.718,62.874,94.31,31.437,39.296,5.894,39.296
2030,sc01,04-05 09:00:00+01:00,0.39,93.655,15.609,62.437,93.655,31.218,39.023,5.853,39.023
2030,sc01,04-05 10:00:00+01:00,0.385,92.342,15.39,61.561,92.342,30.781,38.476,5.771,38.476
2030,sc01,04-05 11:00:00+01:00,0.38,91.185,15.197,60.79,91.185,30.395,37.994,5.699,37.994
2030,sc01,04-05 12:00:00+01:00,0.373,89.572,14.929,59.714,89.572,29.857,37.321,5.598,37.321
2030,sc01,04-05 13:00:00+01:00,0.368,88.202,14.7,58.801,88.202,29.401,36.751,5.513,36.751
2030,sc01,04-05 14:00:00+01:00,0.362,86.764,14.461,57.843,86.764,28.921,36.152,5.423,36.152
2030,sc01,04-05 15:00:00+01:00,0.358,85.817,14.303,57.211,85.817,28.606,35.757,5.364,35.757
2030,sc01,04-05 16:00:00+01:00,0.359,86.066,14.344,57.377,86.066,28.689,35.861,5.379,35.861
2030,sc01,04-05 17:00:00+01:00,0.365,87.675,14.613,58.45,87.675,29.225,36.531,5.48,36.531
2030,sc01,04-05 18:00:00+01:00,0.371,88.931,14.822,59.287,88.931,29.644,37.055,5.558,37.055
2030,sc01,04-05 19:00:00+01:00,0.362,86.932,14.489,57.954,86.932,28.977,36.222,5.433,36.222
2030,sc01,04-05 20:00:00+01:00,0.349,83.877,13.979,55.918,83.877,27.959,34.949,5.242,34.949
2030,sc01,04-05 21:00:00+01:00,0.331,79.365,13.227,52.91,79.365,26.455,33.069,4.96,33.069
2030,sc01,04-05 22:00:00+01:00,0.31,74.382,12.397,49.588,74.382,24.794,30.993,4.649,30.993
2030,sc01,04-05 23:00:00+01:00,0.297,71.34,11.89,47.56,71.34,23.78,29.725,4.459,29.725
2030,sc01,04-06 00:00:00+01:00,0.291,69.754,11.626,46.503,69.754,23.251,29.064,4.36,29.064
2030,sc01,04-06 01:00:00+01:00,0.286,68.669,11.445,45.78,68.669,22.89,28.612,4.292,28.612
2030,sc01,04-06 02:00:00+01:00,0.284,68.064,11.344,45.376,68.064,22.688,28.36,4.254,28.36
2030,sc01,04-06 03:00:00+01:00,0.288,69.064,11.511,46.042,69.064,23.021,28.777,4.316,28.777
2030,sc01,04-06 04:00:00+01:00,0.303,72.757,12.126,48.505,72.757,24.252,30.315,4.547,30.315
2030,sc01,04-06 05:00:00+01:00,0.322,77.208,12.868,51.472,77.208,25.736,32.17,4.825,32.17
2030,sc01,04-06 06:00:00+01:00,0.337,80.887,13.481,53.925,80.887,26.962,33.703,5.055,33.703
2030,sc01,04-06 07:00:00+01:00,0.347,83.28,13.88,55.52,83.28,27.76,34.7,5.205,34.7
2030,sc01,04-06 08:00:00+01:00,0.352,84.554,14.092,56.37,84.554,28.185,35.231,5.285,35.231
2030,sc01,04-06 09:00:00+01:00,0.351,84.129,14.022,56.086,84.129,28.043,35.054,5.258,35.054
2030,sc01,04-06 10:00:00+01:00,0.345,82.749,13.792,55.166,82.749,27.583,34.479,5.172,34.479
2030,sc01,04-06 11:00:00+01:00,0.339,81.477,13.58,54.318,81.477,27.159,33.949,5.092,33.949
2030,sc01,04-06 12:00:00+01:00,0.333,79.82,13.303,53.214,79.82,26.607,33.259,4.989,33.259
2030,sc01,04-06 13:00:00+01:00,0.327,78.413,13.069,52.275,78.413,26.138,32.672,4.901,32.672
2030,sc01,04-06 14:00:00+01:00,0.323,77.415,12.903,51.61,77.415,25.805,32.256,4.838,32.256
2030,sc01,04-06 15:00:00+01:00,0.322,77.362,12.894,51.575,77.362,25.787,32.234,4.835,32.234
2030,sc01,04-06 16:00:00+01:00,0.325,78.056,13.009,52.038,78.056,26.019,32.523,4.879,32.523
2030,sc01,04-06 17:00:00+01:00,0.333,79.982,13.33,53.322,79.982,26.661,33.326,4.999,33.326
2030,sc01,04-06 18:00:00+01:00,0.341,81.947,13.658,54.631,81.947,27.316,34.145,5.122,34.145
2030,sc01,04-06 19:00:00+01:00,0.338,81.016,13.503,54.011,81.016,27.005,33.757,5.063,33.757
2030,sc01,04-06 20:00:00+01:00,0.328,78.768,13.128,52.512,78.768,26.256,32.82,4.923,32.82
2030,sc01,04-06 21:00:00+01:00,0.312,74.791,12.465,49.861,74.791,24.93,31.163,4.674,31.163
2030,sc01,04-06 22:00:00+01:00,0.293,70.301,11.717,46.868,70.301,23.434,29.292,4.394,29.292
2030,sc01,04-06 23:00:00+01:00,0.281,67.416,11.236,44.944,67.416,22.472,28.09,4.214,28.09
2030,sc01,04-07 00:00:00+01:00,0.273,65.562,10.927,43.708,65.562,21.854,27.317,4.098,27.317
2030,sc01,04-07 01:00:00+01:00,0.268,64.36,10.727,42.907,64.36,21.453,26.817,4.023,26.817
2030,sc01,04-07 02:00:00+01:00,0.266,63.911,10.652,42.607,63.911,21.304,26.629,3.994,26.629
2030,sc01,04-07 03:00:00+01:00,0.268,64.324,10.721,42.883,64.324,21.441,26.802,4.02,26.802
2030,sc01,04-07 04:00:00+01:00,0.274,65.866,10.978,43.911,65.866,21.955,27.444,4.117,27.444
2030,sc01,04-07 05:00:00+01:00,0.288,69.019,11.503,46.013,69.019,23.006,28.758,4.314,28.758
2030,sc01,04-07 06:00:00+01:00,0.305,73.147,12.191,48.765,73.147,24.382,30.478,4.572,30.478
2030,sc01,04-07 07:00:00+01:00,0.317,76.17,12.695,50.78,76.17,25.39,31.738,4.761,31.738
2030,sc01,04-07 08:00:00+01:00,0.322,77.362,12.894,51.575,77.362,25.787,32.234,4.835,32.234
2030,sc01,04-07 09:00:00+01:00,0.322,77.164,12.861,51.443,77.164,25.721,32.152,4.823,32.152
2030,sc01,04-07 10:00:00+01:00,0.319,76.477,12.746,50.985,76.477,25.492,31.865,4.78,31.865
2030,sc01,04-07 11:00:00+01:00,0.312,74.927,12.488,49.951,74.927,24.976,31.219,4.683,31.219
2030,sc01,04-07 12:00:00+01:00,0.306,73.538,12.256,49.025,73.538,24.513,30.641,4.596,30.641
2030,sc01,04-07 13:00:00+01:00,0.3,72.093,12.016,48.062,72.093,24.031,30.039,4.506,30.039
2030,sc01,04-07 14:00:00+01:00,0.299,71.661,11.943,47.774,71.661,23.887,29.859,4.479,29.859
2030,sc01,04-07 15:00:00+01:00,0.3,72.002,12.0,48.001,72.002,24.001,30.001,4.5,30.001
2030,sc01,04-07 16:00:00+01:00,0.305,73.284,12.214,48.856,73.284,24.428,30.535,4.58,30.535
2030,sc01,04-07 17:00:00+01:00,0.314,75.401,12.567,50.268,75.401,25.134,31.417,4.713,31.417
2030,sc01,04-07 18:00:00+01:00,0.322,77.301,12.883,51.534,77.301,25.767,32.209,4.831,32.209
2030,sc01,04-07 19:00:00+01:00,0.32,76.773,12.795,51.182,76.773,25.591,31.989,4.798,31.989
2030,sc01,04-07 20:00:00+01:00,0.313,75.148,12.525,50.099,75.148,25.049,31.312,4.697,31.312
2030,sc01,04-07 21:00:00+01:00,0.298,71.533,11.922,47.689,71.533,23.844,29.805,4.471,29.805
2030,sc01,04-07 22:00:00+01:00,0.28,67.11,11.185,44.74,67.11,22.37,27.962,4.194,27.962
2030,sc01,04-07 23:00:00+01:00,0.267,64.066,10.678,42.711,64.066,21.355,26.694,4.004,26.694
2030,sc01,04-08 00:00:00+01:00,0.259,62.109,10.351,41.406,62.109,20.703,25.879,3.882,25.879
2030,sc01,04-08 01:00:00+01:00,0.253,60.728,10.121,40.485,60.728,20.243,25.303,3.795,25.303
2030,sc01,04-08 02:00:00+01:00,0.249,59.851,9.975,39.901,59.851,19.95,24.938,3.741,24.938
2030,sc01,04-08 03:00:00+01:00,0.247,59.201,9.867,39.468,59.201,19.734,24.667,3.7,24.667
2030,sc01,04-08 04:00:00+01:00,0.247,59.372,9.895,39.581,59.372,19.791,24.738,3.711,24.738
2030,sc01,04-08 05:00:00+01:00,0.255,61.299,10.216,40.866,61.299,20.433,25.541,3.831,25.541
2030,sc01,04-08 06:00:00+01:00,0.27,64.781,10.797,43.187,64.781,21.594,26.992,4.049,26.992
2030,sc01,04-08 07:00:00+01:00,0.281,67.456,11.243,44.97,67.456,22.485,28.107,4.216,28.107
2030,sc01,04-08 08:00:00+01:00,0.287,68.956,11.493,45.971,68.956,22.985,28.732,4.31,28.732
2030,sc01,04-08 09:00:00+01:00,0.287,68.92,11.487,45.946,68.92,22.973,28.717,4.307,28.717
2030,sc01,04-08 10:00:00+01:00,0.283,67.857,11.31,45.238,67.857,22.619,28.274,4.241,28.274
2030,sc01,04-08 11:00:00+01:00,0.274,65.833,10.972,43.888,65.833,21.944,27.43,4.115,27.43
2030,sc01,04-08 12:00:00+01:00,0.268,64.225,10.704,42.816,64.225,21.408,26.76,4.014,26.76
2030,sc01,04-08 13:00:00+01:00,0.262,62.885,10.481,41.923,62.885,20.962,26.202,3.93,26.202
2030,sc01,04-08 14:00:00+01:00,0.26,62.403,10.401,41.602,62.403,20.801,26.001,3.9,26.001
2030,sc01,04-08 15:00:00+01:00,0.264,63.311,10.552,42.207,63.311,21.104,26.38,3.957,26.38
2030,sc01,04-08 16:00:00+01:00,0.272,65.323,10.887,43.549,65.323,21.774,27.218,4.083,27.218
2030,sc01,04-08 17:00:00+01:00,0.287,68.812,11.469,45.874,68.812,22.937,28.672,4.301,28.672
2030,sc01,04-08 18:00:00+01:00,0.3,71.902,11.984,47.935,71.902,23.967,29.959,4.494,29.959
2030,sc01,04-08 19:00:00+01:00,0.302,72.588,12.098,48.392,72.588,24.196,30.245,4.537,30.245
2030,sc01,04-08 20:00:00+01:00,0.297,71.354,11.892,47.569,71.354,23.785,29.731,4.46,29.731
2030,sc01,04-08 21:00:00+01:00,0.283,68.029,11.338,45.353,68.029,22.676,28.345,4.252,28.345
2030,sc01,04-08 22:00:00+01:00,0.267,64.096,10.683,42.731,64.096,21.365,26.707,4.006,26.707
2030,sc01,04-08 23:00:00+01:00,0.256,61.559,10.26,41.039,61.559,20.52,25.649,3.847,25.649
2030,sc01,04-09 00:00:00+01:00,0.251,60.322,10.054,40.214,60.322,20.107,25.134,3.77,25.134
2030,sc01,04-09 01:00:00+01:00,0.247,59.378,9.896,39.585,59.378,19.793,24.741,3.711,24.741
2030,sc01,04-09 02:00:00+01:00,0.246,59.077,9.846,39.385,59.077,19.692,24.615,3.692,24.615
2030,sc01,04-09 03:00:00+01:00,0.247,59.308,9.885,39.539,59.308,19.769,24.712,3.707,24.712
2030,sc01,04-09 04:00:00+01:00,0.251,60.275,10.046,40.183,60.275,20.092,25.114,3.767,25.114
2030,sc01,04-09 05:00:00+01:00,0.261,62.621,10.437,41.748,62.621,20.874,26.092,3.914,26.092
2030,sc01,04-09 06:00:00+01:00,0.275,65.922,10.987,43.948,65.922,21.974,27.468,4.12,27.468
2030,sc01,04-09 07:00:00+01:00,0.288,69.23,11.538,46.154,69.23,23.077,28.846,4.327,28.846
2030,sc01,04-09 08:00:00+01:00,0.297,71.231,11.872,47.487,71.231,23.744,29.68,4.452,29.68
2030,sc01,04-09 09:00:00+01:00,0.299,71.656,11.943,47.771,71.656,23.885,29.857,4.478,29.857
2030,sc01,04-09 10:00:00+01:00,0.296,70.994,11.832,47.329,70.994,23.665,29.581,4.437,29.581
2030,sc01,04-09 11:00:00+01:00,0.289,69.261,11.543,46.174,69.261,23.087,28.859,4.329,28.859
2030,sc01,04-09 12:00:00+01:00,0.282,67.65,11.275,45.1,67.65,22.55,28.188,4.228,28.188
2030,sc01,04-09 13:00:00+01:00,0.277,66.47,11.078,44.313,66.47,22.157,27.696,4.154,27.696
2030,sc01,04-09 14:00:00+01:00,0.276,66.25,11.042,44.167,66.25,22.083,27.604,4.141,27.604
2030,sc01,04-09 15:00:00+01:00,0.281,67.39,11.232,44.927,67.39,22.463,28.079,4.212,28.079
2030,sc01,04-09 16:00:00+01:00,0.291,69.786,11.631,46.524,69.786,23.262,29.077,4.362,29.077
2030,sc01,04-09 17:00:00+01:00,0.303,72.825,12.137,48.55,72.825,24.275,30.344,4.552,30.344
2030,sc01,04-09 18:00:00+01:00,0.314,75.46,12.577,50.307,75.46,25.153,31.442,4.716,31.442
2030,sc01,04-09 19:00:00+01:00,0.313,75.147,12.524,50.098,75.147,25.049,31.311,4.697,31.311
2030,sc01,04-09 20:00:00+01:00,0.306,73.419,12.237,48.946,73.419,24.473,30.591,4.589,30.591
2030,sc01,04-09 21:00:00+01:00,0.291,69.741,11.624,46.494,69.741,23.247,29.059,4.359,29.059
2030,sc01,04-09 22:00:00+01:00,0.275,65.968,10.995,43.979,65.968,21.989,27.487,4.123,27.487
2030,sc01,04-09 23:00:00+01:00,0.265,63.487,10.581,42.325,63.487,21.162,26.453,3.968,26.453
2030,sc01,04-10 00:00:00+01:00,0.259,62.108,10.351,41.405,62.108,20.703,25.878,3.882,25.878
2030,sc01,04-10 01:00:00+01:00,0.257,61.725,10.287,41.15,61.725,20.575,25.719,3.858,25.719
2030,sc01,04-10 02:00:00+01:00,0.263,63.218,10.536,42.146,63.218,21.073,26.341,3.951,26.341
2030,sc01,04-10 03:00:00+01:00,0.284,68.043,11.34,45.362,68.043,22.681,28.351,4.253,28.351
2030,sc01,04-10 04:00:00+01:00,0.312,74.954,12.492,49.97,74.954,24.985,31.231,4.685,31.231
2030,sc01,04-10 05:00:00+01:00,0.342,82.004,13.667,54.669,82.004,27.335,34.168,5.125,34.168
2030,sc01,04-10 06:00:00+01:00,0.364,87.305,14.551,58.203,87.305,29.102,36.377,5.457,36.377
2030,sc01,04-10 07:00:00+01:00,0.377,90.462,15.077,60.308,90.462,30.154,37.693,5.654,37.693
2030,sc01,04-10 08:00:00+01:00,0.384,92.163,15.361,61.442,92.163,30.721,38.401,5.76,38.401
2030,sc01,04-10 09:00:00+01:00,0.384,92.112,15.352,61.408,92.112,30.704,38.38,5.757,38.38
2030,sc01,04-10 10:00:00+01:00,0.38,91.283,15.214,60.855,91.283,30.428,38.035,5.705,38.035
2030,sc01,04-10 11:00:00+01:00,0.377,90.534,15.089,60.356,90.534,30.178,37.722,5.658,37.722
2030,sc01,04-10 12:00:00+01:00,0.371,89.129,14.855,59.419,89.129,29.71,37.137,5.571,37.137
2030,sc01,04-10 13:00:00+01:00,0.367,88.002,14.667,58.668,88.002,29.334,36.668,5.5,36.668
2030,sc01,04-10 14:00:00+01:00,0.361,86.726,14.454,57.817,86.726,28.909,36.136,5.42,36.136
2030,sc01,04-10 15:00:00+01:00,0.358,85.955,14.326,57.303,85.955,28.652,35.814,5.372,35.814
2030,sc01,04-10 16:00:00+01:00,0.358,85.962,14.327,57.308,85.962,28.654,35.818,5.373,35.818
2030,sc01,04-10 17:00:00+01:00,0.361,86.593,14.432,57.729,86.593,28.864,36.081,5.412,36.081
2030,sc01,04-10 18:00:00+01:00,0.362,86.818,14.47,57.878,86.818,28.939,36.174,5.426,36.174
2030,sc01,04-10 19:00:00+01:00,0.356,85.518,14.253,57.012,85.518,28.506,35.633,5.345,35.633
2030,sc01,04-10 20:00:00+01:00,0.343,82.204,13.701,54.803,82.204,27.401,34.252,5.138,34.252
2030,sc01,04-10 21:00:00+01:00,0.32,76.798,12.8,51.199,76.798,25.599,31.999,4.8,31.999
2030,sc01,04-10 22:00:00+01:00,0.3,71.899,11.983,47.933,71.899,23.966,29.958,4.494,29.958
2030,sc01,04-10 23:00:00+01:00,0.288,69.104,11.517,46.069,69.104,23.035,28.793,4.319,28.793
2030,sc01,04-11 00:00:00+01:00,0.282,67.604,11.267,45.069,67.604,22.535,28.168,4.225,28.168
2030,sc01,04-11 01:00:00+01:00,0.279,66.866,11.144,44.578,66.866,22.289,27.861,4.179,27.861
2030,sc01,04-11 02:00:00+01:00,0.282,67.787,11.298,45.192,67.787,22.596,28.245,4.237,28.245
2030,sc01,04-11 03:00:00+01:00,0.3,71.95,11.992,47.967,71.95,23.983,29.979,4.497,29.979
2030,sc01,04-11 04:00:00+01:00,0.326,78.35,13.058,52.233,78.35,26.117,32.646,4.897,32.646
2030,sc01,04-11 05:00:00+01:00,0.351,84.239,14.04,56.159,84.239,28.08,35.099,5.265,35.099
2030,sc01,04-11 06:00:00+01:00,0.369,88.562,14.76,59.041,88.562,29.521,36.901,5.535,36.901
2030,sc01,04-11 07:00:00+01:00,0.379,91.06,15.177,60.706,91.06,30.353,37.941,5.691,37.941
2030,sc01,04-11 08:00:00+01:00,0.386,92.588,15.431,61.725,92.588,30.863,38.578,5.787,38.578
2030,sc01,04-11 09:00:00+01:00,0.384,92.064,15.344,61.376,92.064,30.688,38.36,5.754,38.36
2030,sc01,04-11 10:00:00+01:00,0.379,90.873,15.146,60.582,90.873,30.291,37.864,5.68,37.864
2030,sc01,04-11 11:00:00+01:00,0.375,90.035,15.006,60.023,90.035,30.012,37.515,5.627,37.515
2030,sc01,04-11 12:00:00+01:00,0.37,88.748,14.791,59.165,88.748,29.583,36.978,5.547,36.978
2030,sc01,04-11 13:00:00+01:00,0.365,87.675,14.612,58.45,87.675,29.225,36.531,5.48,36.531
2030,sc01,04-11 14:00:00+01:00,0.36,86.422,14.404,57.614,86.422,28.807,36.009,5.401,36.009
2030,sc01,04-11 15:00:00+01:00,0.357,85.639,14.273,57.092,85.639,28.546,35.683,5.352,35.683
2030,sc01,04-11 16:00:00+01:00,0.357,85.616,14.269,57.077,85.616,28.539,35.673,5.351,35.673
2030,sc01,04-11 17:00:00+01:00,0.361,86.62,14.437,57.747,86.62,28.873,36.092,5.414,36.092
2030,sc01,04-11 18:00:00+01:00,0.365,87.532,14.589,58.355,87.532,29.177,36.472,5.471,36.472
2030,sc01,04-11 19:00:00+01:00,0.355,85.11,14.185,56.74,85.11,28.37,35.463,5.319,35.463
2030,sc01,04-11 20:00:00+01:00,0.34,81.579,13.597,54.386,81.579,27.193,33.991,5.099,33.991
2030,sc01,04-11 21:00:00+01:00,0.32,76.841,12.807,51.228,76.841,25.614,32.017,4.803,32.017
2030,sc01,04-11 22:00:00+01:00,0.3,72.095,12.016,48.063,72.095,24.032,30.04,4.506,30.04
2030,sc01,04-11 23:00:00+01:00,0.288,69.222,11.537,46.148,69.222,23.074,28.842,4.326,28.842
2030,sc01,04-12 00:00:00+01:00,0.281,67.539,11.257,45.026,67.539,22.513,28.141,4.221,28.141
2030,sc01,04-12 01:00:00+01:00,0.278,66.643,11.107,44.429,66.643,22.214,27.768,4.165,27.768
2030,sc01,04-12 02:00:00+01:00,0.283,67.809,11.301,45.206,67.809,22.603,28.254,4.238,28.254
2030,sc01,04-12 03:00:00+01:00,0.299,71.757,11.96,47.838,71.757,23.919,29.899,4.485,29.899
2030,sc01,04-12 04:00:00+01:00,0.325,77.994,12.999,51.996,77.994,25.998,32.498,4.875,32.498
2030,sc01,04-12 05:00:00+01:00,0.35,84.071,14.012,56.047,84.071,28.024,35.029,5.254,35.029
2030,sc01,04-12 06:00:00+01:00,0.367,88.004,14.667,58.669,88.004,29.335,36.668,5.5,36.668
2030,sc01,04-12 07:00:00+01:00,0.377,90.543,15.091,60.362,90.543,30.181,37.726,5.659,37.726
2030,sc01,04-12 08:00:00+01:00,0.382,91.761,15.293,61.174,91.761,30.587,38.234,5.735,38.234
2030,sc01,04-12 09:00:00+01:00,0.381,91.397,15.233,60.932,91.397,30.466,38.082,5.712,38.082
2030,sc01,04-12 10:00:00+01:00,0.376,90.231,15.038,60.154,90.231,30.077,37.596,5.639,37.596
2030,sc01,04-12 11:00:00+01:00,0.372,89.313,14.885,59.542,89.313,29.771,37.214,5.582,37.214
2030,sc01,04-12 12:00:00+01:00,0.368,88.228,14.705,58.818,88.228,29.409,36.762,5.514,36.762
2030,sc01,04-12 13:00:00+01:00,0.363,87.221,14.537,58.147,87.221,29.074,36.342,5.451,36.342
2030,sc01,04-12 14:00:00+01:00,0.359,86.178,14.363,57.452,86.178,28.726,35.908,5.386,35.908
2030,sc01,04-12 15:00:00+01:00,0.356,85.492,14.249,56.995,85.492,28.497,35.622,5.343,35.622
2030,sc01,04-12 16:00:00+01:00,0.357,85.595,14.266,57.063,85.595,28.532,35.664,5.35,35.664
2030,sc01,04-12 17:00:00+01:00,0.36,86.519,14.42,57.679,86.519,28.84,36.049,5.407,36.049
2030,sc01,04-12 18:00:00+01:00,0.363,87.179,14.53,58.119,87.179,29.06,36.324,5.449,36.324
2030,sc01,04-12 19:00:00+01:00,0.353,84.63,14.105,56.42,84.63,28.21,35.262,5.289,35.262
2030,sc01,04-12 20:00:00+01:00,0.34,81.527,13.588,54.351,81.527,27.176,33.97,5.095,33.97
2030,sc01,04-12 21:00:00+01:00,0.319,76.599,12.767,51.066,76.599,25.533,31.916,4.787,31.916
2030,sc01,04-12 22:00:00+01:00,0.299,71.651,11.942,47.767,71.651,23.884,29.855,4.478,29.855
2030,sc01,04-12 23:00:00+01:00,0.286,68.563,11.427,45.709,68.563,22.854,28.568,4.285,28.568
2030,sc01,04-13 00:00:00+01:00,0.279,66.908,11.151,44.605,66.908,22.303,27.878,4.182,27.878
2030,sc01,04-13 01:00:00+01:00,0.275,65.947,10.991,43.965,65.947,21.982,27.478,4.122,27.478
2030,sc01,04-13 02:00:00+01:00,0.279,66.876,11.146,44.584,66.876,22.292,27.865,4.18,27.865
2030,sc01,04-13 03:00:00+01:00,0.296,71.029,11.838,47.352,71.029,23.676,29.595,4.439,29.595
2030,sc01,04-13 04:00:00+01:00,0.323,77.517,12.92,51.678,77.517,25.839,32.299,4.845,32.299
2030,sc01,04-13 05:00:00+01:00,0.348,83.614,13.936,55.743,83.614,27.871,34.839,5.226,34.839
2030,sc01,04-13 06:00:00+01:00,0.365,87.674,14.612,58.45,87.674,29.225,36.531,5.48,36.531
2030,sc01,04-13 07:00:00+01:00,0.376,90.231,15.038,60.154,90.231,30.077,37.596,5.639,37.596
2030,sc01,04-13 08:00:00+01:00,0.381,91.471,15.245,60.981,91.471,30.49,38.113,5.717,38.113
2030,sc01,04-13 09:00:00+01:00,0.38,91.284,15.214,60.856,91.284,30.428,38.035,5.705,38.035
2030,sc01,04-13 10:00:00+01:00,0.373,89.598,14.933,59.732,89.598,29.866,37.333,5.6,37.333
2030,sc01,04-13 11:00:00+01:00,0.368,88.274,14.712,58.849,88.274,29.425,36.781,5.517,36.781
2030,sc01,04-13 12:00:00+01:00,0.362,86.885,14.481,57.923,86.885,28.962,36.202,5.43,36.202
2030,sc01,04-13 13:00:00+01:00,0.357,85.706,14.284,57.137,85.706,28.569,35.711,5.357,35.711
2030,sc01,04-13 14:00:00+01:00,0.353,84.718,14.12,56.478,84.718,28.239,35.299,5.295,35.299
2030,sc01,04-13 15:00:00+01:00,0.35,83.963,13.994,55.975,83.963,27.988,34.985,5.248,34.985
2030,sc01,04-13 16:00:00+01:00,0.349,83.741,13.957,55.828,83.741,27.914,34.892,5.234,34.892
2030,sc01,04-13 17:00:00+01:00,0.351,84.307,14.051,56.205,84.307,28.102,35.128,5.269,35.128
2030,sc01,04-13 18:00:00+01:00,0.354,84.901,14.15,56.601,84.901,28.3,35.376,5.306,35.376
2030,sc01,04-13 19:00:00+01:00,0.344,82.606,13.768,55.071,82.606,27.535,34.419,5.163,34.419
2030,sc01,04-13 20:00:00+01:00,0.332,79.663,13.277,53.109,79.663,26.554,33.193,4.979,33.193
2030,sc01,04-13 21:00:00+01:00,0.313,75.078,12.513,50.052,75.078,25.026,31.283,4.692,31.283
2030,sc01,04-13 22:00:00+01:00,0.292,70.089,11.681,46.726,70.089,23.363,29.204,4.381,29.204
2030,sc01,04-13 23:00:00+01:00,0.278,66.806,11.134,44.538,66.806,22.269,27.836,4.175,27.836
2030,sc01,04-14 00:00:00+01:00,0.269,64.65,10.775,43.1,64.65,21.55,26.938,4.041,26.938
2030,sc01,04-14 01:00:00+01:00,0.263,63.238,10.54,42.159,63.238,21.079,26.349,3.952,26.349
2030,sc01,04-14 02:00:00+01:00,0.262,62.893,10.482,41.928,62.893,20.964,26.205,3.931,26.205
2030,sc01,04-14 03:00:00+01:00,0.264,63.413,10.569,42.275,63.413,21.138,26.422,3.963,26.422
2030,sc01,04-14 04:00:00+01:00,0.275,65.918,10.986,43.946,65.918,21.973,27.466,4.12,27.466
2030,sc01,04-14 05:00:00+01:00,0.291,69.817,11.636,46.545,69.817,23.272,29.09,4.364,29.09
2030,sc01,04-14 06:00:00+01:00,0.308,73.928,12.321,49.285,73.928,24.643,30.803,4.621,30.803
2030,sc01,04-14 07:00:00+01:00,0.321,77.14,12.857,51.427,77.14,25.713,32.142,4.821,32.142
2030,sc01,04-14 08:00:00+01:00,0.327,78.501,13.083,52.334,78.501,26.167,32.709,4.906,32.709
2030,sc01,04-14 09:00:00+01:00,0.326,78.204,13.034,52.136,78.204,26.068,32.585,4.888,32.585
2030,sc01,04-14 10:00:00+01:00,0.321,77.107,12.851,51.405,77.107,25.702,32.128,4.819,32.128
2030,sc01,04-14 11:00:00+01:00,0.312,74.998,12.5,49.999,74.998,24.999,31.249,4.687,31.249
2030,sc01,04-14 12:00:00+01:00,0.305,73.172,12.195,48.781,73.172,24.391,30.488,4.573,30.488
2030,sc01,04-14 13:00:00+01:00,0.299,71.866,11.978,47.911,71.866,23.955,29.944,4.492,29.944
2030,sc01,04-14 14:00:00+01:00,0.297,71.295,11.882,47.53,71.295,23.765,29.706,4.456,29.706
2030,sc01,04-14 15:00:00+01:00,0.298,71.481,11.913,47.654,71.481,23.827,29.784,4.468,29.784
2030,sc01,04-14 16:00:00+01:00,0.301,72.249,12.042,48.166,72.249,24.083,30.104,4.516,30.104
2030,sc01,04-14 17:00:00+01:00,0.307,73.591,12.265,49.06,73.591,24.53,30.663,4.599,30.663
2030,sc01,04-14 18:00:00+01:00,0.315,75.514,12.586,50.343,75.514,25.171,31.464,4.72,31.464
2030,sc01,04-14 19:00:00+01:00,0.311,74.716,12.453,49.811,74.716,24.905,31.132,4.67,31.132
2030,sc01,04-14 20:00:00+01:00,0.304,72.867,12.144,48.578,72.867,24.289,30.361,4.554,30.361
2030,sc01,04-14 21:00:00+01:00,0.288,69.064,11.511,46.043,69.064,23.021,28.777,4.317,28.777
2030,sc01,04-14 22:00:00+01:00,0.269,64.535,10.756,43.023,64.535,21.512,26.889,4.033,26.889
2030,sc01,04-14 23:00:00+01:00,0.257,61.584,10.264,41.056,61.584,20.528,25.66,3.849,25.66
2030,sc01,04-15 00:00:00+01:00,0.247,59.305,9.884,39.536,59.305,19.768,24.71,3.707,24.71
2030,sc01,04-15 01:00:00+01:00,0.24,57.647,9.608,38.431,57.647,19.216,24.02,3.603,24.02
2030,sc01,04-15 02:00:00+01:00,0.238,57.061,9.51,38.04,57.061,19.02,23.775,3.566,23.775
2030,sc01,04-15 03:00:00+01:00,0.236,56.718,9.453,37.812,56.718,18.906,23.633,3.545,23.633
2030,sc01,04-15 04:00:00+01:00,0.238,57.073,9.512,38.049,57.073,19.024,23.78,3.567,23.78
2030,sc01,04-15 05:00:00+01:00,0.247,59.221,9.87,39.48,59.221,19.74,24.675,3.701,24.675
2030,sc01,04-15 06:00:00+01:00,0.262,62.876,10.479,41.917,62.876,20.959,26.198,3.93,26.198
2030,sc01,04-15 07:00:00+01:00,0.276,66.257,11.043,44.171,66.257,22.086,27.607,4.141,27.607
2030,sc01,04-15 08:00:00+01:00,0.286,68.719,11.453,45.813,68.719,22.906,28.633,4.295,28.633
2030,sc01,04-15 09:00:00+01:00,0.29,69.509,11.585,46.339,69.509,23.17,28.962,4.344,28.962
2030,sc01,04-15 10:00:00+01:00,0.288,69.222,11.537,46.148,69.222,23.074,28.843,4.326,28.843
2030,sc01,04-15 11:00:00+01:00,0.282,67.656,11.276,45.104,67.656,22.552,28.19,4.228,28.19
2030,sc01,04-15 12:00:00+01:00,0.275,65.958,10.993,43.972,65.958,21.986,27.482,4.122,27.482
2030,sc01,04-15 13:00:00+01:00,0.27,64.76,10.793,43.173,64.76,21.587,26.983,4.048,26.983
2030,sc01,04-15 14:00:00+01:00,0.268,64.309,10.718,42.873,64.309,21.436,26.795,4.019,26.795
2030,sc01,04-15 15:00:00+01:00,0.272,65.306,10.884,43.537,65.306,21.769,27.211,4.082,27.211
2030,sc01,04-15 16:00:00+01:00,0.28,67.252,11.209,44.835,67.252,22.417,28.022,4.203,28.022
2030,sc01,04-15 17:00:00+01:00,0.292,70.185,11.698,46.79,70.185,23.395,29.244,4.387,29.244
2030,sc01,04-15 18:00:00+01:00,0.307,73.634,12.272,49.089,73.634,24.545,30.681,4.602,30.681
2030,sc01,04-15 19:00:00+01:00,0.308,73.854,12.309,49.236,73.854,24.618,30.772,4.616,30.772
2030,sc01,04-15 20:00:00+01:00,0.3,71.901,11.984,47.934,71.901,23.967,29.959,4.494,29.959
2030,sc01,04-15 21:00:00+01:00,0.282,67.648,11.275,45.098,67.648,22.549,28.186,4.228,28.186
2030,sc01,04-15 22:00:00+01:00,0.264,63.431,10.572,42.287,63.431,21.144,26.43,3.964,26.43
2030,sc01,04-15 23:00:00+01:00,0.254,61.036,10.173,40.691,61.036,20.345,25.432,3.815,25.432
2030,sc01,04-16 00:00:00+01:00,0.249,59.675,9.946,39.783,59.675,19.892,24.864,3.73,24.864
2030,sc01,04-16 01:00:00+01:00,0.246,59.056,9.843,39.371,59.056,19.685,24.607,3.691,24.607
2030,sc01,04-16 02:00:00+01:00,0.253,60.623,10.104,40.416,60.623,20.208,25.26,3.789,25.26
2030,sc01,04-16 03:00:00+01:00,0.275,66.069,11.012,44.046,66.069,22.023,27.529,4.129,27.529
2030,sc01,04-16 04:00:00+01:00,0.305,73.085,12.181,48.723,73.085,24.362,30.452,4.568,30.452
2030,sc01,04-16 05:00:00+01:00,0.331,79.495,13.249,52.997,79.495,26.498,33.123,4.968,33.123
2030,sc01,04-16 06:00:00+01:00,0.35,84.088,14.015,56.059,84.088,28.029,35.037,5.256,35.037
2030,sc01,04-16 07:00:00+01:00,0.361,86.642,14.44,57.762,86.642,28.881,36.101,5.415,36.101
2030,sc01,04-16 08:00:00+01:00,0.367,88.183,14.697,58.789,88.183,29.394,36.743,5.511,36.743
2030,sc01,04-16 09:00:00+01:00,0.369,88.62,14.77,59.08,88.62,29.54,36.925,5.539,36.925
2030,sc01,04-16 10:00:00+01:00,0.366,87.821,14.637,58.547,87.821,29.274,36.592,5.489,36.592
2030,sc01,04-16 11:00:00+01:00,0.363,87.034,14.506,58.023,87.034,29.011,36.264,5.44,36.264
2030,sc01,04-16 12:00:00+01:00,0.359,86.236,14.373,57.491,86.236,28.745,35.932,5.39,35.932
2030,sc01,04-16 13:00:00+01:00,0.355,85.209,14.201,56.806,85.209,28.403,35.504,5.326,35.504
2030,sc01,04-16 14:00:00+01:00,0.352,84.452,14.075,56.301,84.452,28.151,35.188,5.278,35.188
2030,sc01,04-16 15:00:00+01:00,0.348,83.556,13.926,55.704,83.556,27.852,34.815,5.222,34.815
2030,sc01,04-16 16:00:00+01:00,0.346,83.091,13.848,55.394,83.091,27.697,34.621,5.193,34.621
2030,sc01,04-16 17:00:00+01:00,0.349,83.706,13.951,55.804,83.706,27.902,34.877,5.232,34.877
2030,sc01,04-16 18:00:00+01:00,0.352,84.393,14.066,56.262,84.393,28.131,35.164,5.275,35.164
2030,sc01,04-16 19:00:00+01:00,0.341,81.937,13.656,54.624,81.937,27.312,34.14,5.121,34.14
2030,sc01,04-16 20:00:00+01:00,0.325,78.105,13.017,52.07,78.105,26.035,32.544,4.882,32.544
2030,sc01,04-16 21:00:00+01:00,0.305,73.276,12.213,48.851,73.276,24.425,30.532,4.58,30.532
2030,sc01,04-16 22:00:00+01:00,0.285,68.519,11.42,45.679,68.519,22.84,28.549,4.282,28.549
2030,sc01,04-16 23:00:00+01:00,0.273,65.47,10.912,43.647,65.47,21.823,27.279,4.092,27.279
2030,sc01,04-17 00:00:00+01:00,0.267,63.994,10.666,42.663,63.994,21.331,26.664,4.0,26.664
2030,sc01,04-17 01:00:00+01:00,0.264,63.43,10.572,42.287,63.43,21.143,26.429,3.964,26.429
2030,sc01,04-17 02:00:00+01:00,0.269,64.536,10.756,43.024,64.536,21.512,26.89,4.033,26.89
2030,sc01,04-17 03:00:00+01:00,0.287,68.936,11.489,45.958,68.936,22.979,28.723,4.309,28.723
2030,sc01,04-17 04:00:00+01:00,0.314,75.444,12.574,50.296,75.444,25.148,31.435,4.715,31.435
2030,sc01,04-17 05:00:00+01:00,0.34,81.673,13.612,54.449,81.673,27.224,34.03,5.105,34.03
2030,sc01,04-17 06:00:00+01:00,0.358,85.878,14.313,57.252,85.878,28.626,35.783,5.367,35.783
2030,sc01,04-17 07:00:00+01:00,0.368,88.242,14.707,58.828,88.242,29.414,36.767,5.515,36.767
2030,sc01,04-17 08:00:00+01:00,0.373,89.6,14.933,59.733,89.6,29.867,37.333,5.6,37.333
2030,sc01,04-17 09:00:00+01:00,0.373,89.556,14.926,59.704,89.556,29.852,37.315,5.597,37.315
2030,sc01,04-17 10:00:00+01:00,0.369,88.474,14.746,58.983,88.474,29.491,36.864,5.53,36.864
2030,sc01,04-17 11:00:00+01:00,0.366,87.817,14.636,58.545,87.817,29.272,36.59,5.489,36.59
2030,sc01,04-17 12:00:00+01:00,0.362,86.843,14.474,57.896,86.843,28.948,36.185,5.428,36.185
2030,sc01,04-17 13:00:00+01:00,0.358,85.918,14.32,57.279,85.918,28.639,35.799,5.37,35.799
2030,sc01,04-17 14:00:00+01:00,0.355,85.209,14.201,56.806,85.209,28.403,35.504,5.326,35.504
2030,sc01,04-17 15:00:00+01:00,0.353,84.662,14.11,56.441,84.662,28.221,35.276,5.291,35.276
2030,sc01,04-17 16:00:00+01:00,0.351,84.317,14.053,56.211,84.317,28.106,35.132,5.27,35.132
2030,sc01,04-17 17:00:00+01:00,0.353,84.671,14.112,56.447,84.671,28.224,35.279,5.292,35.279
2030,sc01,04-17 18:00:00+01:00,0.355,85.248,14.208,56.832,85.248,28.416,35.52,5.328,35.52
2030,sc01,04-17 19:00:00+01:00,0.345,82.866,13.811,55.244,82.866,27.622,34.527,5.179,34.527
2030,sc01,04-17 20:00:00+01:00,0.332,79.624,13.271,53.083,79.624,26.541,33.177,4.977,33.177
2030,sc01,04-17 21:00:00+01:00,0.311,74.679,12.447,49.786,74.679,24.893,31.116,4.667,31.116
2030,sc01,04-17 22:00:00+01:00,0.289,69.456,11.576,46.304,69.456,23.152,28.94,4.341,28.94
2030,sc01,04-17 23:00:00+01:00,0.277,66.577,11.096,44.385,66.577,22.192,27.74,4.161,27.74
2030,sc01,04-18 00:00:00+01:00,0.271,65.097,10.849,43.398,65.097,21.699,27.124,4.069,27.124
2030,sc01,04-18 01:00:00+01:00,0.267,64.162,10.694,42.775,64.162,21.387,26.734,4.01,26.734
2030,sc01,04-18 02:00:00+01:00,0.272,65.328,10.888,43.552,65.328,21.776,27.22,4.083,27.22
2030,sc01,04-18 03:00:00+01:00,0.29,69.6,11.6,46.4,69.6,23.2,29.0,4.35,29.0
2030,sc01,04-18 04:00:00+01:00,0.317,76.038,12.673,50.692,76.038,25.346,31.683,4.752,31.683
2030,sc01,04-18 05:00:00+01:00,0.343,82.41,13.735,54.94,82.41,27.47,34.338,5.151,34.338
2030,sc01,04-18 06:00:00+01:00,0.362,86.974,14.496,57.983,86.974,28.991,36.239,5.436,36.239
2030,sc01,04-18 07:00:00+01:00,0.372,89.331,14.888,59.554,89.331,29.777,37.221,5.583,37.221
2030,sc01,04-18 08:00:00+01:00,0.378,90.801,15.134,60.534,90.801,30.267,37.834,5.675,37.834
2030,sc01,04-18 09:00:00+01:00,0.378,90.727,15.121,60.485,90.727,30.242,37.803,5.67,37.803
2030,sc01,04-18 10:00:00+01:00,0.374,89.772,14.962,59.848,89.772,29.924,37.405,5.611,37.405
2030,sc01,04-18 11:00:00+01:00,0.37,88.833,14.806,59.222,88.833,29.611,37.014,5.552,37.014
2030,sc01,04-18 12:00:00+01:00,0.366,87.869,14.645,58.58,87.869,29.29,36.612,5.492,36.612
2030,sc01,04-18 13:00:00+01:00,0.362,86.879,14.48,57.919,86.879,28.96,36.2,5.43,36.2
2030,sc01,04-18 14:00:00+01:00,0.358,85.85,14.308,57.234,85.85,28.617,35.771,5.366,35.771
2030,sc01,04-18 15:00:00+01:00,0.354,85.066,14.178,56.711,85.066,28.355,35.444,5.317,35.444
2030,sc01,04-18 16:00:00+01:00,0.353,84.714,14.119,56.476,84.714,28.238,35.297,5.295,35.297
2030,sc01,04-18 17:00:00+01:00,0.354,84.897,14.15,56.598,84.897,28.299,35.374,5.306,35.374
2030,sc01,04-18 18:00:00+01:00,0.357,85.59,14.265,57.06,85.59,28.53,35.663,5.349,35.663
2030,sc01,04-18 19:00:00+01:00,0.348,83.607,13.934,55.738,83.607,27.869,34.836,5.225,34.836
2030,sc01,04-18 20:00:00+01:00,0.334,80.125,13.354,53.416,80.125,26.708,33.385,5.008,33.385
2030,sc01,04-18 21:00:00+01:00,0.313,75.189,12.531,50.126,75.189,25.063,31.329,4.699,31.329
2030,sc01,04-18 22:00:00+01:00,0.293,70.331,11.722,46.887,70.331,23.444,29.304,4.396,29.304
2030,sc01,04-18 23:00:00+01:00,0.281,67.535,11.256,45.023,67.535,22.512,28.14,4.221,28.14
2030,sc01,04-19 00:00:00+01:00,0.275,66.029,11.005,44.019,66.029,22.01,27.512,4.127,27.512
2030,sc01,04-19 01:00:00+01:00,0.272,65.228,10.871,43.485,65.228,21.743,27.178,4.077,27.178
2030,sc01,04-19 02:00:00+01:00,0.276,66.21,11.035,44.14,66.21,22.07,27.588,4.138,27.588
2030,sc01,04-19 03:00:00+01:00,0.293,70.376,11.729,46.917,70.376,23.459,29.323,4.398,29.323
2030,sc01,04-19 04:00:00+01:00,0.32,76.751,12.792,51.168,76.751,25.584,31.98,4.797,31.98
2030,sc01,04-19 05:00:00+01:00,0.345,82.757,13.793,55.171,82.757,27.586,34.482,5.172,34.482
2030,sc01,04-19 06:00:00+01:00,0.363,87.199,14.533,58.133,87.199,29.066,36.333,5.45,36.333
2030,sc01,04-19 07:00:00+01:00,0.372,89.394,14.899,59.596,89.394,29.798,37.248,5.587,37.248
2030,sc01,04-19 08:00:00+01:00,0.378,90.691,15.115,60.461,90.691,30.23,37.788,5.668,37.788
2030,sc01,04-19 09:00:00+01:00,0.378,90.8,15.133,60.534,90.8,30.267,37.833,5.675,37.833
2030,sc01,04-19 10:00:00+01:00,0.374,89.793,14.965,59.862,89.793,29.931,37.414,5.612,37.414
2030,sc01,04-19 11:00:00+01:00,0.371,89.109,14.851,59.406,89.109,29.703,37.129,5.569,37.129
2030,sc01,04-19 12:00:00+01:00,0.368,88.399,14.733,58.933,88.399,29.466,36.833,5.525,36.833
2030,sc01,04-19 13:00:00+01:00,0.365,87.504,14.584,58.336,87.504,29.168,36.46,5.469,36.46
2030,sc01,04-19 14:00:00+01:00,0.361,86.618,14.436,57.745,86.618,28.873,36.091,5.414,36.091
2030,sc01,04-19 15:00:00+01:00,0.357,85.781,14.297,57.188,85.781,28.594,35.742,5.361,35.742
2030,sc01,04-19 16:00:00+01:00,0.356,85.38,14.23,56.92,85.38,28.46,35.575,5.336,35.575
2030,sc01,04-19 17:00:00+01:00,0.357,85.653,14.276,57.102,85.653,28.551,35.689,5.353,35.689
2030,sc01,04-19 18:00:00+01:00,0.36,86.44,14.407,57.627,86.44,28.813,36.017,5.403,36.017
2030,sc01,04-19 19:00:00+01:00,0.351,84.243,14.04,56.162,84.243,28.081,35.101,5.265,35.101
2030,sc01,04-19 20:00:00+01:00,0.337,80.99,13.498,53.993,80.99,26.997,33.746,5.062,33.746
2030,sc01,04-19 21:00:00+01:00,0.316,75.922,12.654,50.615,75.922,25.307,31.634,4.745,31.634
2030,sc01,04-19 22:00:00+01:00,0.296,71.037,11.84,47.358,71.037,23.679,29.599,4.44,29.599
2030,sc01,04-19 23:00:00+01:00,0.284,68.066,11.344,45.377,68.066,22.689,28.361,4.254,28.361
2030,sc01,04-20 00:00:00+01:00,0.276,66.351,11.058,44.234,66.351,22.117,27.646,4.147,27.646
2030,sc01,04-20 01:00:00+01:00,0.273,65.516,10.919,43.678,65.516,21.839,27.298,4.095,27.298
2030,sc01,04-20 02:00:00+01:00,0.277,66.451,11.075,44.301,66.451,22.15,27.688,4.153,27.688
2030,sc01,04-20 03:00:00+01:00,0.294,70.545,11.758,47.03,70.545,23.515,29.394,4.409,29.394
2030,sc01,04-20 04:00:00+01:00,0.321,77.014,12.836,51.343,77.014,25.671,32.089,4.813,32.089
2030,sc01,04-20 05:00:00+01:00,0.347,83.398,13.9,55.598,83.398,27.799,34.749,5.212,34.749
2030,sc01,04-20 06:00:00+01:00,0.366,87.797,14.633,58.531,87.797,29.266,36.582,5.487,36.582
2030,sc01,04-20 07:00:00+01:00,0.375,90.06,15.01,60.04,90.06,30.02,37.525,5.629,37.525
2030,sc01,04-20 08:00:00+01:00,0.381,91.442,15.24,60.962,91.442,30.481,38.101,5.715,38.101
2030,sc01,04-20 09:00:00+01:00,0.379,90.972,15.162,60.648,90.972,30.324,37.905,5.686,37.905
2030,sc01,04-20 10:00:00+01:00,0.374,89.746,14.958,59.83,89.746,29.915,37.394,5.609,37.394
2030,sc01,04-20 11:00:00+01:00,0.369,88.49,14.748,58.993,88.49,29.497,36.871,5.531,36.871
2030,sc01,04-20 12:00:00+01:00,0.363,87.205,14.534,58.136,87.205,29.068,36.335,5.45,36.335
2030,sc01,04-20 13:00:00+01:00,0.359,86.061,14.344,57.374,86.061,28.687,35.859,5.379,35.859
2030,sc01,04-20 14:00:00+01:00,0.354,84.863,14.144,56.575,84.863,28.288,35.359,5.304,35.359
2030,sc01,04-20 15:00:00+01:00,0.35,84.049,14.008,56.033,84.049,28.016,35.021,5.253,35.021
2030,sc01,04-20 16:00:00+01:00,0.347,83.355,13.892,55.57,83.355,27.785,34.731,5.21,34.731
2030,sc01,04-20 17:00:00+01:00,0.346,82.978,13.83,55.319,82.978,27.659,34.574,5.186,34.574
2030,sc01,04-20 18:00:00+01:00,0.347,83.385,13.898,55.59,83.385,27.795,34.744,5.212,34.744
2030,sc01,04-20 19:00:00+01:00,0.341,81.751,13.625,54.501,81.751,27.25,34.063,5.109,34.063
2030,sc01,04-20 20:00:00+01:00,0.329,79.034,13.172,52.69,79.034,26.345,32.931,4.94,32.931
2030,sc01,04-20 21:00:00+01:00,0.31,74.444,12.407,49.629,74.444,24.815,31.018,4.653,31.018
2030,sc01,04-20 22:00:00+01:00,0.29,69.703,11.617,46.469,69.703,23.234,29.043,4.356,29.043
2030,sc01,04-20 23:00:00+01:00,0.277,66.591,11.099,44.394,66.591,22.197,27.746,4.162,27.746
2030,sc01,04-21 00:00:00+01:00,0.269,64.613,10.769,43.075,64.613,21.538,26.922,4.038,26.922
2030,sc01,04-21 01:00:00+01:00,0.264,63.29,10.548,42.193,63.29,21.097,26.371,3.956,26.371
2030,sc01,04-21 02:00:00+01:00,0.261,62.725,10.454,41.816,62.725,20.908,26.135,3.92,26.135
2030,sc01,04-21 03:00:00+01:00,0.263,63.096,10.516,42.064,63.096,21.032,26.29,3.944,26.29
2030,sc01,04-21 04:00:00+01:00,0.273,65.486,10.914,43.658,65.486,21.829,27.286,4.093,27.286
2030,sc01,04-21 05:00:00+01:00,0.291,69.722,11.62,46.481,69.722,23.241,29.051,4.358,29.051
2030,sc01,04-21 06:00:00+01:00,0.309,74.074,12.346,49.383,74.074,24.691,30.864,4.63,30.864
2030,sc01,04-21 07:00:00+01:00,0.322,77.309,12.885,51.539,77.309,25.77,32.212,4.832,32.212
2030,sc01,04-21 08:00:00+01:00,0.328,78.646,13.108,52.431,78.646,26.215,32.769,4.915,32.769
2030,sc01,04-21 09:00:00+01:00,0.326,78.3,13.05,52.2,78.3,26.1,32.625,4.894,32.625
2030,sc01,04-21 10:00:00+01:00,0.321,77.1,12.85,51.4,77.1,25.7,32.125,4.819,32.125
2030,sc01,04-21 11:00:00+01:00,0.313,75.015,12.503,50.01,75.015,25.005,31.256,4.688,31.256
2030,sc01,04-21 12:00:00+01:00,0.305,73.273,12.212,48.849,73.273,24.424,30.53,4.58,30.53
2030,sc01,04-21 13:00:00+01:00,0.3,71.969,11.995,47.979,71.969,23.99,29.987,4.498,29.987
2030,sc01,04-21 14:00:00+01:00,0.298,71.401,11.9,47.601,71.401,23.8,29.751,4.463,29.751
2030,sc01,04-21 15:00:00+01:00,0.299,71.745,11.958,47.83,71.745,23.915,29.894,4.484,29.894
2030,sc01,04-21 16:00:00+01:00,0.302,72.594,12.099,48.396,72.594,24.198,30.248,4.537,30.248
2030,sc01,04-21 17:00:00+01:00,0.306,73.355,12.226,48.903,73.355,24.452,30.564,4.585,30.564
2030,sc01,04-21 18:00:00+01:00,0.312,74.864,12.477,49.91,74.864,24.955,31.193,4.679,31.193
2030,sc01,04-21 19:00:00+01:00,0.31,74.439,12.407,49.626,74.439,24.813,31.016,4.652,31.016
2030,sc01,04-21 20:00:00+01:00,0.304,72.869,12.145,48.58,72.869,24.29,30.362,4.554,30.362
2030,sc01,04-21 21:00:00+01:00,0.287,68.963,11.494,45.975,68.963,22.988,28.735,4.31,28.735
2030,sc01,04-21 22:00:00+01:00,0.269,64.604,10.767,43.069,64.604,21.535,26.918,4.038,26.918
2030,sc01,04-21 23:00:00+01:00,0.257,61.719,10.287,41.146,61.719,20.573,25.716,3.857,25.716
2030,sc01,04-22 00:00:00+01:00,0.249,59.783,9.964,39.855,59.783,19.928,24.91,3.736,24.91
2030,sc01,04-22 01:00:00+01:00,0.243,58.296,9.716,38.864,58.296,19.432,24.29,3.644,24.29
2030,sc01,04-22 02:00:00+01:00,0.24,57.519,9.586,38.346,57.519,19.173,23.966,3.595,23.966
2030,sc01,04-22 03:00:00+01:00,0.238,57.06,9.51,38.04,57.06,19.02,23.775,3.566,23.775
2030,sc01,04-22 04:00:00+01:00,0.239,57.445,9.574,38.296,57.445,19.148,23.935,3.59,23.935
2030,sc01,04-22 05:00:00+01:00,0.25,59.941,9.99,39.961,59.941,19.98,24.975,3.746,24.975
2030,sc01,04-22 06:00:00+01:00,0.264,63.278,10.546,42.185,63.278,21.093,26.366,3.955,26.366
2030,sc01,04-22 07:00:00+01:00,0.278,66.658,11.11,44.439,66.658,22.219,27.774,4.166,27.774
2030,sc01,04-22 08:00:00+01:00,0.288,69.129,11.522,46.086,69.129,23.043,28.804,4.321,28.804
2030,sc01,04-22 09:00:00+01:00,0.291,69.875,11.646,46.583,69.875,23.292,29.115,4.367,29.115
2030,sc01,04-22 10:00:00+01:00,0.291,69.841,11.64,46.561,69.841,23.28,29.1,4.365,29.1
2030,sc01,04-22 11:00:00+01:00,0.284,68.206,11.368,45.471,68.206,22.735,28.419,4.263,28.419
2030,sc01,04-22 12:00:00+01:00,0.278,66.613,11.102,44.409,66.613,22.204,27.755,4.163,27.755
2030,sc01,04-22 13:00:00+01:00,0.273,65.444,10.907,43.629,65.444,21.815,27.268,4.09,27.268
2030,sc01,04-22 14:00:00+01:00,0.271,65.113,10.852,43.409,65.113,21.704,27.13,4.07,27.13
2030,sc01,04-22 15:00:00+01:00,0.276,66.188,11.031,44.126,66.188,22.063,27.579,4.137,27.579
2030,sc01,04-22 16:00:00+01:00,0.283,67.927,11.321,45.285,67.927,22.642,28.303,4.245,28.303
2030,sc01,04-22 17:00:00+01:00,0.293,70.217,11.703,46.811,70.217,23.406,29.257,4.389,29.257
2030,sc01,04-22 18:00:00+01:00,0.305,73.311,12.218,48.874,73.311,24.437,30.546,4.582,30.546
2030,sc01,04-22 19:00:00+01:00,0.308,73.805,12.301,49.203,73.805,24.602,30.752,4.613,30.752
2030,sc01,04-22 20:00:00+01:00,0.301,72.142,12.024,48.095,72.142,24.047,30.059,4.509,30.059
2030,sc01,04-22 21:00:00+01:00,0.282,67.679,11.28,45.119,67.679,22.56,28.2,4.23,28.2
2030,sc01,04-22 22:00:00+01:00,0.264,63.437,10.573,42.291,63.437,21.146,26.432,3.965,26.432
2030,sc01,04-22 23:00:00+01:00,0.254,60.895,10.149,40.596,60.895,20.298,25.373,3.806,25.373
2030,sc01,04-23 00:00:00+01:00,0.248,59.623,9.937,39.749,59.623,19.874,24.843,3.726,24.843
2030,sc01,04-23 01:00:00+01:00,0.247,59.39,9.898,39.593,59.39,19.797,24.746,3.712,24.746
2030,sc01,04-23 02:00:00+01:00,0.254,61.005,10.167,40.67,61.005,20.335,25.419,3.813,25.419
2030,sc01,04-23 03:00:00+01:00,0.274,65.662,10.944,43.774,65.662,21.887,27.359,4.104,27.359
2030,sc01,04-23 04:00:00+01:00,0.303,72.651,12.109,48.434,72.651,24.217,30.271,4.541,30.271
2030,sc01,04-23 05:00:00+01:00,0.332,79.737,13.289,53.158,79.737,26.579,33.224,4.984,33.224
2030,sc01,04-23 06:00:00+01:00,0.352,84.453,14.076,56.302,84.453,28.151,35.189,5.278,35.189
2030,sc01,04-23 07:00:00+01:00,0.364,87.297,14.549,58.198,87.297,29.099,36.374,5.456,36.374
2030,sc01,04-23 08:00:00+01:00,0.37,88.882,14.814,59.255,88.882,29.627,37.034,5.555,37.034
2030,sc01,04-23 09:00:00+01:00,0.372,89.219,14.87,59.479,89.219,29.74,37.174,5.576,37.174
2030,sc01,04-23 10:00:00+01:00,0.369,88.597,14.766,59.065,88.597,29.532,36.916,5.537,36.916
2030,sc01,04-23 11:00:00+01:00,0.367,88.02,14.67,58.68,88.02,29.34,36.675,5.501,36.675
2030,sc01,04-23 12:00:00+01:00,0.363,87.191,14.532,58.127,87.191,29.064,36.33,5.449,36.33
2030,sc01,04-23 13:00:00+01:00,0.36,86.33,14.388,57.553,86.33,28.777,35.971,5.396,35.971
2030,sc01,04-23 14:00:00+01:00,0.357,85.583,14.264,57.055,85.583,28.528,35.659,5.349,35.659
2030,sc01,04-23 15:00:00+01:00,0.353,84.824,14.137,56.549,84.824,28.275,35.343,5.301,35.343
2030,sc01,04-23 16:00:00+01:00,0.351,84.332,14.055,56.222,84.332,28.111,35.138,5.271,35.138
2030,sc01,04-23 17:00:00+01:00,0.351,84.164,14.027,56.109,84.164,28.055,35.068,5.26,35.068
2030,sc01,04-23 18:00:00+01:00,0.353,84.713,14.119,56.475,84.713,28.238,35.297,5.295,35.297
2030,sc01,04-23 19:00:00+01:00,0.343,82.258,13.71,54.839,82.258,27.419,34.274,5.141,34.274
2030,sc01,04-23 20:00:00+01:00,0.328,78.729,13.121,52.486,78.729,26.243,32.804,4.921,32.804
2030,sc01,04-23 21:00:00+01:00,0.306,73.463,12.244,48.975,73.463,24.488,30.61,4.591,30.61
2030,sc01,04-23 22:00:00+01:00,0.287,68.929,11.488,45.953,68.929,22.976,28.72,4.308,28.72
2030,sc01,04-23 23:00:00+01:00,0.274,65.831,10.972,43.888,65.831,21.944,27.43,4.114,27.43
2030,sc01,04-24 00:00:00+01:00,0.268,64.277,10.713,42.852,64.277,21.426,26.782,4.017,26.782
2030,sc01,04-24 01:00:00+01:00,0.265,63.5,10.583,42.333,63.5,21.167,26.458,3.969,26.458
2030,sc01,04-24 02:00:00+01:00,0.269,64.548,10.758,43.032,64.548,21.516,26.895,4.034,26.895
2030,sc01,04-24 03:00:00+01:00,0.287,68.811,11.468,45.874,68.811,22.937,28.671,4.301,28.671
2030,sc01,04-24 04:00:00+01:00,0.314,75.434,12.572,50.289,75.434,25.145,31.431,4.715,31.431
2030,sc01,04-24 05:00:00+01:00,0.341,81.89,13.648,54.593,81.89,27.297,34.121,5.118,34.121
2030,sc01,04-24 06:00:00+01:00,0.359,86.051,14.342,57.367,86.051,28.684,35.854,5.378,35.854
2030,sc01,04-24 07:00:00+01:00,0.369,88.651,14.775,59.1,88.651,29.55,36.938,5.541,36.938
2030,sc01,04-24 08:00:00+01:00,0.375,90.064,15.011,60.043,90.064,30.021,37.527,5.629,37.527
2030,sc01,04-24 09:00:00+01:00,0.376,90.205,15.034,60.137,90.205,30.068,37.585,5.638,37.585
2030,sc01,04-24 10:00:00+01:00,0.372,89.379,14.897,59.586,89.379,29.793,37.241,5.586,37.241
2030,sc01,04-24 11:00:00+01:00,0.369,88.572,14.762,59.048,88.572,29.524,36.905,5.536,36.905
2030,sc01,04-24 12:00:00+01:00,0.366,87.834,14.639,58.556,87.834,29.278,36.598,5.49,36.598
2030,sc01,04-24 13:00:00+01:00,0.363,87.054,14.509,58.036,87.054,29.018,36.272,5.441,36.272
2030,sc01,04-24 14:00:00+01:00,0.359,86.148,14.358,57.432,86.148,28.716,35.895,5.384,35.895
2030,sc01,04-24 15:00:00+01:00,0.356,85.42,14.237,56.946,85.42,28.473,35.591,5.339,35.591
2030,sc01,04-24 16:00:00+01:00,0.353,84.837,14.14,56.558,84.837,28.279,35.349,5.302,35.349
2030,sc01,04-24 17:00:00+01:00,0.352,84.505,14.084,56.337,84.505,28.168,35.211,5.282,35.211
2030,sc01,04-24 18:00:00+01:00,0.355,85.094,14.182,56.729,85.094,28.365,35.456,5.318,35.456
2030,sc01,04-24 19:00:00+01:00,0.345,82.777,13.796,55.185,82.777,27.592,34.491,5.174,34.491
2030,sc01,04-24 20:00:00+01:00,0.33,79.152,13.192,52.768,79.152,26.384,32.98,4.947,32.98
2030,sc01,04-24 21:00:00+01:00,0.308,73.95,12.325,49.3,73.95,24.65,30.812,4.622,30.812
2030,sc01,04-24 22:00:00+01:00,0.288,69.016,11.503,46.011,69.016,23.005,28.757,4.314,28.757
2030,sc01,04-24 23:00:00+01:00,0.274,65.831,10.972,43.888,65.831,21.944,27.43,4.114,27.43
2030,sc01,04-25 00:00:00+01:00,0.267,63.964,10.661,42.643,63.964,21.321,26.652,3.998,26.652
2030,sc01,04-25 01:00:00+01:00,0.263,63.022,10.504,42.015,63.022,21.007,26.259,3.939,26.259
2030,sc01,04-25 02:00:00+01:00,0.265,63.696,10.616,42.464,63.696,21.232,26.54,3.981,26.54
2030,sc01,04-25 03:00:00+01:00,0.279,66.933,11.155,44.622,66.933,22.311,27.889,4.183,27.889
2030,sc01,04-25 04:00:00+01:00,0.302,72.395,12.066,48.263,72.395,24.132,30.165,4.525,30.165
2030,sc01,04-25 05:00:00+01:00,0.325,78.071,13.012,52.048,78.071,26.024,32.53,4.879,32.53
2030,sc01,04-25 06:00:00+01:00,0.343,82.285,13.714,54.857,82.285,27.428,34.285,5.143,34.285
2030,sc01,04-25 07:00:00+01:00,0.353,84.663,14.11,56.442,84.663,28.221,35.276,5.291,35.276
2030,sc01,04-25 08:00:00+01:00,0.359,86.149,14.358,57.433,86.149,28.716,35.896,5.384,35.896
2030,sc01,04-25 09:00:00+01:00,0.361,86.627,14.438,57.751,86.627,28.876,36.095,5.414,36.095
2030,sc01,04-25 10:00:00+01:00,0.358,86.03,14.338,57.353,86.03,28.677,35.846,5.377,35.846
2030,sc01,04-25 11:00:00+01:00,0.354,84.907,14.151,56.605,84.907,28.302,35.378,5.307,35.378
2030,sc01,04-25 12:00:00+01:00,0.349,83.819,13.97,55.88,83.819,27.94,34.925,5.239,34.925
2030,sc01,04-25 13:00:00+01:00,0.345,82.746,13.791,55.164,82.746,27.582,34.478,5.172,34.478
2030,sc01,04-25 14:00:00+01:00,0.342,82.055,13.676,54.703,82.055,27.352,34.19,5.128,34.19
2030,sc01,04-25 15:00:00+01:00,0.341,81.812,13.635,54.541,81.812,27.271,34.088,5.113,34.088
2030,sc01,04-25 16:00:00+01:00,0.341,81.762,13.627,54.508,81.762,27.254,34.068,5.11,34.068
2030,sc01,04-25 17:00:00+01:00,0.34,81.656,13.609,54.437,81.656,27.219,34.023,5.103,34.023
2030,sc01,04-25 18:00:00+01:00,0.343,82.431,13.738,54.954,82.431,27.477,34.346,5.152,34.346
2030,sc01,04-25 19:00:00+01:00,0.337,80.873,13.479,53.915,80.873,26.958,33.697,5.055,33.697
2030,sc01,04-25 20:00:00+01:00,0.325,77.885,12.981,51.923,77.885,25.962,32.452,4.868,32.452
2030,sc01,04-25 21:00:00+01:00,0.304,72.968,12.161,48.645,72.968,24.323,30.403,4.56,30.403
2030,sc01,04-25 22:00:00+01:00,0.283,67.941,11.324,45.294,67.941,22.647,28.309,4.246,28.309
2030,sc01,04-25 23:00:00+01:00,0.272,65.16,10.86,43.44,65.16,21.72,27.15,4.073,27.15
2030,sc01,04-26 00:00:00+01:00,0.264,63.37,10.562,42.247,63.37,21.123,26.404,3.961,26.404
2030,sc01,04-26 01:00:00+01:00,0.26,62.514,10.419,41.676,62.514,20.838,26.048,3.907,26.048
2030,sc01,04-26 02:00:00+01:00,0.265,63.521,10.587,42.347,63.521,21.174,26.467,3.97,26.467
2030,sc01,04-26 03:00:00+01:00,0.282,67.692,11.282,45.128,67.692,22.564,28.205,4.231,28.205
2030,sc01,04-26 04:00:00+01:00,0.31,74.426,12.404,49.617,74.426,24.809,31.011,4.652,31.011
2030,sc01,04-26 05:00:00+01:00,0.337,80.788,13.465,53.859,80.788,26.929,33.662,5.049,33.662
2030,sc01,04-26 06:00:00+01:00,0.356,85.416,14.236,56.944,85.416,28.472,35.59,5.339,35.59
2030,sc01,04-26 07:00:00+01:00,0.366,87.861,14.643,58.574,87.861,29.287,36.609,5.491,36.609
2030,sc01,04-26 08:00:00+01:00,0.372,89.314,14.886,59.543,89.314,29.771,37.214,5.582,37.214
2030,sc01,04-26 09:00:00+01:00,0.373,89.403,14.9,59.602,89.403,29.801,37.251,5.588,37.251
2030,sc01,04-26 10:00:00+01:00,0.368,88.401,14.733,58.934,88.401,29.467,36.834,5.525,36.834
2030,sc01,04-26 11:00:00+01:00,0.365,87.607,14.601,58.405,87.607,29.202,36.503,5.475,36.503
2030,sc01,04-26 12:00:00+01:00,0.362,86.968,14.495,57.979,86.968,28.989,36.237,5.435,36.237
2030,sc01,04-26 13:00:00+01:00,0.359,86.117,14.353,57.411,86.117,28.706,35.882,5.382,35.882
2030,sc01,04-26 14:00:00+01:00,0.355,85.272,14.212,56.848,85.272,28.424,35.53,5.33,35.53
2030,sc01,04-26 15:00:00+01:00,0.352,84.514,14.086,56.343,84.514,28.171,35.214,5.282,35.214
2030,sc01,04-26 16:00:00+01:00,0.351,84.126,14.021,56.084,84.126,28.042,35.052,5.258,35.052
2030,sc01,04-26 17:00:00+01:00,0.348,83.61,13.935,55.74,83.61,27.87,34.837,5.226,34.837
2030,sc01,04-26 18:00:00+01:00,0.35,83.982,13.997,55.988,83.982,27.994,34.993,5.249,34.993
2030,sc01,04-26 19:00:00+01:00,0.34,81.69,13.615,54.46,81.69,27.23,34.038,5.106,34.038
2030,sc01,04-26 20:00:00+01:00,0.328,78.73,13.122,52.486,78.73,26.243,32.804,4.921,32.804
2030,sc01,04-26 21:00:00+01:00,0.309,74.103,12.351,49.402,74.103,24.701,30.876,4.631,30.876
2030,sc01,04-26 22:00:00+01:00,0.288,69.051,11.508,46.034,69.051,23.017,28.771,4.316,28.771
2030,sc01,04-26 23:00:00+01:00,0.275,66.072,11.012,44.048,66.072,22.024,27.53,4.13,27.53
2030,sc01,04-27 00:00:00+01:00,0.268,64.204,10.701,42.803,64.204,21.401,26.752,4.013,26.752
2030,sc01,04-27 01:00:00+01:00,0.264,63.3,10.55,42.2,63.3,21.1,26.375,3.956,26.375
2030,sc01,04-27 02:00:00+01:00,0.267,64.063,10.677,42.709,64.063,21.354,26.693,4.004,26.693
2030,sc01,04-27 03:00:00+01:00,0.282,67.671,11.279,45.114,67.671,22.557,28.196,4.229,28.196
2030,sc01,04-27 04:00:00+01:00,0.307,73.785,12.298,49.19,73.785,24.595,30.744,4.612,30.744
2030,sc01,04-27 05:00:00+01:00,0.334,80.128,13.355,53.419,80.128,26.709,33.387,5.008,33.387
2030,sc01,04-27 06:00:00+01:00,0.353,84.823,14.137,56.548,84.823,28.274,35.343,5.301,35.343
2030,sc01,04-27 07:00:00+01:00,0.364,87.462,14.577,58.308,87.462,29.154,36.443,5.466,36.443
2030,sc01,04-27 08:00:00+01:00,0.37,88.776,14.796,59.184,88.776,29.592,36.99,5.549,36.99
2030,sc01,04-27 09:00:00+01:00,0.371,88.969,14.828,59.313,88.969,29.656,37.07,5.561,37.07
2030,sc01,04-27 10:00:00+01:00,0.366,87.958,14.66,58.639,87.958,29.319,36.649,5.497,36.649
2030,sc01,04-27 11:00:00+01:00,0.363,87.057,14.51,58.038,87.057,29.019,36.274,5.441,36.274
2030,sc01,04-27 12:00:00+01:00,0.357,85.6,14.267,57.066,85.6,28.533,35.666,5.35,35.666
2030,sc01,04-27 13:00:00+01:00,0.352,84.492,14.082,56.328,84.492,28.164,35.205,5.281,35.205
2030,sc01,04-27 14:00:00+01:00,0.348,83.473,13.912,55.649,83.473,27.824,34.78,5.217,34.78
2030,sc01,04-27 15:00:00+01:00,0.344,82.634,13.772,55.09,82.634,27.545,34.431,5.165,34.431
2030,sc01,04-27 16:00:00+01:00,0.341,81.805,13.634,54.537,81.805,27.268,34.085,5.113,34.085
2030,sc01,04-27 17:00:00+01:00,0.337,80.805,13.467,53.87,80.805,26.935,33.669,5.05,33.669
2030,sc01,04-27 18:00:00+01:00,0.337,80.948,13.491,53.965,80.948,26.983,33.728,5.059,33.728
2030,sc01,04-27 19:00:00+01:00,0.333,79.921,13.32,53.281,79.921,26.64,33.3,4.995,33.3
2030,sc01,04-27 20:00:00+01:00,0.324,77.693,12.949,51.796,77.693,25.898,32.372,4.856,32.372
2030,sc01,04-27 21:00:00+01:00,0.303,72.756,12.126,48.504,72.756,24.252,30.315,4.547,30.315
2030,sc01,04-27 22:00:00+01:00,0.282,67.647,11.275,45.098,67.647,22.549,28.186,4.228,28.186
2030,sc01,04-27 23:00:00+01:00,0.269,64.522,10.754,43.015,64.522,21.507,26.884,4.033,26.884
2030,sc01,04-28 00:00:00+01:00,0.26,62.346,10.391,41.564,62.346,20.782,25.978,3.897,25.978
2030,sc01,04-28 01:00:00+01:00,0.254,60.991,10.165,40.661,60.991,20.33,25.413,3.812,25.413
2030,sc01,04-28 02:00:00+01:00,0.252,60.448,10.075,40.299,60.448,20.149,25.187,3.778,25.187
2030,sc01,04-28 03:00:00+01:00,0.254,60.964,10.161,40.643,60.964,20.321,25.402,3.81,25.402
2030,sc01,04-28 04:00:00+01:00,0.263,63.236,10.539,42.157,63.236,21.079,26.348,3.952,26.348
2030,sc01,04-28 05:00:00+01:00,0.281,67.425,11.237,44.95,67.425,22.475,28.094,4.214,28.094
2030,sc01,04-28 06:00:00+01:00,0.3,71.932,11.989,47.955,71.932,23.977,29.972,4.496,29.972
2030,sc01,04-28 07:00:00+01:00,0.313,75.077,12.513,50.051,75.077,25.026,31.282,4.692,31.282
2030,sc01,04-28 08:00:00+01:00,0.32,76.717,12.786,51.144,76.717,25.572,31.965,4.795,31.965
2030,sc01,04-28 09:00:00+01:00,0.32,76.684,12.781,51.123,76.684,25.561,31.952,4.793,31.952
2030,sc01,04-28 10:00:00+01:00,0.315,75.716,12.619,50.477,75.716,25.239,31.548,4.732,31.548
2030,sc01,04-28 11:00:00+01:00,0.307,73.752,12.292,49.168,73.752,24.584,30.73,4.61,30.73
2030,sc01,04-28 12:00:00+01:00,0.301,72.323,12.054,48.215,72.323,24.108,30.134,4.52,30.134
2030,sc01,04-28 13:00:00+01:00,0.297,71.2,11.867,47.467,71.2,23.733,29.667,4.45,29.667
2030,sc01,04-28 14:00:00+01:00,0.295,70.749,11.791,47.166,70.749,23.583,29.479,4.422,29.479
2030,sc01,04-28 15:00:00+01:00,0.296,70.931,11.822,47.287,70.931,23.644,29.555,4.433,29.555
2030,sc01,04-28 16:00:00+01:00,0.298,71.484,11.914,47.656,71.484,23.828,29.785,4.468,29.785
2030,sc01,04-28 17:00:00+01:00,0.299,71.807,11.968,47.871,71.807,23.936,29.92,4.488,29.92
2030,sc01,04-28 18:00:00+01:00,0.305,73.172,12.195,48.781,73.172,24.391,30.488,4.573,30.488
2030,sc01,04-28 19:00:00+01:00,0.303,72.752,12.125,48.501,72.752,24.251,30.313,4.547,30.313
2030,sc01,04-28 20:00:00+01:00,0.298,71.471,11.912,47.647,71.471,23.824,29.78,4.467,29.78
2030,sc01,04-28 21:00:00+01:00,0.282,67.691,11.282,45.127,67.691,22.564,28.204,4.231,28.204
2030,sc01,04-28 22:00:00+01:00,0.263,63.141,10.524,42.094,63.141,21.047,26.309,3.946,26.309
2030,sc01,04-28 23:00:00+01:00,0.252,60.372,10.062,40.248,60.372,20.124,25.155,3.773,25.155
2030,sc01,04-29 00:00:00+01:00,0.242,58.197,9.699,38.798,58.197,19.399,24.249,3.637,24.249
2030,sc01,04-29 01:00:00+01:00,0.236,56.685,9.448,37.79,56.685,18.895,23.619,3.543,23.619
2030,sc01,04-29 02:00:00+01:00,0.233,55.844,9.307,37.229,55.844,18.615,23.268,3.49,23.268
2030,sc01,04-29 03:00:00+01:00,0.23,55.303,9.217,36.869,55.303,18.434,23.043,3.456,23.043
2030,sc01,04-29 04:00:00+01:00,0.233,55.944,9.324,37.296,55.944,18.648,23.31,3.496,23.31
2030,sc01,04-29 05:00:00+01:00,0.244,58.628,9.771,39.085,58.628,19.543,24.428,3.664,24.428
2030,sc01,04-29 06:00:00+01:00,0.259,62.121,10.353,41.414,62.121,20.707,25.884,3.883,25.884
2030,sc01,04-29 07:00:00+01:00,0.272,65.317,10.886,43.545,65.317,21.772,27.215,4.082,27.215
2030,sc01,04-29 08:00:00+01:00,0.282,67.797,11.299,45.198,67.797,22.599,28.249,4.237,28.249
2030,sc01,04-29 09:00:00+01:00,0.287,68.78,11.463,45.853,68.78,22.927,28.658,4.299,28.658
2030,sc01,04-29 10:00:00+01:00,0.286,68.539,11.423,45.693,68.539,22.846,28.558,4.284,28.558
2030,sc01,04-29 11:00:00+01:00,0.279,67.052,11.175,44.702,67.052,22.351,27.938,4.191,27.938
2030,sc01,04-29 12:00:00+01:00,0.273,65.584,10.931,43.723,65.584,21.861,27.327,4.099,27.327
2030,sc01,04-29 13:00:00+01:00,0.268,64.414,10.736,42.943,64.414,21.471,26.839,4.026,26.839
2030,sc01,04-29 14:00:00+01:00,0.267,64.164,10.694,42.776,64.164,21.388,26.735,4.01,26.735
2030,sc01,04-29 15:00:00+01:00,0.271,65.064,10.844,43.376,65.064,21.688,27.11,4.066,27.11
2030,sc01,04-29 16:00:00+01:00,0.277,66.478,11.08,44.319,66.478,22.159,27.699,4.155,27.699
2030,sc01,04-29 17:00:00+01:00,0.284,68.056,11.343,45.371,68.056,22.685,28.357,4.254,28.357
2030,sc01,04-29 18:00:00+01:00,0.294,70.634,11.772,47.089,70.634,23.545,29.431,4.415,29.431
2030,sc01,04-29 19:00:00+01:00,0.296,70.989,11.831,47.326,70.989,23.663,29.579,4.437,29.579
2030,sc01,04-29 20:00:00+01:00,0.292,69.987,11.665,46.658,69.987,23.329,29.161,4.374,29.161
2030,sc01,04-29 21:00:00+01:00,0.274,65.717,10.953,43.812,65.717,21.906,27.382,4.107,27.382
2030,sc01,04-29 22:00:00+01:00,0.256,61.545,10.258,41.03,61.545,20.515,25.644,3.847,25.644
2030,sc01,04-29 23:00:00+01:00,0.247,59.349,9.892,39.566,59.349,19.783,24.729,3.709,24.729
2030,sc01,04-30 00:00:00+01:00,0.241,57.894,9.649,38.596,57.894,19.298,24.122,3.618,24.122
2030,sc01,04-30 01:00:00+01:00,0.238,57.074,9.512,38.049,57.074,19.025,23.781,3.567,23.781
2030,sc01,04-30 02:00:00+01:00,0.24,57.66,9.61,38.44,57.66,19.22,24.025,3.604,24.025
2030,sc01,04-30 03:00:00+01:00,0.251,60.337,10.056,40.224,60.337,20.112,25.14,3.771,25.14
2030,sc01,04-30 04:00:00+01:00,0.27,64.877,10.813,43.251,64.877,21.626,27.032,4.055,27.032
2030,sc01,04-30 05:00:00+01:00,0.294,70.525,11.754,47.017,70.525,23.508,29.385,4.408,29.385
2030,sc01,04-30 06:00:00+01:00,0.314,75.402,12.567,50.268,75.402,25.134,31.417,4.713,31.417
2030,sc01,04-30 07:00:00+01:00,0.326,78.252,13.042,52.168,78.252,26.084,32.605,4.891,32.605
2030,sc01,04-30 08:00:00+01:00,0.333,79.861,13.31,53.24,79.861,26.62,33.275,4.991,33.275
2030,sc01,04-30 09:00:00+01:00,0.335,80.418,13.403,53.612,80.418,26.806,33.508,5.026,33.508
2030,sc01,04-30 10:00:00+01:00,0.333,79.962,13.327,53.308,79.962,26.654,33.318,4.998,33.318
2030,sc01,04-30 11:00:00+01:00,0.327,78.593,13.099,52.396,78.593,26.198,32.747,4.912,32.747
2030,sc01,04-30 12:00:00+01:00,0.323,77.492,12.915,51.662,77.492,25.831,32.288,4.843,32.288
2030,sc01,04-30 13:00:00+01:00,0.319,76.654,12.776,51.103,76.654,25.551,31.939,4.791,31.939
2030,sc01,04-30 14:00:00+01:00,0.317,76.106,12.684,50.738,76.106,25.369,31.711,4.757,31.711
2030,sc01,04-30 15:00:00+01:00,0.317,76.028,12.671,50.685,76.028,25.343,31.678,4.752,31.678
2030,sc01,04-30 16:00:00+01:00,0.316,75.892,12.649,50.595,75.892,25.297,31.622,4.743,31.622
2030,sc01,04-30 17:00:00+01:00,0.314,75.257,12.543,50.172,75.257,25.086,31.357,4.704,31.357
2030,sc01,04-30 18:00:00+01:00,0.315,75.66,12.61,50.44,75.66,25.22,31.525,4.729,31.525
2030,sc01,04-30 19:00:00+01:00,0.311,74.555,12.426,49.703,74.555,24.852,31.065,4.66,31.065
2030,sc01,04-30 20:00:00+01:00,0.303,72.794,12.132,48.529,72.794,24.265,30.331,4.55,30.331
2030,sc01,04-30 21:00:00+01:00,0.283,68.039,11.34,45.36,68.039,22.68,28.35,4.252,28.35
2030,sc01,04-30 22:00:00+01:00,0.264,63.241,10.54,42.161,63.241,21.08,26.35,3.953,26.35
2030,sc01,04-30 23:00:00+01:00,0.251,60.289,10.048,40.193,60.289,20.096,25.12,3.768,25.12
2030,sc01,05-01 00:00:00+01:00,0.3,72.0,12.0,48.0,72.0,24.0,30.0,4.5,30.0
2030,sc01,05-01 01:00:00+01:00,0.287,68.938,11.49,45.959,68.938,22.979,28.724,4.309,28.724
2030,sc01,05-01 02:00:00+01:00,0.275,66.104,11.017,44.069,66.104,22.035,27.543,4.131,27.543
2030,sc01,05-01 03:00:00+01:00,0.267,64.133,10.689,42.755,64.133,21.378,26.722,4.008,26.722
2030,sc01,05-01 04:00:00+01:00,0.261,62.6,10.433,41.734,62.6,20.867,26.083,3.913,26.083
2030,sc01,05-01 05:00:00+01:00,0.259,62.263,10.377,41.509,62.263,20.754,25.943,3.891,25.943
2030,sc01,05-01 06:00:00+01:00,0.259,62.151,10.358,41.434,62.151,20.717,25.896,3.884,25.896
2030,sc01,05-01 07:00:00+01:00,0.262,62.822,10.47,41.881,62.822,20.941,26.176,3.926,26.176
2030,sc01,05-01 08:00:00+01:00,0.269,64.66,10.777,43.107,64.66,21.553,26.942,4.041,26.942
2030,sc01,05-01 09:00:00+01:00,0.284,68.123,11.354,45.416,68.123,22.708,28.385,4.258,28.385
2030,sc01,05-01 10:00:00+01:00,0.295,70.722,11.787,47.148,70.722,23.574,29.467,4.42,29.467
2030,sc01,05-01 11:00:00+01:00,0.303,72.64,12.107,48.427,72.64,24.213,30.267,4.54,30.267
2030,sc01,05-01 12:00:00+01:00,0.302,72.439,12.073,48.293,72.439,24.146,30.183,4.527,30.183
2030,sc01,05-01 13:00:00+01:00,0.302,72.397,12.066,48.265,72.397,24.132,30.166,4.525,30.166
2030,sc01,05-01 14:00:00+01:00,0.306,73.555,12.259,49.037,73.555,24.518,30.648,4.597,30.648
2030,sc01,05-01 15:00:00+01:00,0.321,76.922,12.82,51.281,76.922,25.641,32.051,4.808,32.051
2030,sc01,05-01 16:00:00+01:00,0.337,80.946,13.491,53.964,80.946,26.982,33.728,5.059,33.728
2030,sc01,05-01 17:00:00+01:00,0.347,83.166,13.861,55.444,83.166,27.722,34.653,5.198,34.653
2030,sc01,05-01 18:00:00+01:00,0.345,82.829,13.805,55.219,82.829,27.61,34.512,5.177,34.512
2030,sc01,05-01 19:00:00+01:00,0.34,81.632,13.605,54.422,81.632,27.211,34.014,5.102,34.014
2030,sc01,05-01 20:00:00+01:00,0.333,79.989,13.332,53.326,79.989,26.663,33.329,4.999,33.329
2030,sc01,05-01 21:00:00+01:00,0.324,77.865,12.977,51.91,77.865,25.955,32.444,4.867,32.444
2030,sc01,05-01 22:00:00+01:00,0.31,74.285,12.381,49.523,74.285,24.762,30.952,4.643,30.952
2030,sc01,05-01 23:00:00+01:00,0.293,70.3,11.717,46.866,70.3,23.433,29.292,4.394,29.292
2030,sc01,05-02 00:00:00+01:00,0.3,72.0,12.0,48.0,72.0,24.0,30.0,4.5,30.0
2030,sc01,05-02 01:00:00+01:00,0.287,68.938,11.49,45.959,68.938,22.979,28.724,4.309,28.724
2030,sc01,05-02 02:00:00+01:00,0.275,66.104,11.017,44.069,66.104,22.035,27.543,4.131,27.543
2030,sc01,05-02 03:00:00+01:00,0.267,64.133,10.689,42.755,64.133,21.378,26.722,4.008,26.722
2030,sc01,05-02 04:00:00+01:00,0.261,62.6,10.433,41.734,62.6,20.867,26.083,3.913,26.083
2030,sc01,05-02 05:00:00+01:00,0.259,62.263,10.377,41.509,62.263,20.754,25.943,3.891,25.943
2030,sc01,05-02 06:00:00+01:00,0.259,62.151,10.358,41.434,62.151,20.717,25.896,3.884,25.896
2030,sc01,05-02 07:00:00+01:00,0.262,62.822,10.47,41.881,62.822,20.941,26.176,3.926,26.176
2030,sc01,05-02 08:00:00+01:00,0.269,64.66,10.777,43.107,64.66,21.553,26.942,4.041,26.942
2030,sc01,05-02 09:00:00+01:00,0.284,68.123,11.354,45.416,68.123,22.708,28.385,4.258,28.385
2030,sc01,05-02 10:00:00+01:00,0.295,70.722,11.787,47.148,70.722,23.574,29.467,4.42,29.467
2030,sc01,05-02 11:00:00+01:00,0.303,72.64,12.107,48.427,72.64,24.213,30.267,4.54,30.267
2030,sc01,05-02 12:00:00+01:00,0.302,72.439,12.073,48.293,72.439,24.146,30.183,4.527,30.183
2030,sc01,05-02 13:00:00+01:00,0.302,72.397,12.066,48.265,72.397,24.132,30.166,4.525,30.166
2030,sc01,05-02 14:00:00+01:00,0.306,73.555,12.259,49.037,73.555,24.518,30.648,4.597,30.648
2030,sc01,05-02 15:00:00+01:00,0.321,76.922,12.82,51.281,76.922,25.641,32.051,4.808,32.051
2030,sc01,05-02 16:00:00+01:00,0.337,80.946,13.491,53.964,80.946,26.982,33.728,5.059,33.728
2030,sc01,05-02 17:00:00+01:00,0.347,83.166,13.861,55.444,83.166,27.722,34.653,5.198,34.653
2030,sc01,05-02 18:00:00+01:00,0.345,82.829,13.805,55.219,82.829,27.61,34.512,5.177,34.512
2030,sc01,05-02 19:00:00+01:00,0.34,81.632,13.605,54.422,81.632,27.211,34.014,5.102,34.014
2030,sc01,05-02 20:00:00+01:00,0.333,79.989,13.332,53.326,79.989,26.663,33.329,4.999,33.329
2030,sc01,05-02 21:00:00+01:00,0.324,77.865,12.977,51.91,77.865,25.955,32.444,4.867,32.444
2030,sc01,05-02 22:00:00+01:00,0.31,74.285,12.381,49.523,74.285,24.762,30.952,4.643,30.952
2030,sc01,05-02 23:00:00+01:00,0.293,70.3,11.717,46.866,70.3,23.433,29.292,4.394,29.292
2030,sc01,05-03 00:00:00+01:00,0.3,72.0,12.0,48.0,72.0,24.0,30.0,4.5,30.0
2030,sc01,05-03 01:00:00+01:00,0.287,68.938,11.49,45.959,68.938,22.979,28.724,4.309,28.724
2030,sc01,05-03 02:00:00+01:00,0.275,66.104,11.017,44.069,66.104,22.035,27.543,4.131,27.543
2030,sc01,05-03 03:00:00+01:00,0.267,64.133,10.689,42.755,64.133,21.378,26.722,4.008,26.722
2030,sc01,05-03 04:00:00+01:00,0.261,62.6,10.433,41.734,62.6,20.867,26.083,3.913,26.083
2030,sc01,05-03 05:00:00+01:00,0.259,62.263,10.377,41.509,62.263,20.754,25.943,3.891,25.943
2030,sc01,05-03 06:00:00+01:00,0.259,62.151,10.358,41.434,62.151,20.717,25.896,3.884,25.896
2030,sc01,05-03 07:00:00+01:00,0.262,62.822,10.47,41.881,62.822,20.941,26.176,3.926,26.176
2030,sc01,05-03 08:00:00+01:00,0.269,64.66,10.777,43.107,64.66,21.553,26.942,4.041,26.942
2030,sc01,05-03 09:00:00+01:00,0.284,68.123,11.354,45.416,68.123,22.708,28.385,4.258,28.385
2030,sc01,05-03 10:00:00+01:00,0.295,70.722,11.787,47.148,70.722,23.574,29.467,4.42,29.467
2030,sc01,05-03 11:00:00+01:00,0.303,72.64,12.107,48.427,72.64,24.213,30.267,4.54,30.267
2030,sc01,05-03 12:00:00+01:00,0.302,72.439,12.073,48.293,72.439,24.146,30.183,4.527,30.183
2030,sc01,05-03 13:00:00+01:00,0.302,72.397,12.066,48.265,72.397,24.132,30.166,4.525,30.166
2030,sc01,05-03 14:00:00+01:00,0.306,73.555,12.259,49.037,73.555,24.518,30.648,4.597,30.648
2030,sc01,05-03 15:00:00+01:00,0.321,76.922,12.82,51.281,76.922,25.641,32.051,4.808,32.051
2030,sc01,05-03 16:00:00+01:00,0.337,80.946,13.491,53.964,80.946,26.982,33.728,5.059,33.728
2030,sc01,05-03 17:00:00+01:00,0.347,83.166,13.861,55.444,83.166,27.722,34.653,5.198,34.653
2030,sc01,05-03 18:00:00+01:00,0.345,82.829,13.805,55.219,82.829,27.61,34.512,5.177,34.512
2030,sc01,05-03 19:00:00+01:00,0.34,81.632,13.605,54.422,81.632,27.211,34.014,5.102,34.014
2030,sc01,05-03 20:00:00+01:00,0.333,79.989,13.332,53.326,79.989,26.663,33.329,4.999,33.329
2030,sc01,05-03 21:00:00+01:00,0.324,77.865,12.977,51.91,77.865,25.955,32.444,4.867,32.444
2030,sc01,05-03 22:00:00+01:00,0.31,74.285,12.381,49.523,74.285,24.762,30.952,4.643,30.952
2030,sc01,05-03 23:00:00+01:00,0.293,70.3,11.717,46.866,70.3,23.433,29.292,4.394,29.292
2030,sc01,05-04 00:00:00+01:00,0.3,72.0,12.0,48.0,72.0,24.0,30.0,4.5,30.0
2030,sc01,05-04 01:00:00+01:00,0.287,68.938,11.49,45.959,68.938,22.979,28.724,4.309,28.724
2030,sc01,05-04 02:00:00+01:00,0.275,66.104,11.017,44.069,66.104,22.035,27.543,4.131,27.543
2030,sc01,05-04 03:00:00+01:00,0.267,64.133,10.689,42.755,64.133,21.378,26.722,4.008,26.722
2030,sc01,05-04 04:00:00+01:00,0.261,62.6,10.433,41.734,62.6,20.867,26.083,3.913,26.083
2030,sc01,05-04 05:00:00+01:00,0.259,62.263,10.377,41.509,62.263,20.754,25.943,3.891,25.943
2030,sc01,05-04 06:00:00+01:00,0.259,62.151,10.358,41.434,62.151,20.717,25.896,3.884,25.896
2030,sc01,05-04 07:00:00+01:00,0.262,62.822,10.47,41.881,62.822,20.941,26.176,3.926,26.176
2030,sc01,05-04 08:00:00+01:00,0.269,64.66,10.777,43.107,64.66,21.553,26.942,4.041,26.942
2030,sc01,05-04 09:00:00+01:00,0.284,68.123,11.354,45.416,68.123,22.708,28.385,4.258,28.385
2030,sc01,05-04 10:00:00+01:00,0.295,70.722,11.787,47.148,70.722,23.574,29.467,4.42,29.467
2030,sc01,05-04 11:00:00+01:00,0.303,72.64,12.107,48.427,72.64,24.213,30.267,4.54,30.267
2030,sc01,05-04 12:00:00+01:00,0.302,72.439,12.073,48.293,72.439,24.146,30.183,4.527,30.183
2030,sc01,05-04 13:00:00+01:00,0.302,72.397,12.066,48.265,72.397,24.132,30.166,4.525,30.166
2030,sc01,05-04 14:00:00+01:00,0.306,73.555,12.259,49.037,73.555,24.518,30.648,4.597,30.648
2030,sc01,05-04 15:00:00+01:00,0.321,76.922,12.82,51.281,76.922,25.641,32.051,4.808,32.051
2030,sc01,05-04 16:00:00+01:00,0.337,80.946,13.491,53.964,80.946,26.982,33.728,5.059,33.728
2030,sc01,05-04 17:00:00+01:00,0.347,83.166,13.861,55.444,83.166,27.722,34.653,5.198,34.653
2030,sc01,05-04 18:00:00+01:00,0.345,82.829,13.805,55.219,82.829,27.61,34.512,5.177,34.512
2030,sc01,05-04 19:00:00+01:00,0.34,81.632,13.605,54.422,81.632,27.211,34.014,5.102,34.014
2030,sc01,05-04 20:00:00+01:00,0.333,79.989,13.332,53.326,79.989,26.663,33.329,4.999,33.329
2030,sc01,05-04 21:00:00+01:00,0.324,77.865,12.977,51.91,77.865,25.955,32.444,4.867,32.444
2030,sc01,05-04 22:00:00+01:00,0.31,74.285,12.381,49.523,74.285,24.762,30.952,4.643,30.952
2030,sc01,05-04 23:00:00+01:00,0.293,70.3,11.717,46.866,70.3,23.433,29.292,4.394,29.292
2030,sc01,05-05 00:00:00+01:00,0.3,72.0,12.0,48.0,72.0,24.0,30.0,4.5,30.0
2030,sc01,05-05 01:00:00+01:00,0.287,68.938,11.49,45.959,68.938,22.979,28.724,4.309,28.724
2030,sc01,05-05 02:00:00+01:00,0.275,66.104,11.017,44.069,66.104,22.035,27.543,4.131,27.543
2030,sc01,05-05 03:00:00+01:00,0.267,64.133,10.689,42.755,64.133,21.378,26.722,4.008,26.722
2030,sc01,05-05 04:00:00+01:00,0.261,62.6,10.433,41.734,62.6,20.867,26.083,3.913,26.083
2030,sc01,05-05 05:00:00+01:00,0.259,62.263,10.377,41.509,62.263,20.754,25.943,3.891,25.943
2030,sc01,05-05 06:00:00+01:00,0.259,62.151,10.358,41.434,62.151,20.717,25.896,3.884,25.896
2030,sc01,05-05 07:00:00+01:00,0.262,62.822,10.47,41.881,62.822,20.941,26.176,3.926,26.176
2030,sc01,05-05 08:00:00+01:00,0.269,64.66,10.777,43.107,64.66,21.553,26.942,4.041,26.942
2030,sc01,05-05 09:00:00+01:00,0.284,68.123,11.354,45.416,68.123,22.708,28.385,4.258,28.385
2030,sc01,05-05 10:00:00+01:00,0.295,70.722,11.787,47.148,70.722,23.574,29.467,4.42,29.467
2030,sc01,05-05 11:00:00+01:00,0.303,72.64,12.107,48.427,72.64,24.213,30.267,4.54,30.267
2030,sc01,05-05 12:00:00+01:00,0.302,72.439,12.073,48.293,72.439,24.146,30.183,4.527,30.183
2030,sc01,05-05 13:00:00+01:00,0.302,72.397,12.066,48.265,72.397,24.132,30.166,4.525,30.166
2030,sc01,05-05 14:00:00+01:00,0.306,73.555,12.259,49.037,73.555,24.518,30.648,4.597,30.648
2030,sc01,05-05 15:00:00+01:00,0.321,76.922,12.82,51.281,76.922,25.641,32.051,4.808,32.051
2030,sc01,05-05 16:00:00+01:00,0.337,80.946,13.491,53.964,80.946,26.982,33.728,5.059,33.728
2030,sc01,05-05 17:00:00+01:00,0.347,83.166,13.861,55.444,83.166,27.722,34.653,5.198,34.653
2030,sc01,05-05 18:00:00+01:00,0.345,82.829,13.805,55.219,82.829,27.61,34.512,5.177,34.512
2030,sc01,05-05 19:00:00+01:00,0.34,81.632,13.605,54.422,81.632,27.211,34.014,5.102,34.014
2030,sc01,05-05 20:00:00+01:00,0.333,79.989,13.332,53.326,79.989,26.663,33.329,4.999,33.329
2030,sc01,05-05 21:00:00+01:00,0.324,77.865,12.977,51.91,77.865,25.955,32.444,4.867,32.444
2030,sc01,05-05 22:00:00+01:00,0.31,74.285,12.381,49.523,74.285,24.762,30.952,4.643,30.952
2030,sc01,05-05 23:00:00+01:00,0.293,70.3,11.717,46.866,70.3,23.433,29.292,4.394,29.292
2030,sc01,05-06 00:00:00+01:00,0.3,72.0,12.0,48.0,72.0,24.0,30.0,4.5,30.0
2030,sc01,05-06 01:00:00+01:00,0.287,68.938,11.49,45.959,68.938,22.979,28.724,4.309,28.724
2030,sc01,05-06 02:00:00+01:00,0.275,66.104,11.017,44.069,66.104,22.035,27.543,4.131,27.543
2030,sc01,05-06 03:00:00+01:00,0.267,64.133,10.689,42.755,64.133,21.378,26.722,4.008,26.722
2030,sc01,05-06 04:00:00+01:00,0.261,62.6,10.433,41.734,62.6,20.867,26.083,3.913,26.083
2030,sc01,05-06 05:00:00+01:00,0.259,62.263,10.377,41.509,62.263,20.754,25.943,3.891,25.943
2030,sc01,05-06 06:00:00+01:00,0.259,62.151,10.358,41.434,62.151,20.717,25.896,3.884,25.896
2030,sc01,05-06 07:00:00+01:00,0.262,62.822,10.47,41.881,62.822,20.941,26.176,3.926,26.176
2030,sc01,05-06 08:00:00+01:00,0.269,64.66,10.777,43.107,64.66,21.553,26.942,4.041,26.942
2030,sc01,05-06 09:00:00+01:00,0.284,68.123,11.354,45.416,68.123,22.708,28.385,4.258,28.385
2030,sc01,05-06 10:00:00+01:00,0.295,70.722,11.787,47.148,70.722,23.574,29.467,4.42,29.467
2030,sc01,05-06 11:00:00+01:00,0.303,72.64,12.107,48.427,72.64,24.213,30.267,4.54,30.267
2030,sc01,05-06 12:00:00+01:00,0.302,72.439,12.073,48.293,72.439,24.146,30.183,4.527,30.183
2030,sc01,05-06 13:00:00+01:00,0.302,72.397,12.066,48.265,72.397,24.132,30.166,4.525,30.166
2030,sc01,05-06 14:00:00+01:00,0.306,73.555,12.259,49.037,73.555,24.518,30.648,4.597,30.648
2030,sc01,05-06 15:00:00+01:00,0.321,76.922,12.82,51.281,76.922,25.641,32.051,4.808,32.051
2030,sc01,05-06 16:00:00+01:00,0.337,80.946,13.491,53.964,80.946,26.982,33.728,5.059,33.728
2030,sc01,05-06 17:00:00+01:00,0.347,83.166,13.861,55.444,83.166,27.722,34.653,5.198,34.653
2030,sc01,05-06 18:00:00+01:00,0.345,82.829,13.805,55.219,82.829,27.61,34.512,5.177,34.512
2030,sc01,05-06 19:00:00+01:00,0.34,81.632,13.605,54.422,81.632,27.211,34.014,5.102,34.014
2030,sc01,05-06 20:00:00+01:00,0.333,79.989,13.332,53.326,79.989,26.663,33.329,4.999,33.329
2030,sc01,05-06 21:00:00+01:00,0.324,77.865,12.977,51.91,77.865,25.955,32.444,4.867,32.444
2030,sc01,05-06 22:00:00+01:00,0.31,74.285,12.381,49.523,74.285,24.762,30.952,4.643,30.952
2030,sc01,05-06 23:00:00+01:00,0.293,70.3,11.717,46.866,70.3,23.433,29.292,4.394,29.292
2030,sc01,05-07 00:00:00+01:00,0.3,72.0,12.0,48.0,72.0,24.0,30.0,4.5,30.0
2030,sc01,05-07 01:00:00+01:00,0.287,68.938,11.49,45.959,68.938,22.979,28.724,4.309,28.724
2030,sc01,05-07 02:00:00+01:00,0.275,66.104,11.017,44.069,66.104,22.035,27.543,4.131,27.543
2030,sc01,05-07 03:00:00+01:00,0.267,64.133,10.689,42.755,64.133,21.378,26.722,4.008,26.722
2030,sc01,05-07 04:00:00+01:00,0.261,62.6,10.433,41.734,62.6,20.867,26.083,3.913,26.083
2030,sc01,05-07 05:00:00+01:00,0.259,62.263,10.377,41.509,62.263,20.754,25.943,3.891,25.943
2030,sc01,05-07 06:00:00+01:00,0.259,62.151,10.358,41.434,62.151,20.717,25.896,3.884,25.896
2030,sc01,05-07 07:00:00+01:00,0.262,62.822,10.47,41.881,62.822,20.941,26.176,3.926,26.176
2030,sc01,05-07 08:00:00+01:00,0.269,64.66,10.777,43.107,64.66,21.553,26.942,4.041,26.942
2030,sc01,05-07 09:00:00+01:00,0.284,68.123,11.354,45.416,68.123,22.708,28.385,4.258,28.385
2030,sc01,05-07 10:00:00+01:00,0.295,70.722,11.787,47.148,70.722,23.574,29.467,4.42,29.467
2030,sc01,05-07 11:00:00+01:00,0.303,72.64,12.107,48.427,72.64,24.213,30.267,4.54,30.267
2030,sc01,05-07 12:00:00+01:00,0.302,72.439,12.073,48.293,72.439,24.146,30.183,4.527,30.183
2030,sc01,05-07 13:00:00+01:00,0.302,72.397,12.066,48.265,72.397,24.132,30.166,4.525,30.166
2030,sc01,05-07 14:00:00+01:00,0.306,73.555,12.259,49.037,73.555,24.518,30.648,4.597,30.648
2030,sc01,05-07 15:00:00+01:00,0.321,76.922,12.82,51.281,76.922,25.641,32.051,4.808,32.051
2030,sc01,05-07 16:00:00+01:00,0.337,80.946,13.491,53.964,80.946,26.982,33.728,5.059,33.728
2030,sc01,05-07 17:00:00+01:00,0.347,83.166,13.861,55.444,83.166,27.722,34.653,5.198,34.653
2030,sc01,05-07 18:00:00+01:00,0.345,82.829,13.805,55.219,82.829,27.61,34.512,5.177,34.512
2030,sc01,05-07 19:00:00+01:00,0.34,81.632,13.605,54.422,81.632,27.211,34.014,5.102,34.014
2030,sc01,05-07 20:00:00+01:00,0.333,79.989,13.332,53.326,79.989,26.663,33.329,4.999,33.329
2030,sc01,05-07 21:00:00+01:00,0.324,77.865,12.977,51.91,77.865,25.955,32.444,4.867,32.444
2030,sc01,05-07 22:00:00+01:00,0.31,74.285,12.381,49.523,74.285,24.762,30.952,4.643,30.952
2030,sc01,05-07 23:00:00+01:00,0.293,70.3,11.717,46.866,70.3,23.433,29.292,4.394,29.292
2030,sc01,05-08 00:00:00+01:00,0.3,72.0,12.0,48.0,72.0,24.0,30.0,4.5,30.0
2030,sc01,05-08 01:00:00+01:00,0.287,68.938,11.49,45.959,68.938,22.979,28.724,4.309,28.724
2030,sc01,05-08 02:00:00+01:00,0.275,66.104,11.017,44.069,66.104,22.035,27.543,4.131,27.543
2030,sc01,05-08 03:00:00+01:00,0.267,64.133,10.689,42.755,64.133,21.378,26.722,4.008,26.722
2030,sc01,05-08 04:00:00+01:00,0.261,62.6,10.433,41.734,62.6,20.867,26.083,3.913,26.083
2030,sc01,05-08 05:00:00+01:00,0.259,62.263,10.377,41.509,62.263,20.754,25.943,3.891,25.943
2030,sc01,05-08 06:00:00+01:00,0.259,62.151,10.358,41.434,62.151,20.717,25.896,3.884,25.896
2030,sc01,05-08 07:00:00+01:00,0.262,62.822,10.47,41.881,62.822,20.941,26.176,3.926,26.176
2030,sc01,05-08 08:00:00+01:00,0.269,64.66,10.777,43.107,64.66,21.553,26.942,4.041,26.942
2030,sc01,05-08 09:00:00+01:00,0.284,68.123,11.354,45.416,68.123,22.708,28.385,4.258,28.385
2030,sc01,05-08 10:00:00+01:00,0.295,70.722,11.787,47.148,70.722,23.574,29.467,4.42,29.467
2030,sc01,05-08 11:00:00+01:00,0.303,72.64,12.107,48.427,72.64,24.213,30.267,4.54,30.267
2030,sc01,05-08 12:00:00+01:00,0.302,72.439,12.073,48.293,72.439,24.146,30.183,4.527,30.183
2030,sc01,05-08 13:00:00+01:00,0.302,72.397,12.066,48.265,72.397,24.132,30.166,4.525,30.166
2030,sc01,05-08 14:00:00+01:00,0.306,73.555,12.259,49.037,73.555,24.518,30.648,4.597,30.648
2030,sc01,05-08 15:00:00+01:00,0.321,76.922,12.82,51.281,76.922,25.641,32.051,4.808,32.051
2030,sc01,05-08 16:00:00+01:00,0.337,80.946,13.491,53.964,80.946,26.982,33.728,5.059,33.728
2030,sc01,05-08 17:00:00+01:00,0.347,83.166,13.861,55.444,83.166,27.722,34.653,5.198,34.653
2030,sc01,05-08 18:00:00+01:00,0.345,82.829,13.805,55.219,82.829,27.61,34.512,5.177,34.512
2030,sc01,05-08 19:00:00+01:00,0.34,81.632,13.605,54.422,81.632,27.211,34.014,5.102,34.014
2030,sc01,05-08 20:00:00+01:00,0.333,79.989,13.332,53.326,79.989,26.663,33.329,4.999,33.329
2030,sc01,05-08 21:00:00+01:00,0.324,77.865,12.977,51.91,77.865,25.955,32.444,4.867,32.444
2030,sc01,05-08 22:00:00+01:00,0.31,74.285,12.381,49.523,74.285,24.762,30.952,4.643,30.952
2030,sc01,05-08 23:00:00+01:00,0.293,70.3,11.717,46.866,70.3,23.433,29.292,4.394,29.292
2030,sc01,05-09 00:00:00+01:00,0.3,72.0,12.0,48.0,72.0,24.0,30.0,4.5,30.0
2030,sc01,05-09 01:00:00+01:00,0.287,68.938,11.49,45.959,68.938,22.979,28.724,4.309,28.724
2030,sc01,05-09 02:00:00+01:00,0.275,66.104,11.017,44.069,66.104,22.035,27.543,4.131,27.543
2030,sc01,05-09 03:00:00+01:00,0.267,64.133,10.689,42.755,64.133,21.378,26.722,4.008,26.722
2030,sc01,05-09 04:00:00+01:00,0.261,62.6,10.433,41.734,62.6,20.867,26.083,3.913,26.083
2030,sc01,05-09 05:00:00+01:00,0.259,62.263,10.377,41.509,62.263,20.754,25.943,3.891,25.943
2030,sc01,05-09 06:00:00+01:00,0.259,62.151,10.358,41.434,62.151,20.717,25.896,3.884,25.896
2030,sc01,05-09 07:00:00+01:00,0.262,62.822,10.47,41.881,62.822,20.941,26.176,3.926,26.176
2030,sc01,05-09 08:00:00+01:00,0.269,64.66,10.777,43.107,64.66,21.553,26.942,4.041,26.942
2030,sc01,05-09 09:00:00+01:00,0.284,68.123,11.354,45.416,68.123,22.708,28.385,4.258,28.385
2030,sc01,05-09 10:00:00+01:00,0.295,70.722,11.787,47.148,70.722,23.574,29.467,4.42,29.467
2030,sc01,05-09 11:00:00+01:00,0.303,72.64,12.107,48.427,72.64,24.213,30.267,4.54,30.267
2030,sc01,05-09 12:00:00+01:00,0.302,72.439,12.073,48.293,72.439,24.146,30.183,4.527,30.183
2030,sc01,05-09 13:00:00+01:00,0.302,72.397,12.066,48.265,72.397,24.132,30.166,4.525,30.166
2030,sc01,05-09 14:00:00+01:00,0.306,73.555,12.259,49.037,73.555,24.518,30.648,4.597,30.648
2030,sc01,05-09 15:00:00+01:00,0.321,76.922,12.82,51.281,76.922,25.641,32.051,4.808,32.051
2030,sc01,05-09 16:00:00+01:00,0.337,80.946,13.491,53.964,80.946,26.982,33.728,5.059,33.728
2030,sc01,05-09 17:00:00+01:00,0.347,83.166,13.861,55.444,83.166,27.722,34.653,5.198,34.653
2030,sc01,05-09 18:00:00+01:00,0.345,82.829,13.805,55.219,82.829,27.61,34.512,5.177,34.512
2030,sc01,05-09 19:00:00+01:00,0.34,81.632,13.605,54.422,81.632,27.211,34.014,5.102,34.014
2030,sc01,05-09 20:00:00+01:00,0.333,79.989,13.332,53.326,79.989,26.663,33.329,4.999,33.329
2030,sc01,05-09 21:00:00+01:00,0.324,77.865,12.977,51.91,77.865,25.955,32.444,4.867,32.444
2030,sc01,05-09 22:00:00+01:00,0.31,74.285,12.381,49.523,74.285,24.762,30.952,4.643,30.952
2030,sc01,05-09 23:00:00+01:00,0.293,70.3,11.717,46.866,70.3,23.433,29.292,4.394,29.292
2030,sc01,05-10 00:00:00+01:00,0.3,72.0,12.0,48.0,72.0,24.0,30.0,4.5,30.0
2030,sc01,05-10 01:00:00+01:00,0.287,68.938,11.49,45.959,68.938,22.979,28.724,4.309,28.724
2030,sc01,05-10 02:00:00+01:00,0.275,66.104,11.017,44.069,66.104,22.035,27.543,4.131,27.543
2030,sc01,05-10 03:00:00+01:00,0.267,64.133,10.689,42.755,64.133,21.378,26.722,4.008,26.722
2030,sc01,05-10 04:00:00+01:00,0.261,62.6,10.433,41.734,62.6,20.867,26.083,3.913,26.083
2030,sc01,05-10 05:00:00+01:00,0.259,62.263,10.377,41.509,62.263,20.754,25.943,3.891,25.943
2030,sc01,05-10 06:00:00+01:00,0.259,62.151,10.358,41.434,62.151,20.717,25.896,3.884,25.896
2030,sc01,05-10 07:00:00+01:00,0.262,62.822,10.47,41.881,62.822,20.941,26.176,3.926,26.176
2030,sc01,05-10 08:00:00+01:00,0.269,64.66,10.777,43.107,64.66,21.553,26.942,4.041,26.942
2030,sc01,05-10 09:00:00+01:00,0.284,68.123,11.354,45.416,68.123,22.708,28.385,4.258,28.385
2030,sc01,05-10 10:00:00+01:00,0.295,70.722,11.787,47.148,70.722,23.574,29.467,4.42,29.467
2030,sc01,05-10 11:00:00+01:00,0.303,72.64,12.107,48.427,72.64,24.213,30.267,4.54,30.267
2030,sc01,05-10 12:00:00+01:00,0.302,72.439,12.073,48.293,72.439,24.146,30.183,4.527,30.183
2030,sc01,05-10 13:00:00+01:00,0.302,72.397,12.066,48.265,72.397,24.132,30.166,4.525,30.166
2030,sc01,05-10 14:00:00+01:00,0.306,73.555,12.259,49.037,73.555,24.518,30.648,4.597,30.648
2030,sc01,05-10 15:00:00+01:00,0.321,76.922,12.82,51.281,76.922,25.641,32.051,4.808,32.051
2030,sc01,05-10 16:00:00+01:00,0.337,80.946,13.491,53.964,80.946,26.982,33.728,5.059,33.728
2030,sc01,05-10 17:00:00+01:00,0.347,83.166,13.861,55.444,83.166,27.722,34.653,5.198,34.653
2030,sc01,05-10 18:00:00+01:00,0.345,82.829,13.805,55.219,82.829,27.61,34.512,5.177,34.512
2030,sc01,05-10 19:00:00+01:00,0.34,81.632,13.605,54.422,81.632,27.211,34.014,5.102,34.014
2030,sc01,05-10 20:00:00+01:00,0.333,79.989,13.332,53.326,79.989,26.663,33.329,4.999,33.329
2030,sc01,05-10 21:00:00+01:00,0.324,77.865,12.977,51.91,77.865,25.955,32.444,4.867,32.444
2030,sc01,05-10 22:00:00+01:00,0.31,74.285,12.381,49.523,74.285,24.762,30.952,4.643,30.952
2030,sc01,05-10 23:00:00+01:00,0.293,70.3,11.717,46.866,70.3,23.433,29.292,4.394,29.292
2030,sc01,05-11 00:00:00+01:00,0.3,72.0,12.0,48.0,72.0,24.0,30.0,4.5,30.0
2030,sc01,05-11 01:00:00+01:00,0.287,68.938,11.49,45.959,68.938,22.979,28.724,4.309,28.724
2030,sc01,05-11 02:00:00+01:00,0.275,66.104,11.017,44.069,66.104,22.035,27.543,4.131,27.543
2030,sc01,05-11 03:00:00+01:00,0.267,64.133,10.689,42.755,64.133,21.378,26.722,4.008,26.722
2030,sc01,05-11 04:00:00+01:00,0.261,62.6,10.433,41.734,62.6,20.867,26.083,3.913,26.083
2030,sc01,05-11 05:00:00+01:00,0.259,62.263,10.377,41.509,62.263,20.754,25.943,3.891,25.943
2030,sc01,05-11 06:00:00+01:00,0.259,62.151,10.358,41.434,62.151,20.717,25.896,3.884,25.896
2030,sc01,05-11 07:00:00+01:00,0.262,62.822,10.47,41.881,62.822,20.941,26.176,3.926,26.176
2030,sc01,05-11 08:00:00+01:00,0.269,64.66,10.777,43.107,64.66,21.553,26.942,4.041,26.942
2030,sc01,05-11 09:00:00+01:00,0.284,68.123,11.354,45.416,68.123,22.708,28.385,4.258,28.385
2030,sc01,05-11 10:00:00+01:00,0.295,70.722,11.787,47.148,70.722,23.574,29.467,4.42,29.467
2030,sc01,05-11 11:00:00+01:00,0.303,72.64,12.107,48.427,72.64,24.213,30.267,4.54,30.267
2030,sc01,05-11 12:00:00+01:00,0.302,72.439,12.073,48.293,72.439,24.146,30.183,4.527,30.183
2030,sc01,05-11 13:00:00+01:00,0.302,72.397,12.066,48.265,72.397,24.132,30.166,4.525,30.166
2030,sc01,05-11 14:00:00+01:00,0.306,73.555,12.259,49.037,73.555,24.518,30.648,4.597,30.648
2030,sc01,05-11 15:00:00+01:00,0.321,76.922,12.82,51.281,76.922,25.641,32.051,4.808,32.051
2030,sc01,05-11 16:00:00+01:00,0.337,80.946,13.491,53.964,80.946,26.982,33.728,5.059,33.728
2030,sc01,05-11 17:00:00+01:00,0.347,83.166,13.861,55.444,83.166,27.722,34.653,5.198,34.653
2030,sc01,05-11 18:00:00+01:00,0.345,82.829,13.805,55.219,82.829,27.61,34.512,5.177,34.512
2030,sc01,05-11 19:00:00+01:00,0.34,81.632,13.605,54.422,81.632,27.211,34.014,5.102,34.014
2030,sc01,05-11 20:00:00+01:00,0.333,79.989,13.332,53.326,79.989,26.663,33.329,4.999,33.329
2030,sc01,05-11 21:00:00+01:00,0.324,77.865,12.977,51.91,77.865,25.955,32.444,4.867,32.444
2030,sc01,05-11 22:00:00+01:00,0.31,74.285,12.381,49.523,74.285,24.762,30.952,4.643,30.952
2030,sc01,05-11 23:00:00+01:00,0.293,70.3,11.717,46.866,70.3,23.433,29.292,4.394,29.292
2030,sc01,05-12 00:00:00+01:00,0.3,72.0,12.0,48.0,72.0,24.0,30.0,4.5,30.0
2030,sc01,05-12 01:00:00+01:00,0.287,68.938,11.49,45.959,68.938,22.979,28.724,4.309,28.724
2030,sc01,05-12 02:00:00+01:00,0.275,66.104,11.017,44.069,66.104,22.035,27.543,4.131,27.543
2030,sc01,05-12 03:00:00+01:00,0.267,64.133,10.689,42.755,64.133,21.378,26.722,4.008,26.722
2030,sc01,05-12 04:00:00+01:00,0.261,62.6,10.433,41.734,62.6,20.867,26.083,3.913,26.083
2030,sc01,05-12 05:00:00+01:00,0.259,62.263,10.377,41.509,62.263,20.754,25.943,3.891,25.943
2030,sc01,05-12 06:00:00+01:00,0.259,62.151,10.358,41.434,62.151,20.717,25.896,3.884,25.896
2030,sc01,05-12 07:00:00+01:00,0.262,62.822,10.47,41.881,62.822,20.941,26.176,3.926,26.176
2030,sc01,05-12 08:00:00+01:00,0.269,64.66,10.777,43.107,64.66,21.553,26.942,4.041,26.942
2030,sc01,05-12 09:00:00+01:00,0.284,68.123,11.354,45.416,68.123,22.708,28.385,4.258,28.385
2030,sc01,05-12 10:00:00+01:00,0.295,70.722,11.787,47.148,70.722,23.574,29.467,4.42,29.467
2030,sc01,05-12 11:00:00+01:00,0.303,72.64,12.107,48.427,72.64,24.213,30.267,4.54,30.267
2030,sc01,05-12 12:00:00+01:00,0.302,72.439,12.073,48.293,72.439,24.146,30.183,4.527,30.183
2030,sc01,05-12 13:00:00+01:00,0.302,72.397,12.066,48.265,72.397,24.132,30.166,4.525,30.166
2030,sc01,05-12 14:00:00+01:00,0.306,73.555,12.259,49.037,73.555,24.518,30.648,4.597,30.648
2030,sc01,05-12 15:00:00+01:00,0.321,76.922,12.82,51.281,76.922,25.641,32.051,4.808,32.051
2030,sc01,05-12 16:00:00+01:00,0.337,80.946,13.491,53.964,80.946,26.982,33.728,5.059,33.728
2030,sc01,05-12 17:00:00+01:00,0.347,83.166,13.861,55.444,83.166,27.722,34.653,5.198,34.653
2030,sc01,05-12 18:00:00+01:00,0.345,82.829,13.805,55.219,82.829,27.61,34.512,5.177,34.512
2030,sc01,05-12 19:00:00+01:00,0.34,81.632,13.605,54.422,81.632,27.211,34.014,5.102,34.014
2030,sc01,05-12 20:00:00+01:00,0.333,79.989,13.332,53.326,79.989,26.663,33.329,4.999,33.329
2030,sc01,05-12 21:00:00+01:00,0.324,77.865,12.977,51.91,77.865,25.955,32.444,4.867,32.444
2030,sc01,05-12 22:00:00+01:00,0.31,74.285,12.381,49.523,74.285,24.762,30.952,4.643,30.952
2030,sc01,05-12 23:00:00+01:00,0.293,70.3,11.717,46.866,70.3,23.433,29.292,4.394,29.292
2030,sc01,05-13 00:00:00+01:00,0.3,72.0,12.0,48.0,72.0,24.0,30.0,4.5,30.0
2030,sc01,05-13 01:00:00+01:00,0.287,68.938,11.49,45.959,68.938,22.979,28.724,4.309,28.724
2030,sc01,05-13 02:00:00+01:00,0.275,66.104,11.017,44.069,66.104,22.035,27.543,4.131,27.543
2030,sc01,05-13 03:00:00+01:00,0.267,64.133,10.689,42.755,64.133,21.378,26.722,4.008,26.722
2030,sc01,05-13 04:00:00+01:00,0.261,62.6,10.433,41.734,62.6,20.867,26.083,3.913,26.083
2030,sc01,05-13 05:00:00+01:00,0.259,62.263,10.377,41.509,62.263,20.754,25.943,3.891,25.943
2030,sc01,05-13 06:00:00+01:00,0.259,62.151,10.358,41.434,62.151,20.717,25.896,3.884,25.896
2030,sc01,05-13 07:00:00+01:00,0.262,62.822,10.47,41.881,62.822,20.941,26.176,3.926,26.176
2030,sc01,05-13 08:00:00+01:00,0.269,64.66,10.777,43.107,64.66,21.553,26.942,4.041,26.942
2030,sc01,05-13 09:00:00+01:00,0.284,68.123,11.354,45.416,68.123,22.708,28.385,4.258,28.385
2030,sc01,05-13 10:00:00+01:00,0.295,70.722,11.787,47.148,70.722,23.574,29.467,4.42,29.467
2030,sc01,05-13 11:00:00+01:00,0.303,72.64,12.107,48.427,72.64,24.213,30.267,4.54,30.267
2030,sc01,05-13 12:00:00+01:00,0.302,72.439,12.073,48.293,72.439,24.146,30.183,4.527,30.183
2030,sc01,05-13 13:00:00+01:00,0.302,72.397,12.066,48.265,72.397,24.132,30.166,4.525,30.166
2030,sc01,05-13 14:00:00+01:00,0.306,73.555,12.259,49.037,73.555,24.518,30.648,4.597,30.648
2030,sc01,05-13 15:00:00+01:00,0.321,76.922,12.82,51.281,76.922,25.641,32.051,4.808,32.051
2030,sc01,05-13 16:00:00+01:00,0.337,80.946,13.491,53.964,80.946,26.982,33.728,5.059,33.728
2030,sc01,05-13 17:00:00+01:00,0.347,83.166,13.861,55.444,83.166,27.722,34.653,5.198,34.653
2030,sc01,05-13 18:00:00+01:00,0.345,82.829,13.805,55.219,82.829,27.61,34.512,5.177,34.512
2030,sc01,05-13 19:00:00+01:00,0.34,81.632,13.605,54.422,81.632,27.211,34.014,5.102,34.014
2030,sc01,05-13 20:00:00+01:00,0.333,79.989,13.332,53.326,79.989,26.663,33.329,4.999,33.329
2030,sc01,05-13 21:00:00+01:00,0.324,77.865,12.977,51.91,77.865,25.955,32.444,4.867,32.444
2030,sc01,05-13 22:00:00+01:00,0.31,74.285,12.381,49.523,74.285,24.762,30.952,4.643,30.952
2030,sc01,05-13 23:00:00+01:00,0.293,70.3,11.717,46.866,70.3,23.433,29.292,4.394,29.292
2030,sc01,05-14 00:00:00+01:00,0.3,72.0,12.0,48.0,72.0,24.0,30.0,4.5,30.0
2030,sc01,05-14 01:00:00+01:00,0.287,68.938,11.49,45.959,68.938,22.979,28.724,4.309,28.724
2030,sc01,05-14 02:00:00+01:00,0.275,66.104,11.017,44.069,66.104,22.035,27.543,4.131,27.543
2030,sc01,05-14 03:00:00+01:00,0.267,64.133,10.689,42.755,64.133,21.378,26.722,4.008,26.722
2030,sc01,05-14 04:00:00+01:00,0.261,62.6,10.433,41.734,62.6,20.867,26.083,3.913,26.083
2030,sc01,05-14 05:00:00+01:00,0.259,62.263,10.377,41.509,62.263,20.754,25.943,3.891,25.943
2030,sc01,05-14 06:00:00+01:00,0.259,62.151,10.358,41.434,62.151,20.717,25.896,3.884,25.896
2030,sc01,05-14 07:00:00+01:00,0.262,62.822,10.47,41.881,62.822,20.941,26.176,3.926,26.176
2030,sc01,05-14 08:00:00+01:00,0.269,64.66,10.777,43.107,64.66,21.553,26.942,4.041,26.942
2030,sc01,05-14 09:00:00+01:00,0.284,68.123,11.354,45.416,68.123,22.708,28.385,4.258,28.385
2030,sc01,05-14 10:00:00+01:00,0.295,70.722,11.787,47.148,70.722,23.574,29.467,4.42,29.467
2030,sc01,05-14 11:00:00+01:00,0.303,72.64,12.107,48.427,72.64,24.213,30.267,4.54,30.267
2030,sc01,05-14 12:00:00+01:00,0.302,72.439,12.073,48.293,72.439,24.146,30.183,4.527,30.183
2030,sc01,05-14 13:00:00+01:00,0.302,72.397,12.066,48.265,72.397,24.132,30.166,4.525,30.166
2030,sc01,05-14 14:00:00+01:00,0.306,73.555,12.259,49.037,73.555,24.518,30.648,4.597,30.648
2030,sc01,05-14 15:00:00+01:00,0.321,76.922,12.82,51.281,76.922,25.641,32.051,4.808,32.051
2030,sc01,05-14 16:00:00+01:00,0.337,80.946,13.491,53.964,80.946,26.982,33.728,5.059,33.728
2030,sc01,05-14 17:00:00+01:00,0.347,83.166,13.861,55.444,83.166,27.722,34.653,5.198,34.653
2030,sc01,05-14 18:00:00+01:00,0.345,82.829,13.805,55.219,82.829,27.61,34.512,5.177,34.512
2030,sc01,05-14 19:00:00+01:00,0.34,81.632,13.605,54.422,81.632,27.211,34.014,5.102,34.014
2030,sc01,05-14 20:00:00+01:00,0.333,79.989,13.332,53.326,79.989,26.663,33.329,4.999,33.329
2030,sc01,05-14 21:00:00+01:00,0.324,77.865,12.977,51.91,77.865,25.955,32.444,4.867,32.444
2030,sc01,05-14 22:00:00+01:00,0.31,74.285,12.381,49.523,74.285,24.762,30.952,4.643,30.952
2030,sc01,05-14 23:00:00+01:00,0.293,70.3,11.717,46.866,70.3,23.433,29.292,4.394,29.292
2030,sc01,05-15 00:00:00+01:00,0.3,72.0,12.0,48.0,72.0,24.0,30.0,4.5,30.0
2030,sc01,05-15 01:00:00+01:00,0.287,68.938,11.49,45.959,68.938,22.979,28.724,4.309,28.724
2030,sc01,05-15 02:00:00+01:00,0.275,66.104,11.017,44.069,66.104,22.035,27.543,4.131,27.543
2030,sc01,05-15 03:00:00+01:00,0.267,64.133,10.689,42.755,64.133,21.378,26.722,4.008,26.722
2030,sc01,05-15 04:00:00+01:00,0.261,62.6,10.433,41.734,62.6,20.867,26.083,3.913,26.083
2030,sc01,05-15 05:00:00+01:00,0.259,62.263,10.377,41.509,62.263,20.754,25.943,3.891,25.943
2030,sc01,05-15 06:00:00+01:00,0.259,62.151,10.358,41.434,62.151,20.717,25.896,3.884,25.896
2030,sc01,05-15 07:00:00+01:00,0.262,62.822,10.47,41.881,62.822,20.941,26.176,3.926,26.176
2030,sc01,05-15 08:00:00+01:00,0.269,64.66,10.777,43.107,64.66,21.553,26.942,4.041,26.942
2030,sc01,05-15 09:00:00+01:00,0.284,68.123,11.354,45.416,68.123,22.708,28.385,4.258,28.385
2030,sc01,05-15 10:00:00+01:00,0.295,70.722,11.787,47.148,70.722,23.574,29.467,4.42,29.467
2030,sc01,05-15 11:00:00+01:00,0.303,72.64,12.107,48.427,72.64,24.213,30.267,4.54,30.267
2030,sc01,05-15 12:00:00+01:00,0.302,72.439,12.073,48.293,72.439,24.146,30.183,4.527,30.183
2030,sc01,05-15 13:00:00+01:00,0.302,72.397,12.066,48.265,72.397,24.132,30.166,4.525,30.166
2030,sc01,05-15 14:00:00+01:00,0.306,73.555,12.259,49.037,73.555,24.518,30.648,4.597,30.648
2030,sc01,05-15 15:00:00+01:00,0.321,76.922,12.82,51.281,76.922,25.641,32.051,4.808,32.051
2030,sc01,05-15 16:00:00+01:00,0.337,80.946,13.491,53.964,80.946,26.982,33.728,5.059,33.728
2030,sc01,05-15 17:00:00+01:00,0.347,83.166,13.861,55.444,83.166,27.722,34.653,5.198,34.653
2030,sc01,05-15 18:00:00+01:00,0.345,82.829,13.805,55.219,82.829,27.61,34.512,5.177,34.512
2030,sc01,05-15 19:00:00+01:00,0.34,81.632,13.605,54.422,81.632,27.211,34.014,5.102,34.014
2030,sc01,05-15 20:00:00+01:00,0.333,79.989,13.332,53.326,79.989,26.663,33.329,4.999,33.329
2030,sc01,05-15 21:00:00+01:00,0.324,77.865,12.977,51.91,77.865,25.955,32.444,4.867,32.444
2030,sc01,05-15 22:00:00+01:00,0.31,74.285,12.381,49.523,74.285,24.762,30.952,4.643,30.952
2030,sc01,05-15 23:00:00+01:00,0.293,70.3,11.717,46.866,70.3,23.433,29.292,4.394,29.292
2030,sc01,05-16 00:00:00+01:00,0.3,72.0,12.0,48.0,72.0,24.0,30.0,4.5,30.0
2030,sc01,05-16 01:00:00+01:00,0.287,68.938,11.49,45.959,68.938,22.979,28.724,4.309,28.724
2030,sc01,05-16 02:00:00+01:00,0.275,66.104,11.017,44.069,66.104,22.035,27.543,4.131,27.543
2030,sc01,05-16 03:00:00+01:00,0.267,64.133,10.689,42.755,64.133,21.378,26.722,4.008,26.722
2030,sc01,05-16 04:00:00+01:00,0.261,62.6,10.433,41.734,62.6,20.867,26.083,3.913,26.083
2030,sc01,05-16 05:00:00+01:00,0.259,62.263,10.377,41.509,62.263,20.754,25.943,3.891,25.943
2030,sc01,05-16 06:00:00+01:00,0.259,62.151,10.358,41.434,62.151,20.717,25.896,3.884,25.896
2030,sc01,05-16 07:00:00+01:00,0.262,62.822,10.47,41.881,62.822,20.941,26.176,3.926,26.176
2030,sc01,05-16 08:00:00+01:00,0.269,64.66,10.777,43.107,64.66,21.553,26.942,4.041,26.942
2030,sc01,05-16 09:00:00+01:00,0.284,68.123,11.354,45.416,68.123,22.708,28.385,4.258,28.385
2030,sc01,05-16 10:00:00+01:00,0.295,70.722,11.787,47.148,70.722,23.574,29.467,4.42,29.467
2030,sc01,05-16 11:00:00+01:00,0.303,72.64,12.107,48.427,72.64,24.213,30.267,4.54,30.267
2030,sc01,05-16 12:00:00+01:00,0.302,72.439,12.073,48.293,72.439,24.146,30.183,4.527,30.183
2030,sc01,05-16 13:00:00+01:00,0.302,72.397,12.066,48.265,72.397,24.132,30.166,4.525,30.166
2030,sc01,05-16 14:00:00+01:00,0.306,73.555,12.259,49.037,73.555,24.518,30.648,4.597,30.648
2030,sc01,05-16 15:00:00+01:00,0.321,76.922,12.82,51.281,76.922,25.641,32.051,4.808,32.051
2030,sc01,05-16 16:00:00+01:00,0.337,80.946,13.491,53.964,80.946,26.982,33.728,5.059,33.728
2030,sc01,05-16 17:00:00+01:00,0.347,83.166,13.861,55.444,83.166,27.722,34.653,5.198,34.653
2030,sc01,05-16 18:00:00+01:00,0.345,82.829,13.805,55.219,82.829,27.61,34.512,5.177,34.512
2030,sc01,05-16 19:00:00+01:00,0.34,81.632,13.605,54.422,81.632,27.211,34.014,5.102,34.014
2030,sc01,05-16 20:00:00+01:00,0.333,79.989,13.332,53.326,79.989,26.663,33.329,4.999,33.329
2030,sc01,05-16 21:00:00+01:00,0.324,77.865,12.977,51.91,77.865,25.955,32.444,4.867,32.444
2030,sc01,05-16 22:00:00+01:00,0.31,74.285,12.381,49.523,74.285,24.762,30.952,4.643,30.952
2030,sc01,05-16 23:00:00+01:00,0.293,70.3,11.717,46.866,70.3,23.433,29.292,4.394,29.292
2030,sc01,05-17 00:00:00+01:00,0.3,72.0,12.0,48.0,72.0,24.0,30.0,4.5,30.0
2030,sc01,05-17 01:00:00+01:00,0.287,68.938,11.49,45.959,68.938,22.979,28.724,4.309,28.724
2030,sc01,05-17 02:00:00+01:00,0.275,66.104,11.017,44.069,66.104,22.035,27.543,4.131,27.543
2030,sc01,05-17 03:00:00+01:00,0.267,64.133,10.689,42.755,64.133,21.378,26.722,4.008,26.722
2030,sc01,05-17 04:00:00+01:00,0.261,62.6,10.433,41.734,62.6,20.867,26.083,3.913,26.083
2030,sc01,05-17 05:00:00+01:00,0.259,62.263,10.377,41.509,62.263,20.754,25.943,3.891,25.943
2030,sc01,05-17 06:00:00+01:00,0.259,62.151,10.358,41.434,62.151,20.717,25.896,3.884,25.896
2030,sc01,05-17 07:00:00+01:00,0.262,62.822,10.47,41.881,62.822,20.941,26.176,3.926,26.176
2030,sc01,05-17 08:00:00+01:00,0.269,64.66,10.777,43.107,64.66,21.553,26.942,4.041,26.942
2030,sc01,05-17 09:00:00+01:00,0.284,68.123,11.354,45.416,68.123,22.708,28.385,4.258,28.385
2030,sc01,05-17 10:00:00+01:00,0.295,70.722,11.787,47.148,70.722,23.574,29.467,4.42,29.467
2030,sc01,05-17 11:00:00+01:00,0.303,72.64,12.107,48.427,72.64,24.213,30.267,4.54,30.267
2030,sc01,05-17 12:00:00+01:00,0.302,72.439,12.073,48.293,72.439,24.146,30.183,4.527,30.183
2030,sc01,05-17 13:00:00+01:00,0.302,72.397,12.066,48.265,72.397,24.132,30.166,4.525,30.166
2030,sc01,05-17 14:00:00+01:00,0.306,73.555,12.259,49.037,73.555,24.518,30.648,4.597,30.648
2030,sc01,05-17 15:00:00+01:00,0.321,76.922,12.82,51.281,76.922,25.641,32.051,4.808,32.051
2030,sc01,05-17 16:00:00+01:00,0.337,80.946,13.491,53.964,80.946,26.982,33.728,5.059,33.728
2030,sc01,05-17 17:00:00+01:00,0.347,83.166,13.861,55.444,83.166,27.722,34.653,5.198,34.653
2030,sc01,05-17 18:00:00+01:00,0.345,82.829,13.805,55.219,82.829,27.61,34.512,5.177,34.512
2030,sc01,05-17 19:00:00+01:00,0.34,81.632,13.605,54.422,81.632,27.211,34.014,5.102,34.014
2030,sc01,05-17 20:00:00+01:00,0.333,79.989,13.332,53.326,79.989,26.663,33.329,4.999,33.329
2030,sc01,05-17 21:00:00+01:00,0.324,77.865,12.977,51.91,77.865,25.955,32.444,4.867,32.444
2030,sc01,05-17 22:00:00+01:00,0.31,74.285,12.381,49.523,74.285,24.762,30.952,4.643,30.952
2030,sc01,05-17 23:00:00+01:00,0.293,70.3,11.717,46.866,70.3,23.433,29.292,4.394,29.292
2030,sc01,05-18 00:00:00+01:00,0.3,72.0,12.0,48.0,72.0,24.0,30.0,4.5,30.0
2030,sc01,05-18 01:00:00+01:00,0.287,68.938,11.49,45.959,68.938,22.979,28.724,4.309,28.724
2030,sc01,05-18 02:00:00+01:00,0.275,66.104,11.017,44.069,66.104,22.035,27.543,4.131,27.543
2030,sc01,05-18 03:00:00+01:00,0.267,64.133,10.689,42.755,64.133,21.378,26.722,4.008,26.722
2030,sc01,05-18 04:00:00+01:00,0.261,62.6,10.433,41.734,62.6,20.867,26.083,3.913,26.083
2030,sc01,05-18 05:00:00+01:00,0.259,62.263,10.377,41.509,62.263,20.754,25.943,3.891,25.943
2030,sc01,05-18 06:00:00+01:00,0.259,62.151,10.358,41.434,62.151,20.717,25.896,3.884,25.896
2030,sc01,05-18 07:00:00+01:00,0.262,62.822,10.47,41.881,62.822,20.941,26.176,3.926,26.176
2030,sc01,05-18 08:00:00+01:00,0.269,64.66,10.777,43.107,64.66,21.553,26.942,4.041,26.942
2030,sc01,05-18 09:00:00+01:00,0.284,68.123,11.354,45.416,68.123,22.708,28.385,4.258,28.385
2030,sc01,05-18 10:00:00+01:00,0.295,70.722,11.787,47.148,70.722,23.574,29.467,4.42,29.467
2030,sc01,05-18 11:00:00+01:00,0.303,72.64,12.107,48.427,72.64,24.213,30.267,4.54,30.267
2030,sc01,05-18 12:00:00+01:00,0.302,72.439,12.073,48.293,72.439,24.146,30.183,4.527,30.183
2030,sc01,05-18 13:00:00+01:00,0.302,72.397,12.066,48.265,72.397,24.132,30.166,4.525,30.166
2030,sc01,05-18 14:00:00+01:00,0.306,73.555,12.259,49.037,73.555,24.518,30.648,4.597,30.648
2030,sc01,05-18 15:00:00+01:00,0.321,76.922,12.82,51.281,76.922,25.641,32.051,4.808,32.051
2030,sc01,05-18 16:00:00+01:00,0.337,80.946,13.491,53.964,80.946,26.982,33.728,5.059,33.728
2030,sc01,05-18 17:00:00+01:00,0.347,83.166,13.861,55.444,83.166,27.722,34.653,5.198,34.653
2030,sc01,05-18 18:00:00+01:00,0.345,82.829,13.805,55.219,82.829,27.61,34.512,5.177,34.512
2030,sc01,05-18 19:00:00+01:00,0.34,81.632,13.605,54.422,81.632,27.211,34.014,5.102,34.014
2030,sc01,05-18 20:00:00+01:00,0.333,79.989,13.332,53.326,79.989,26.663,33.329,4.999,33.329
2030,sc01,05-18 21:00:00+01:00,0.324,77.865,12.977,51.91,77.865,25.955,32.444,4.867,32.444
2030,sc01,05-18 22:00:00+01:00,0.31,74.285,12.381,49.523,74.285,24.762,30.952,4.643,30.952
2030,sc01,05-18 23:00:00+01:00,0.293,70.3,11.717,46.866,70.3,23.433,29.292,4.394,29.292
2030,sc01,05-19 00:00:00+01:00,0.3,72.0,12.0,48.0,72.0,24.0,30.0,4.5,30.0
2030,sc01,05-19 01:00:00+01:00,0.287,68.938,11.49,45.959,68.938,22.979,28.724,4.309,28.724
2030,sc01,05-19 02:00:00+01:00,0.275,66.104,11.017,44.069,66.104,22.035,27.543,4.131,27.543
2030,sc01,05-19 03:00:00+01:00,0.267,64.133,10.689,42.755,64.133,21.378,26.722,4.008,26.722
2030,sc01,05-19 04:00:00+01:00,0.261,62.6,10.433,41.734,62.6,20.867,26.083,3.913,26.083
2030,sc01,05-19 05:00:00+01:00,0.259,62.263,10.377,41.509,62.263,20.754,25.943,3.891,25.943
2030,sc01,05-19 06:00:00+01:00,0.259,62.151,10.358,41.434,62.151,20.717,25.896,3.884,25.896
2030,sc01,05-19 07:00:00+01:00,0.262,62.822,10.47,41.881,62.822,20.941,26.176,3.926,26.176
2030,sc01,05-19 08:00:00+01:00,0.269,64.66,10.777,43.107,64.66,21.553,26.942,4.041,26.942
2030,sc01,05-19 09:00:00+01:00,0.284,68.123,11.354,45.416,68.123,22.708,28.385,4.258,28.385
2030,sc01,05-19 10:00:00+01:00,0.295,70.722,11.787,47.148,70.722,23.574,29.467,4.42,29.467
2030,sc01,05-19 11:00:00+01:00,0.303,72.64,12.107,48.427,72.64,24.213,30.267,4.54,30.267
2030,sc01,05-19 12:00:00+01:00,0.302,72.439,12.073,48.293,72.439,24.146,30.183,4.527,30.183
2030,sc01,05-19 13:00:00+01:00,0.302,72.397,12.066,48.265,72.397,24.132,30.166,4.525,30.166
2030,sc01,05-19 14:00:00+01:00,0.306,73.555,12.259,49.037,73.555,24.518,30.648,4.597,30.648
2030,sc01,05-19 15:00:00+01:00,0.321,76.922,12.82,51.281,76.922,25.641,32.051,4.808,32.051
2030,sc01,05-19 16:00:00+01:00,0.337,80.946,13.491,53.964,80.946,26.982,33.728,5.059,33.728
2030,sc01,05-19 17:00:00+01:00,0.347,83.166,13.861,55.444,83.166,27.722,34.653,5.198,34.653
2030,sc01,05-19 18:00:00+01:00,0.345,82.829,13.805,55.219,82.829,27.61,34.512,5.177,34.512
2030,sc01,05-19 19:00:00+01:00,0.34,81.632,13.605,54.422,81.632,27.211,34.014,5.102,34.014
2030,sc01,05-19 20:00:00+01:00,0.333,79.989,13.332,53.326,79.989,26.663,33.329,4.999,33.329
2030,sc01,05-19 21:00:00+01:00,0.324,77.865,12.977,51.91,77.865,25.955,32.444,4.867,32.444
2030,sc01,05-19 22:00:00+01:00,0.31,74.285,12.381,49.523,74.285,24.762,30.952,4.643,30.952
2030,sc01,05-19 23:00:00+01:00,0.293,70.3,11.717,46.866,70.3,23.433,29.292,4.394,29.292
2030,sc01,05-20 00:00:00+01:00,0.3,72.0,12.0,48.0,72.0,24.0,30.0,4.5,30.0
2030,sc01,05-20 01:00:00+01:00,0.287,68.938,11.49,45.959,68.938,22.979,28.724,4.309,28.724
2030,sc01,05-20 02:00:00+01:00,0.275,66.104,11.017,44.069,66.104,22.035,27.543,4.131,27.543
2030,sc01,05-20 03:00:00+01:00,0.267,64.133,10.689,42.755,64.133,21.378,26.722,4.008,26.722
2030,sc01,05-20 04:00:00+01:00,0.261,62.6,10.433,41.734,62.6,20.867,26.083,3.913,26.083
2030,sc01,05-20 05:00:00+01:00,0.259,62.263,10.377,41.509,62.263,20.754,25.943,3.891,25.943
2030,sc01,05-20 06:00:00+01:00,0.259,62.151,10.358,41.434,62.151,20.717,25.896,3.884,25.896
2030,sc01,05-20 07:00:00+01:00,0.262,62.822,10.47,41.881,62.822,20.941,26.176,3.926,26.176
2030,sc01,05-20 08:00:00+01:00,0.269,64.66,10.777,43.107,64.66,21.553,26.942,4.041,26.942
2030,sc01,05-20 09:00:00+01:00,0.284,68.123,11.354,45.416,68.123,22.708,28.385,4.258,28.385
2030,sc01,05-20 10:00:00+01:00,0.295,70.722,11.787,47.148,70.722,23.574,29.467,4.42,29.467
2030,sc01,05-20 11:00:00+01:00,0.303,72.64,12.107,48.427,72.64,24.213,30.267,4.54,30.267
2030,sc01,05-20 12:00:00+01:00,0.302,72.439,12.073,48.293,72.439,24.146,30.183,4.527,30.183
2030,sc01,05-20 13:00:00+01:00,0.302,72.397,12.066,48.265,72.397,24.132,30.166,4.525,30.166
2030,sc01,05-20 14:00:00+01:00,0.306,73.555,12.259,49.037,73.555,24.518,30.648,4.597,30.648
2030,sc01,05-20 15:00:00+01:00,0.321,76.922,12.82,51.281,76.922,25.641,32.051,4.808,32.051
2030,sc01,05-20 16:00:00+01:00,0.337,80.946,13.491,53.964,80.946,26.982,33.728,5.059,33.728
2030,sc01,05-20 17:00:00+01:00,0.347,83.166,13.861,55.444,83.166,27.722,34.653,5.198,34.653
2030,sc01,05-20 18:00:00+01:00,0.345,82.829,13.805,55.219,82.829,27.61,34.512,5.177,34.512
2030,sc01,05-20 19:00:00+01:00,0.34,81.632,13.605,54.422,81.632,27.211,34.014,5.102,34.014
2030,sc01,05-20 20:00:00+01:00,0.333,79.989,13.332,53.326,79.989,26.663,33.329,4.999,33.329
2030,sc01,05-20 21:00:00+01:00,0.324,77.865,12.977,51.91,77.865,25.955,32.444,4.867,32.444
2030,sc01,05-20 22:00:00+01:00,0.31,74.285,12.381,49.523,74.285,24.762,30.952,4.643,30.952
2030,sc01,05-20 23:00:00+01:00,0.293,70.3,11.717,46.866,70.3,23.433,29.292,4.394,29.292
2030,sc01,05-21 00:00:00+01:00,0.3,72.0,12.0,48.0,72.0,24.0,30.0,4.5,30.0
2030,sc01,05-21 01:00:00+01:00,0.287,68.938,11.49,45.959,68.938,22.979,28.724,4.309,28.724
2030,sc01,05-21 02:00:00+01:00,0.275,66.104,11.017,44.069,66.104,22.035,27.543,4.131,27.543
2030,sc01,05-21 03:00:00+01:00,0.267,64.133,10.689,42.755,64.133,21.378,26.722,4.008,26.722
2030,sc01,05-21 04:00:00+01:00,0.261,62.6,10.433,41.734,62.6,20.867,26.083,3.913,26.083
2030,sc01,05-21 05:00:00+01:00,0.259,62.263,10.377,41.509,62.263,20.754,25.943,3.891,25.943
2030,sc01,05-21 06:00:00+01:00,0.259,62.151,10.358,41.434,62.151,20.717,25.896,3.884,25.896
2030,sc01,05-21 07:00:00+01:00,0.262,62.822,10.47,41.881,62.822,20.941,26.176,3.926,26.176
2030,sc01,05-21 08:00:00+01:00,0.269,64.66,10.777,43.107,64.66,21.553,26.942,4.041,26.942
2030,sc01,05-21 09:00:00+01:00,0.284,68.123,11.354,45.416,68.123,22.708,28.385,4.258,28.385
2030,sc01,05-21 10:00:00+01:00,0.295,70.722,11.787,47.148,70.722,23.574,29.467,4.42,29.467
2030,sc01,05-21 11:00:00+01:00,0.303,72.64,12.107,48.427,72.64,24.213,30.267,4.54,30.267
2030,sc01,05-21 12:00:00+01:00,0.302,72.439,12.073,48.293,72.439,24.146,30.183,4.527,30.183
2030,sc01,05-21 13:00:00+01:00,0.302,72.397,12.066,48.265,72.397,24.132,30.166,4.525,30.166
2030,sc01,05-21 14:00:00+01:00,0.306,73.555,12.259,49.037,73.555,24.518,30.648,4.597,30.648
2030,sc01,05-21 15:00:00+01:00,0.321,76.922,12.82,51.281,76.922,25.641,32.051,4.808,32.051
2030,sc01,05-21 16:00:00+01:00,0.337,80.946,13.491,53.964,80.946,26.982,33.728,5.059,33.728
2030,sc01,05-21 17:00:00+01:00,0.347,83.166,13.861,55.444,83.166,27.722,34.653,5.198,34.653
2030,sc01,05-21 18:00:00+01:00,0.345,82.829,13.805,55.219,82.829,27.61,34.512,5.177,34.512
2030,sc01,05-21 19:00:00+01:00,0.34,81.632,13.605,54.422,81.632,27.211,34.014,5.102,34.014
2030,sc01,05-21 20:00:00+01:00,0.333,79.989,13.332,53.326,79.989,26.663,33.329,4.999,33.329
2030,sc01,05-21 21:00:00+01:00,0.324,77.865,12.977,51.91,77.865,25.955,32.444,4.867,32.444
2030,sc01,05-21 22:00:00+01:00,0.31,74.285,12.381,49.523,74.285,24.762,30.952,4.643,30.952
2030,sc01,05-21 23:00:00+01:00,0.293,70.3,11.717,46.866,70.3,23.433,29.292,4.394,29.292
2030,sc01,05-22 00:00:00+01:00,0.3,72.0,12.0,48.0,72.0,24.0,30.0,4.5,30.0
2030,sc01,05-22 01:00:00+01:00,0.287,68.938,11.49,45.959,68.938,22.979,28.724,4.309,28.724
2030,sc01,05-22 02:00:00+01:00,0.275,66.104,11.017,44.069,66.104,22.035,27.543,4.131,27.543
2030,sc01,05-22 03:00:00+01:00,0.267,64.133,10.689,42.755,64.133,21.378,26.722,4.008,26.722
2030,sc01,05-22 04:00:00+01:00,0.261,62.6,10.433,41.734,62.6,20.867,26.083,3.913,26.083
2030,sc01,05-22 05:00:00+01:00,0.259,62.263,10.377,41.509,62.263,20.754,25.943,3.891,25.943
2030,sc01,05-22 06:00:00+01:00,0.259,62.151,10.358,41.434,62.151,20.717,25.896,3.884,25.896
2030,sc01,05-22 07:00:00+01:00,0.262,62.822,10.47,41.881,62.822,20.941,26.176,3.926,26.176
2030,sc01,05-22 08:00:00+01:00,0.269,64.66,10.777,43.107,64.66,21.553,26.942,4.041,26.942
2030,sc01,05-22 09:00:00+01:00,0.284,68.123,11.354,45.416,68.123,22.708,28.385,4.258,28.385
2030,sc01,05-22 10:00:00+01:00,0.295,70.722,11.787,47.148,70.722,23.574,29.467,4.42,29.467
2030,sc01,05-22 11:00:00+01:00,0.303,72.64,12.107,48.427,72.64,24.213,30.267,4.54,30.267
2030,sc01,05-22 12:00:00+01:00,0.302,72.439,12.073,48.293,72.439,24.146,30.183,4.527,30.183
2030,sc01,05-22 13:00:00+01:00,0.302,72.397,12.066,48.265,72.397,24.132,30.166,4.525,30.166
2030,sc01,05-22 14:00:00+01:00,0.306,73.555,12.259,49.037,73.555,24.518,30.648,4.597,30.648
2030,sc01,05-22 15:00:00+01:00,0.321,76.922,12.82,51.281,76.922,25.641,32.051,4.808,32.051
2030,sc01,05-22 16:00:00+01:00,0.337,80.946,13.491,53.964,80.946,26.982,33.728,5.059,33.728
2030,sc01,05-22 17:00:00+01:00,0.347,83.166,13.861,55.444,83.166,27.722,34.653,5.198,34.653
2030,sc01,05-22 18:00:00+01:00,0.345,82.829,13.805,55.219,82.829,27.61,34.512,5.177,34.512
2030,sc01,05-22 19:00:00+01:00,0.34,81.632,13.605,54.422,81.632,27.211,34.014,5.102,34.014
2030,sc01,05-22 20:00:00+01:00,0.333,79.989,13.332,53.326,79.989,26.663,33.329,4.999,33.329
2030,sc01,05-22 21:00:00+01:00,0.324,77.865,12.977,51.91,77.865,25.955,32.444,4.867,32.444
2030,sc01,05-22 22:00:00+01:00,0.31,74.285,12.381,49.523,74.285,24.762,30.952,4.643,30.952
2030,sc01,05-22 23:00:00+01:00,0.293,70.3,11.717,46.866,70.3,23.433,29.292,4.394,29.292
2030,sc01,05-23 00:00:00+01:00,0.3,72.0,12.0,48.0,72.0,24.0,30.0,4.5,30.0
2030,sc01,05-23 01:00:00+01:00,0.287,68.938,11.49,45.959,68.938,22.979,28.724,4.309,28.724
2030,sc01,05-23 02:00:00+01:00,0.275,66.104,11.017,44.069,66.104,22.035,27.543,4.131,27.543
2030,sc01,05-23 03:00:00+01:00,0.267,64.133,10.689,42.755,64.133,21.378,26.722,4.008,26.722
2030,sc01,05-23 04:00:00+01:00,0.261,62.6,10.433,41.734,62.6,20.867,26.083,3.913,26.083
2030,sc01,05-23 05:00:00+01:00,0.259,62.263,10.377,41.509,62.263,20.754,25.943,3.891,25.943
2030,sc01,05-23 06:00:00+01:00,0.259,62.151,10.358,41.434,62.151,20.717,25.896,3.884,25.896
2030,sc01,05-23 07:00:00+01:00,0.262,62.822,10.47,41.881,62.822,20.941,26.176,3.926,26.176
2030,sc01,05-23 08:00:00+01:00,0.269,64.66,10.777,43.107,64.66,21.553,26.942,4.041,26.942
2030,sc01,05-23 09:00:00+01:00,0.284,68.123,11.354,45.416,68.123,22.708,28.385,4.258,28.385
2030,sc01,05-23 10:00:00+01:00,0.295,70.722,11.787,47.148,70.722,23.574,29.467,4.42,29.467
2030,sc01,05-23 11:00:00+01:00,0.303,72.64,12.107,48.427,72.64,24.213,30.267,4.54,30.267
2030,sc01,05-23 12:00:00+01:00,0.302,72.439,12.073,48.293,72.439,24.146,30.183,4.527,30.183
2030,sc01,05-23 13:00:00+01:00,0.302,72.397,12.066,48.265,72.397,24.132,30.166,4.525,30.166
2030,sc01,05-23 14:00:00+01:00,0.306,73.555,12.259,49.037,73.555,24.518,30.648,4.597,30.648
2030,sc01,05-23 15:00:00+01:00,0.321,76.922,12.82,51.281,76.922,25.641,32.051,4.808,32.051
2030,sc01,05-23 16:00:00+01:00,0.337,80.946,13.491,53.964,80.946,26.982,33.728,5.059,33.728
2030,sc01,05-23 17:00:00+01:00,0.347,83.166,13.861,55.444,83.166,27.722,34.653,5.198,34.653
2030,sc01,05-23 18:00:00+01:00,0.345,82.829,13.805,55.219,82.829,27.61,34.512,5.177,34.512
2030,sc01,05-23 19:00:00+01:00,0.34,81.632,13.605,54.422,81.632,27.211,34.014,5.102,34.014
2030,sc01,05-23 20:00:00+01:00,0.333,79.989,13.332,53.326,79.989,26.663,33.329,4.999,33.329
2030,sc01,05-23 21:00:00+01:00,0.324,77.865,12.977,51.91,77.865,25.955,32.444,4.867,32.444
2030,sc01,05-23 22:00:00+01:00,0.31,74.285,12.381,49.523,74.285,24.762,30.952,4.643,30.952
2030,sc01,05-23 23:00:00+01:00,0.293,70.3,11.717,46.866,70.3,23.433,29.292,4.394,29.292
2030,sc01,05-24 00:00:00+01:00,0.3,72.0,12.0,48.0,72.0,24.0,30.0,4.5,30.0
2030,sc01,05-24 01:00:00+01:00,0.287,68.938,11.49,45.959,68.938,22.979,28.724,4.309,28.724
2030,sc01,05-24 02:00:00+01:00,0.275,66.104,11.017,44.069,66.104,22.035,27.543,4.131,27.543
2030,sc01,05-24 03:00:00+01:00,0.267,64.133,10.689,42.755,64.133,21.378,26.722,4.008,26.722
2030,sc01,05-24 04:00:00+01:00,0.261,62.6,10.433,41.734,62.6,20.867,26.083,3.913,26.083
2030,sc01,05-24 05:00:00+01:00,0.259,62.263,10.377,41.509,62.263,20.754,25.943,3.891,25.943
2030,sc01,05-24 06:00:00+01:00,0.259,62.151,10.358,41.434,62.151,20.717,25.896,3.884,25.896
2030,sc01,05-24 07:00:00+01:00,0.262,62.822,10.47,41.881,62.822,20.941,26.176,3.926,26.176
2030,sc01,05-24 08:00:00+01:00,0.269,64.66,10.777,43.107,64.66,21.553,26.942,4.041,26.942
2030,sc01,05-24 09:00:00+01:00,0.284,68.123,11.354,45.416,68.123,22.708,28.385,4.258,28.385
2030,sc01,05-24 10:00:00+01:00,0.295,70.722,11.787,47.148,70.722,23.574,29.467,4.42,29.467
2030,sc01,05-24 11:00:00+01:00,0.303,72.64,12.107,48.427,72.64,24.213,30.267,4.54,30.267
2030,sc01,05-24 12:00:00+01:00,0.302,72.439,12.073,48.293,72.439,24.146,30.183,4.527,30.183
2030,sc01,05-24 13:00:00+01:00,0.302,72.397,12.066,48.265,72.397,24.132,30.166,4.525,30.166
2030,sc01,05-24 14:00:00+01:00,0.306,73.555,12.259,49.037,73.555,24.518,30.648,4.597,30.648
2030,sc01,05-24 15:00:00+01:00,0.321,76.922,12.82,51.281,76.922,25.641,32.051,4.808,32.051
2030,sc01,05-24 16:00:00+01:00,0.337,80.946,13.491,53.964,80.946,26.982,33.728,5.059,33.728
2030,sc01,05-24 17:00:00+01:00,0.347,83.166,13.861,55.444,83.166,27.722,34.653,5.198,34.653
2030,sc01,05-24 18:00:00+01:00,0.345,82.829,13.805,55.219,82.829,27.61,34.512,5.177,34.512
2030,sc01,05-24 19:00:00+01:00,0.34,81.632,13.605,54.422,81.632,27.211,34.014,5.102,34.014
2030,sc01,05-24 20:00:00+01:00,0.333,79.989,13.332,53.326,79.989,26.663,33.329,4.999,33.329
2030,sc01,05-24 21:00:00+01:00,0.324,77.865,12.977,51.91,77.865,25.955,32.444,4.867,32.444
2030,sc01,05-24 22:00:00+01:00,0.31,74.285,12.381,49.523,74.285,24.762,30.952,4.643,30.952
2030,sc01,05-24 23:00:00+01:00,0.293,70.3,11.717,46.866,70.3,23.433,29.292,4.394,29.292
2030,sc01,05-25 00:00:00+01:00,0.3,72.0,12.0,48.0,72.0,24.0,30.0,4.5,30.0
2030,sc01,05-25 01:00:00+01:00,0.287,68.938,11.49,45.959,68.938,22.979,28.724,4.309,28.724
2030,sc01,05-25 02:00:00+01:00,0.275,66.104,11.017,44.069,66.104,22.035,27.543,4.131,27.543
2030,sc01,05-25 03:00:00+01:00,0.267,64.133,10.689,42.755,64.133,21.378,26.722,4.008,26.722
2030,sc01,05-25 04:00:00+01:00,0.261,62.6,10.433,41.734,62.6,20.867,26.083,3.913,26.083
2030,sc01,05-25 05:00:00+01:00,0.259,62.263,10.377,41.509,62.263,20.754,25.943,3.891,25.943
2030,sc01,05-25 06:00:00+01:00,0.259,62.151,10.358,41.434,62.151,20.717,25.896,3.884,25.896
2030,sc01,05-25 07:00:00+01:00,0.262,62.822,10.47,41.881,62.822,20.941,26.176,3.926,26.176
2030,sc01,05-25 08:00:00+01:00,0.269,64.66,10.777,43.107,64.66,21.553,26.942,4.041,26.942
2030,sc01,05-25 09:00:00+01:00,0.284,68.123,11.354,45.416,68.123,22.708,28.385,4.258,28.385
2030,sc01,05-25 10:00:00+01:00,0.295,70.722,11.787,47.148,70.722,23.574,29.467,4.42,29.467
2030,sc01,05-25 11:00:00+01:00,0.303,72.64,12.107,48.427,72.64,24.213,30.267,4.54,30.267
2030,sc01,05-25 12:00:00+01:00,0.302,72.439,12.073,48.293,72.439,24.146,30.183,4.527,30.183
2030,sc01,05-25 13:00:00+01:00,0.302,72.397,12.066,48.265,72.397,24.132,30.166,4.525,30.166
2030,sc01,05-25 14:00:00+01:00,0.306,73.555,12.259,49.037,73.555,24.518,30.648,4.597,30.648
2030,sc01,05-25 15:00:00+01:00,0.321,76.922,12.82,51.281,76.922,25.641,32.051,4.808,32.051
2030,sc01,05-25 16:00:00+01:00,0.337,80.946,13.491,53.964,80.946,26.982,33.728,5.059,33.728
2030,sc01,05-25 17:00:00+01:00,0.347,83.166,13.861,55.444,83.166,27.722,34.653,5.198,34.653
2030,sc01,05-25 18:00:00+01:00,0.345,82.829,13.805,55.219,82.829,27.61,34.512,5.177,34.512
2030,sc01,05-25 19:00:00+01:00,0.34,81.632,13.605,54.422,81.632,27.211,34.014,5.102,34.014
2030,sc01,05-25 20:00:00+01:00,0.333,79.989,13.332,53.326,79.989,26.663,33.329,4.999,33.329
2030,sc01,05-25 21:00:00+01:00,0.324,77.865,12.977,51.91,77.865,25.955,32.444,4.867,32.444
2030,sc01,05-25 22:00:00+01:00,0.31,74.285,12.381,49.523,74.285,24.762,30.952,4.643,30.952
2030,sc01,05-25 23:00:00+01:00,0.293,70.3,11.717,46.866,70.3,23.433,29.292,4.394,29.292
2030,sc01,05-26 00:00:00+01:00,0.3,72.0,12.0,48.0,72.0,24.0,30.0,4.5,30.0
2030,sc01,05-26 01:00:00+01:00,0.287,68.938,11.49,45.959,68.938,22.979,28.724,4.309,28.724
2030,sc01,05-26 02:00:00+01:00,0.275,66.104,11.017,44.069,66.104,22.035,27.543,4.131,27.543
2030,sc01,05-26 03:00:00+01:00,0.267,64.133,10.689,42.755,64.133,21.378,26.722,4.008,26.722
2030,sc01,05-26 04:00:00+01:00,0.261,62.6,10.433,41.734,62.6,20.867,26.083,3.913,26.083
2030,sc01,05-26 05:00:00+01:00,0.259,62.263,10.377,41.509,62.263,20.754,25.943,3.891,25.943
2030,sc01,05-26 06:00:00+01:00,0.259,62.151,10.358,41.434,62.151,20.717,25.896,3.884,25.896
2030,sc01,05-26 07:00:00+01:00,0.262,62.822,10.47,41.881,62.822,20.941,26.176,3.926,26.176
2030,sc01,05-26 08:00:00+01:00,0.269,64.66,10.777,43.107,64.66,21.553,26.942,4.041,26.942
2030,sc01,05-26 09:00:00+01:00,0.284,68.123,11.354,45.416,68.123,22.708,28.385,4.258,28.385
2030,sc01,05-26 10:00:00+01:00,0.295,70.722,11.787,47.148,70.722,23.574,29.467,4.42,29.467
2030,sc01,05-26 11:00:00+01:00,0.303,72.64,12.107,48.427,72.64,24.213,30.267,4.54,30.267
2030,sc01,05-26 12:00:00+01:00,0.302,72.439,12.073,48.293,72.439,24.146,30.183,4.527,30.183
2030,sc01,05-26 13:00:00+01:00,0.302,72.397,12.066,48.265,72.397,24.132,30.166,4.525,30.166
2030,sc01,05-26 14:00:00+01:00,0.306,73.555,12.259,49.037,73.555,24.518,30.648,4.597,30.648
2030,sc01,05-26 15:00:00+01:00,0.321,76.922,12.82,51.281,76.922,25.641,32.051,4.808,32.051
2030,sc01,05-26 16:00:00+01:00,0.337,80.946,13.491,53.964,80.946,26.982,33.728,5.059,33.728
2030,sc01,05-26 17:00:00+01:00,0.347,83.166,13.861,55.444,83.166,27.722,34.653,5.198,34.653
2030,sc01,05-26 18:00:00+01:00,0.345,82.829,13.805,55.219,82.829,27.61,34.512,5.177,34.512
2030,sc01,05-26 19:00:00+01:00,0.34,81.632,13.605,54.422,81.632,27.211,34.014,5.102,34.014
2030,sc01,05-26 20:00:00+01:00,0.333,79.989,13.332,53.326,79.989,26.663,33.329,4.999,33.329
2030,sc01,05-26 21:00:00+01:00,0.324,77.865,12.977,51.91,77.865,25.955,32.444,4.867,32.444
2030,sc01,05-26 22:00:00+01:00,0.31,74.285,12.381,49.523,74.285,24.762,30.952,4.643,30.952
2030,sc01,05-26 23:00:00+01:00,0.293,70.3,11.717,46.866,70.3,23.433,29.292,4.394,29.292
2030,sc01,05-27 00:00:00+01:00,0.3,72.0,12.0,48.0,72.0,24.0,30.0,4.5,30.0
2030,sc01,05-27 01:00:00+01:00,0.287,68.938,11.49,45.959,68.938,22.979,28.724,4.309,28.724
2030,sc01,05-27 02:00:00+01:00,0.275,66.104,11.017,44.069,66.104,22.035,27.543,4.131,27.543
2030,sc01,05-27 03:00:00+01:00,0.267,64.133,10.689,42.755,64.133,21.378,26.722,4.008,26.722
2030,sc01,05-27 04:00:00+01:00,0.261,62.6,10.433,41.734,62.6,20.867,26.083,3.913,26.083
2030,sc01,05-27 05:00:00+01:00,0.259,62.263,10.377,41.509,62.263,20.754,25.943,3.891,25.943
2030,sc01,05-27 06:00:00+01:00,0.259,62.151,10.358,41.434,62.151,20.717,25.896,3.884,25.896
2030,sc01,05-27 07:00:00+01:00,0.262,62.822,10.47,41.881,62.822,20.941,26.176,3.926,26.176
2030,sc01,05-27 08:00:00+01:00,0.269,64.66,10.777,43.107,64.66,21.553,26.942,4.041,26.942
2030,sc01,05-27 09:00:00+01:00,0.284,68.123,11.354,45.416,68.123,22.708,28.385,4.258,28.385
2030,sc01,05-27 10:00:00+01:00,0.295,70.722,11.787,47.148,70.722,23.574,29.467,4.42,29.467
2030,sc01,05-27 11:00:00+01:00,0.303,72.64,12.107,48.427,72.64,24.213,30.267,4.54,30.267
2030,sc01,05-27 12:00:00+01:00,0.302,72.439,12.073,48.293,72.439,24.146,30.183,4.527,30.183
2030,sc01,05-27 13:00:00+01:00,0.302,72.397,12.066,48.265,72.397,24.132,30.166,4.525,30.166
2030,sc01,05-27 14:00:00+01:00,0.306,73.555,12.259,49.037,73.555,24.518,30.648,4.597,30.648
2030,sc01,05-27 15:00:00+01:00,0.321,76.922,12.82,51.281,76.922,25.641,32.051,4.808,32.051
2030,sc01,05-27 16:00:00+01:00,0.337,80.946,13.491,53.964,80.946,26.982,33.728,5.059,33.728
2030,sc01,05-27 17:00:00+01:00,0.347,83.166,13.861,55.444,83.166,27.722,34.653,5.198,34.653
2030,sc01,05-27 18:00:00+01:00,0.345,82.829,13.805,55.219,82.829,27.61,34.512,5.177,34.512
2030,sc01,05-27 19:00:00+01:00,0.34,81.632,13.605,54.422,81.632,27.211,34.014,5.102,34.014
2030,sc01,05-27 20:00:00+01:00,0.333,79.989,13.332,53.326,79.989,26.663,33.329,4.999,33.329
2030,sc01,05-27 21:00:00+01:00,0.324,77.865,12.977,51.91,77.865,25.955,32.444,4.867,32.444
2030,sc01,05-27 22:00:00+01:00,0.31,74.285,12.381,49.523,74.285,24.762,30.952,4.643,30.952
2030,sc01,05-27 23:00:00+01:00,0.293,70.3,11.717,46.866,70.3,23.433,29.292,4.394,29.292
2030,sc01,05-28 00:00:00+01:00,0.3,72.0,12.0,48.0,72.0,24.0,30.0,4.5,30.0
2030,sc01,05-28 01:00:00+01:00,0.287,68.938,11.49,45.959,68.938,22.979,28.724,4.309,28.724
2030,sc01,05-28 02:00:00+01:00,0.275,66.104,11.017,44.069,66.104,22.035,27.543,4.131,27.543
2030,sc01,05-28 03:00:00+01:00,0.267,64.133,10.689,42.755,64.133,21.378,26.722,4.008,26.722
2030,sc01,05-28 04:00:00+01:00,0.261,62.6,10.433,41.734,62.6,20.867,26.083,3.913,26.083
2030,sc01,05-28 05:00:00+01:00,0.259,62.263,10.377,41.509,62.263,20.754,25.943,3.891,25.943
2030,sc01,05-28 06:00:00+01:00,0.259,62.151,10.358,41.434,62.151,20.717,25.896,3.884,25.896
2030,sc01,05-28 07:00:00+01:00,0.262,62.822,10.47,41.881,62.822,20.941,26.176,3.926,26.176
2030,sc01,05-28 08:00:00+01:00,0.269,64.66,10.777,43.107,64.66,21.553,26.942,4.041,26.942
2030,sc01,05-28 09:00:00+01:00,0.284,68.123,11.354,45.416,68.123,22.708,28.385,4.258,28.385
2030,sc01,05-28 10:00:00+01:00,0.295,70.722,11.787,47.148,70.722,23.574,29.467,4.42,29.467
2030,sc01,05-28 11:00:00+01:00,0.303,72.64,12.107,48.427,72.64,24.213,30.267,4.54,30.267
2030,sc01,05-28 12:00:00+01:00,0.302,72.439,12.073,48.293,72.439,24.146,30.183,4.527,30.183
2030,sc01,05-28 13:00:00+01:00,0.302,72.397,12.066,48.265,72.397,24.132,30.166,4.525,30.166
2030,sc01,05-28 14:00:00+01:00,0.306,73.555,12.259,49.037,73.555,24.518,30.648,4.597,30.648
2030,sc01,05-28 15:00:00+01:00,0.321,76.922,12.82,51.281,76.922,25.641,32.051,4.808,32.051
2030,sc01,05-28 16:00:00+01:00,0.337,80.946,13.491,53.964,80.946,26.982,33.728,5.059,33.728
2030,sc01,05-28 17:00:00+01:00,0.347,83.166,13.861,55.444,83.166,27.722,34.653,5.198,34.653
2030,sc01,05-28 18:00:00+01:00,0.345,82.829,13.805,55.219,82.829,27.61,34.512,5.177,34.512
2030,sc01,05-28 19:00:00+01:00,0.34,81.632,13.605,54.422,81.632,27.211,34.014,5.102,34.014
2030,sc01,05-28 20:00:00+01:00,0.333,79.989,13.332,53.326,79.989,26.663,33.329,4.999,33.329
2030,sc01,05-28 21:00:00+01:00,0.324,77.865,12.977,51.91,77.865,25.955,32.444,4.867,32.444
2030,sc01,05-28 22:00:00+01:00,0.31,74.285,12.381,49.523,74.285,24.762,30.952,4.643,30.952
2030,sc01,05-28 23:00:00+01:00,0.293,70.3,11.717,46.866,70.3,23.433,29.292,4.394,29.292
2030,sc01,05-29 00:00:00+01:00,0.3,72.0,12.0,48.0,72.0,24.0,30.0,4.5,30.0
2030,sc01,05-29 01:00:00+01:00,0.287,68.938,11.49,45.959,68.938,22.979,28.724,4.309,28.724
2030,sc01,05-29 02:00:00+01:00,0.275,66.104,11.017,44.069,66.104,22.035,27.543,4.131,27.543
2030,sc01,05-29 03:00:00+01:00,0.267,64.133,10.689,42.755,64.133,21.378,26.722,4.008,26.722
2030,sc01,05-29 04:00:00+01:00,0.261,62.6,10.433,41.734,62.6,20.867,26.083,3.913,26.083
2030,sc01,05-29 05:00:00+01:00,0.259,62.263,10.377,41.509,62.263,20.754,25.943,3.891,25.943
2030,sc01,05-29 06:00:00+01:00,0.259,62.151,10.358,41.434,62.151,20.717,25.896,3.884,25.896
2030,sc01,05-29 07:00:00+01:00,0.262,62.822,10.47,41.881,62.822,20.941,26.176,3.926,26.176
2030,sc01,05-29 08:00:00+01:00,0.269,64.66,10.777,43.107,64.66,21.553,26.942,4.041,26.942
2030,sc01,05-29 09:00:00+01:00,0.284,68.123,11.354,45.416,68.123,22.708,28.385,4.258,28.385
2030,sc01,05-29 10:00:00+01:00,0.295,70.722,11.787,47.148,70.722,23.574,29.467,4.42,29.467
2030,sc01,05-29 11:00:00+01:00,0.303,72.64,12.107,48.427,72.64,24.213,30.267,4.54,30.267
2030,sc01,05-29 12:00:00+01:00,0.302,72.439,12.073,48.293,72.439,24.146,30.183,4.527,30.183
2030,sc01,05-29 13:00:00+01:00,0.302,72.397,12.066,48.265,72.397,24.132,30.166,4.525,30.166
2030,sc01,05-29 14:00:00+01:00,0.306,73.555,12.259,49.037,73.555,24.518,30.648,4.597,30.648
2030,sc01,05-29 15:00:00+01:00,0.321,76.922,12.82,51.281,76.922,25.641,32.051,4.808,32.051
2030,sc01,05-29 16:00:00+01:00,0.337,80.946,13.491,53.964,80.946,26.982,33.728,5.059,33.728
2030,sc01,05-29 17:00:00+01:00,0.347,83.166,13.861,55.444,83.166,27.722,34.653,5.198,34.653
2030,sc01,05-29 18:00:00+01:00,0.345,82.829,13.805,55.219,82.829,27.61,34.512,5.177,34.512
2030,sc01,05-29 19:00:00+01:00,0.34,81.632,13.605,54.422,81.632,27.211,34.014,5.102,34.014
2030,sc01,05-29 20:00:00+01:00,0.333,79.989,13.332,53.326,79.989,26.663,33.329,4.999,33.329
2030,sc01,05-29 21:00:00+01:00,0.324,77.865,12.977,51.91,77.865,25.955,32.444,4.867,32.444
2030,sc01,05-29 22:00:00+01:00,0.31,74.285,12.381,49.523,74.285,24.762,30.952,4.643,30.952
2030,sc01,05-29 23:00:00+01:00,0.293,70.3,11.717,46.866,70.3,23.433,29.292,4.394,29.292
2030,sc01,05-30 00:00:00+01:00,0.3,72.0,12.0,48.0,72.0,24.0,30.0,4.5,30.0
2030,sc01,05-30 01:00:00+01:00,0.287,68.938,11.49,45.959,68.938,22.979,28.724,4.309,28.724
2030,sc01,05-30 02:00:00+01:00,0.275,66.104,11.017,44.069,66.104,22.035,27.543,4.131,27.543
2030,sc01,05-30 03:00:00+01:00,0.267,64.133,10.689,42.755,64.133,21.378,26.722,4.008,26.722
2030,sc01,05-30 04:00:00+01:00,0.261,62.6,10.433,41.734,62.6,20.867,26.083,3.913,26.083
2030,sc01,05-30 05:00:00+01:00,0.259,62.263,10.377,41.509,62.263,20.754,25.943,3.891,25.943
2030,sc01,05-30 06:00:00+01:00,0.259,62.151,10.358,41.434,62.151,20.717,25.896,3.884,25.896
2030,sc01,05-30 07:00:00+01:00,0.262,62.822,10.47,41.881,62.822,20.941,26.176,3.926,26.176
2030,sc01,05-30 08:00:00+01:00,0.269,64.66,10.777,43.107,64.66,21.553,26.942,4.041,26.942
2030,sc01,05-30 09:00:00+01:00,0.284,68.123,11.354,45.416,68.123,22.708,28.385,4.258,28.385
2030,sc01,05-30 10:00:00+01:00,0.295,70.722,11.787,47.148,70.722,23.574,29.467,4.42,29.467
2030,sc01,05-30 11:00:00+01:00,0.303,72.64,12.107,48.427,72.64,24.213,30.267,4.54,30.267
2030,sc01,05-30 12:00:00+01:00,0.302,72.439,12.073,48.293,72.439,24.146,30.183,4.527,30.183
2030,sc01,05-30 13:00:00+01:00,0.302,72.397,12.066,48.265,72.397,24.132,30.166,4.525,30.166
2030,sc01,05-30 14:00:00+01:00,0.306,73.555,12.259,49.037,73.555,24.518,30.648,4.597,30.648
2030,sc01,05-30 15:00:00+01:00,0.321,76.922,12.82,51.281,76.922,25.641,32.051,4.808,32.051
2030,sc01,05-30 16:00:00+01:00,0.337,80.946,13.491,53.964,80.946,26.982,33.728,5.059,33.728
2030,sc01,05-30 17:00:00+01:00,0.347,83.166,13.861,55.444,83.166,27.722,34.653,5.198,34.653
2030,sc01,05-30 18:00:00+01:00,0.345,82.829,13.805,55.219,82.829,27.61,34.512,5.177,34.512
2030,sc01,05-30 19:00:00+01:00,0.34,81.632,13.605,54.422,81.632,27.211,34.014,5.102,34.014
2030,sc01,05-30 20:00:00+01:00,0.333,79.989,13.332,53.326,79.989,26.663,33.329,4.999,33.329
2030,sc01,05-30 21:00:00+01:00,0.324,77.865,12.977,51.91,77.865,25.955,32.444,4.867,32.444
2030,sc01,05-30 22:00:00+01:00,0.31,74.285,12.381,49.523,74.285,24.762,30.952,4.643,30.952
2030,sc01,05-30 23:00:00+01:00,0.293,70.3,11.717,46.866,70.3,23.433,29.292,4.394,29.292
2030,sc01,05-31 00:00:00+01:00,0.3,72.0,12.0,48.0,72.0,24.0,30.0,4.5,30.0
2030,sc01,05-31 01:00:00+01:00,0.287,68.938,11.49,45.959,68.938,22.979,28.724,4.309,28.724
2030,sc01,05-31 02:00:00+01:00,0.275,66.104,11.017,44.069,66.104,22.035,27.543,4.131,27.543
2030,sc01,05-31 03:00:00+01:00,0.267,64.133,10.689,42.755,64.133,21.378,26.722,4.008,26.722
2030,sc01,05-31 04:00:00+01:00,0.261,62.6,10.433,41.734,62.6,20.867,26.083,3.913,26.083
2030,sc01,05-31 05:00:00+01:00,0.259,62.263,10.377,41.509,62.263,20.754,25.943,3.891,25.943
2030,sc01,05-31 06:00:00+01:00,0.259,62.151,10.358,41.434,62.151,20.717,25.896,3.884,25.896
2030,sc01,05-31 07:00:00+01:00,0.262,62.822,10.47,41.881,62.822,20.941,26.176,3.926,26.176
2030,sc01,05-31 08:00:00+01:00,0.269,64.66,10.777,43.107,64.66,21.553,26.942,4.041,26.942
2030,sc01,05-31 09:00:00+01:00,0.284,68.123,11.354,45.416,68.123,22.708,28.385,4.258,28.385
2030,sc01,05-31 10:00:00+01:00,0.295,70.722,11.787,47.148,70.722,23.574,29.467,4.42,29.467
2030,sc01,05-31 11:00:00+01:00,0.303,72.64,12.107,48.427,72.64,24.213,30.267,4.54,30.267
2030,sc01,05-31 12:00:00+01:00,0.302,72.439,12.073,48.293,72.439,24.146,30.183,4.527,30.183
2030,sc01,05-31 13:00:00+01:00,0.302,72.397,12.066,48.265,72.397,24.132,30.166,4.525,30.166
2030,sc01,05-31 14:00:00+01:00,0.306,73.555,12.259,49.037,73.555,24.518,30.648,4.597,30.648
2030,sc01,05-31 15:00:00+01:00,0.321,76.922,12.82,51.281,76.922,25.641,32.051,4.808,32.051
2030,sc01,05-31 16:00:00+01:00,0.337,80.946,13.491,53.964,80.946,26.982,33.728,5.059,33.728
2030,sc01,05-31 17:00:00+01:00,0.347,83.166,13.861,55.444,83.166,27.722,34.653,5.198,34.653
2030,sc01,05-31 18:00:00+01:00,0.345,82.829,13.805,55.219,82.829,27.61,34.512,5.177,34.512
2030,sc01,05-31 19:00:00+01:00,0.34,81.632,13.605,54.422,81.632,27.211,34.014,5.102,34.014
2030,sc01,05-31 20:00:00+01:00,0.333,79.989,13.332,53.326,79.989,26.663,33.329,4.999,33.329
2030,sc01,05-31 21:00:00+01:00,0.324,77.865,12.977,51.91,77.865,25.955,32.444,4.867,32.444
2030,sc01,05-31 22:00:00+01:00,0.31,74.285,12.381,49.523,74.285,24.762,30.952,4.643,30.952
2030,sc01,05-31 23:00:00+01:00,0.293,70.3,11.717,46.866,70.3,23.433,29.292,4.394,29.292
2030,sc01,06-01 00:00:00+01:00,0.3,72.0,12.0,48.0,72.0,24.0,30.0,4.5,30.0
2030,sc01,06-01 01:00:00+01:00,0.287,68.938,11.49,45.959,68.938,22.979,28.724,4.309,28.724
2030,sc01,06-01 02:00:00+01:00,0.275,66.104,11.017,44.069,66.104,22.035,27.543,4.131,27.543
2030,sc01,06-01 03:00:00+01:00,0.267,64.133,10.689,42.755,64.133,21.378,26.722,4.008,26.722
2030,sc01,06-01 04:00:00+01:00,0.261,62.6,10.433,41.734,62.6,20.867,26.083,3.913,26.083
2030,sc01,06-01 05:00:00+01:00,0.259,62.263,10.377,41.509,62.263,20.754,25.943,3.891,25.943
2030,sc01,06-01 06:00:00+01:00,0.259,62.151,10.358,41.434,62.151,20.717,25.896,3.884,25.896
2030,sc01,06-01 07:00:00+01:00,0.262,62.822,10.47,41.881,62.822,20.941,26.176,3.926,26.176
2030,sc01,06-01 08:00:00+01:00,0.269,64.66,10.777,43.107,64.66,21.553,26.942,4.041,26.942
2030,sc01,06-01 09:00:00+01:00,0.284,68.123,11.354,45.416,68.123,22.708,28.385,4.258,28.385
2030,sc01,06-01 10:00:00+01:00,0.295,70.722,11.787,47.148,70.722,23.574,29.467,4.42,29.467
2030,sc01,06-01 11:00:00+01:00,0.303,72.64,12.107,48.427,72.64,24.213,30.267,4.54,30.267
2030,sc01,06-01 12:00:00+01:00,0.302,72.439,12.073,48.293,72.439,24.146,30.183,4.527,30.183
2030,sc01,06-01 13:00:00+01:00,0.302,72.397,12.066,48.265,72.397,24.132,30.166,4.525,30.166
2030,sc01,06-01 14:00:00+01:00,0.306,73.555,12.259,49.037,73.555,24.518,30.648,4.597,30.648
2030,sc01,06-01 15:00:00+01:00,0.321,76.922,12.82,51.281,76.922,25.641,32.051,4.808,32.051
2030,sc01,06-01 16:00:00+01:00,0.337,80.946,13.491,53.964,80.946,26.982,33.728,5.059,33.728
2030,sc01,06-01 17:00:00+01:00,0.347,83.166,13.861,55.444,83.166,27.722,34.653,5.198,34.653
2030,sc01,06-01 18:00:00+01:00,0.345,82.829,13.805,55.219,82.829,27.61,34.512,5.177,34.512
2030,sc01,06-01 19:00:00+01:00,0.34,81.632,13.605,54.422,81.632,27.211,34.014,5.102,34.014
2030,sc01,06-01 20:00:00+01:00,0.333,79.989,13.332,53.326,79.989,26.663,33.329,4.999,33.329
2030,sc01,06-01 21:00:00+01:00,0.324,77.865,12.977,51.91,77.865,25.955,32.444,4.867,32.444
2030,sc01,06-01 22:00:00+01:00,0.31,74.285,12.381,49.523,74.285,24.762,30.952,4.643,30.952
2030,sc01,06-01 23:00:00+01:00,0.293,70.3,11.717,46.866,70.3,23.433,29.292,4.394,29.292
2030,sc01,06-02 00:00:00+01:00,0.3,72.0,12.0,48.0,72.0,24.0,30.0,4.5,30.0
2030,sc01,06-02 01:00:00+01:00,0.287,68.938,11.49,45.959,68.938,22.979,28.724,4.309,28.724
2030,sc01,06-02 02:00:00+01:00,0.275,66.104,11.017,44.069,66.104,22.035,27.543,4.131,27.543
2030,sc01,06-02 03:00:00+01:00,0.267,64.133,10.689,42.755,64.133,21.378,26.722,4.008,26.722
2030,sc01,06-02 04:00:00+01:00,0.261,62.6,10.433,41.734,62.6,20.867,26.083,3.913,26.083
2030,sc01,06-02 05:00:00+01:00,0.259,62.263,10.377,41.509,62.263,20.754,25.943,3.891,25.943
2030,sc01,06-02 06:00:00+01:00,0.259,62.151,10.358,41.434,62.151,20.717,25.896,3.884,25.896
2030,sc01,06-02 07:00:00+01:00,0.262,62.822,10.47,41.881,62.822,20.941,26.176,3.926,26.176
2030,sc01,06-02 08:00:00+01:00,0.269,64.66,10.777,43.107,64.66,21.553,26.942,4.041,26.942
2030,sc01,06-02 09:00:00+01:00,0.284,68.123,11.354,45.416,68.123,22.708,28.385,4.258,28.385
2030,sc01,06-02 10:00:00+01:00,0.295,70.722,11.787,47.148,70.722,23.574,29.467,4.42,29.467
2030,sc01,06-02 11:00:00+01:00,0.303,72.64,12.107,48.427,72.64,24.213,30.267,4.54,30.267
2030,sc01,06-02 12:00:00+01:00,0.302,72.439,12.073,48.293,72.439,24.146,30.183,4.527,30.183
2030,sc01,06-02 13:00:00+01:00,0.302,72.397,12.066,48.265,72.397,24.132,30.166,4.525,30.166
2030,sc01,06-02 14:00:00+01:00,0.306,73.555,12.259,49.037,73.555,24.518,30.648,4.597,30.648
2030,sc01,06-02 15:00:00+01:00,0.321,76.922,12.82,51.281,76.922,25.641,32.051,4.808,32.051
2030,sc01,06-02 16:00:00+01:00,0.337,80.946,13.491,53.964,80.946,26.982,33.728,5.059,33.728
2030,sc01,06-02 17:00:00+01:00,0.347,83.166,13.861,55.444,83.166,27.722,34.653,5.198,34.653
2030,sc01,06-02 18:00:00+01:00,0.345,82.829,13.805,55.219,82.829,27.61,34.512,5.177,34.512
2030,sc01,06-02 19:00:00+01:00,0.34,81.632,13.605,54.422,81.632,27.211,34.014,5.102,34.014
2030,sc01,06-02 20:00:00+01:00,0.333,79.989,13.332,53.326,79.989,26.663,33.329,4.999,33.329
2030,sc01,06-02 21:00:00+01:00,0.324,77.865,12.977,51.91,77.865,25.955,32.444,4.867,32.444
2030,sc01,06-02 22:00:00+01:00,0.31,74.285,12.381,49.523,74.285,24.762,30.952,4.643,30.952
2030,sc01,06-02 23:00:00+01:00,0.293,70.3,11.717,46.866,70.3,23.433,29.292,4.394,29.292
2030,sc01,06-03 00:00:00+01:00,0.3,72.0,12.0,48.0,72.0,24.0,30.0,4.5,30.0
2030,sc01,06-03 01:00:00+01:00,0.287,68.938,11.49,45.959,68.938,22.979,28.724,4.309,28.724
2030,sc01,06-03 02:00:00+01:00,0.275,66.104,11.017,44.069,66.104,22.035,27.543,4.131,27.543
2030,sc01,06-03 03:00:00+01:00,0.267,64.133,10.689,42.755,64.133,21.378,26.722,4.008,26.722
2030,sc01,06-03 04:00:00+01:00,0.261,62.6,10.433,41.734,62.6,20.867,26.083,3.913,26.083
2030,sc01,06-03 05:00:00+01:00,0.259,62.263,10.377,41.509,62.263,20.754,25.943,3.891,25.943
2030,sc01,06-03 06:00:00+01:00,0.259,62.151,10.358,41.434,62.151,20.717,25.896,3.884,25.896
2030,sc01,06-03 07:00:00+01:00,0.262,62.822,10.47,41.881,62.822,20.941,26.176,3.926,26.176
2030,sc01,06-03 08:00:00+01:00,0.269,64.66,10.777,43.107,64.66,21.553,26.942,4.041,26.942
2030,sc01,06-03 09:00:00+01:00,0.284,68.123,11.354,45.416,68.123,22.708,28.385,4.258,28.385
2030,sc01,06-03 10:00:00+01:00,0.295,70.722,11.787,47.148,70.722,23.574,29.467,4.42,29.467
2030,sc01,06-03 11:00:00+01:00,0.303,72.64,12.107,48.427,72.64,24.213,30.267,4.54,30.267
2030,sc01,06-03 12:00:00+01:00,0.302,72.439,12.073,48.293,72.439,24.146,30.183,4.527,30.183
2030,sc01,06-03 13:00:00+01:00,0.302,72.397,12.066,48.265,72.397,24.132,30.166,4.525,30.166
2030,sc01,06-03 14:00:00+01:00,0.306,73.555,12.259,49.037,73.555,24.518,30.648,4.597,30.648
2030,sc01,06-03 15:00:00+01:00,0.321,76.922,12.82,51.281,76.922,25.641,32.051,4.808,32.051
2030,sc01,06-03 16:00:00+01:00,0.337,80.946,13.491,53.964,80.946,26.982,33.728,5.059,33.728
2030,sc01,06-03 17:00:00+01:00,0.347,83.166,13.861,55.444,83.166,27.722,34.653,5.198,34.653
2030,sc01,06-03 18:00:00+01:00,0.345,82.829,13.805,55.219,82.829,27.61,34.512,5.177,34.512
2030,sc01,06-03 19:00:00+01:00,0.34,81.632,13.605,54.422,81.632,27.211,34.014,5.102,34.014
2030,sc01,06-03 20:00:00+01:00,0.333,79.989,13.332,53.326,79.989,26.663,33.329,4.999,33.329
2030,sc01,06-03 21:00:00+01:00,0.324,77.865,12.977,51.91,77.865,25.955,32.444,4.867,32.444
2030,sc01,06-03 22:00:00+01:00,0.31,74.285,12.381,49.523,74.285,24.762,30.952,4.643,30.952
2030,sc01,06-03 23:00:00+01:00,0.293,70.3,11.717,46.866,70.3,23.433,29.292,4.394,29.292
2030,sc01,06-04 00:00:00+01:00,0.3,72.0,12.0,48.0,72.0,24.0,30.0,4.5,30.0
2030,sc01,06-04 01:00:00+01:00,0.287,68.938,11.49,45.959,68.938,22.979,28.724,4.309,28.724
2030,sc01,06-04 02:00:00+01:00,0.275,66.104,11.017,44.069,66.104,22.035,27.543,4.131,27.543
2030,sc01,06-04 03:00:00+01:00,0.267,64.133,10.689,42.755,64.133,21.378,26.722,4.008,26.722
2030,sc01,06-04 04:00:00+01:00,0.261,62.6,10.433,41.734,62.6,20.867,26.083,3.913,26.083
2030,sc01,06-04 05:00:00+01:00,0.259,62.263,10.377,41.509,62.263,20.754,25.943,3.891,25.943
2030,sc01,06-04 06:00:00+01:00,0.259,62.151,10.358,41.434,62.151,20.717,25.896,3.884,25.896
2030,sc01,06-04 07:00:00+01:00,0.262,62.822,10.47,41.881,62.822,20.941,26.176,3.926,26.176
2030,sc01,06-04 08:00:00+01:00,0.269,64.66,10.777,43.107,64.66,21.553,26.942,4.041,26.942
2030,sc01,06-04 09:00:00+01:00,0.284,68.123,11.354,45.416,68.123,22.708,28.385,4.258,28.385
2030,sc01,06-04 10:00:00+01:00,0.295,70.722,11.787,47.148,70.722,23.574,29.467,4.42,29.467
2030,sc01,06-04 11:00:00+01:00,0.303,72.64,12.107,48.427,72.64,24.213,30.267,4.54,30.267
2030,sc01,06-04 12:00:00+01:00,0.302,72.439,12.073,48.293,72.439,24.146,30.183,4.527,30.183
2030,sc01,06-04 13:00:00+01:00,0.302,72.397,12.066,48.265,72.397,24.132,30.166,4.525,30.166
2030,sc01,06-04 14:00:00+01:00,0.306,73.555,12.259,49.037,73.555,24.518,30.648,4.597,30.648
2030,sc01,06-04 15:00:00+01:00,0.321,76.922,12.82,51.281,76.922,25.641,32.051,4.808,32.051
2030,sc01,06-04 16:00:00+01:00,0.337,80.946,13.491,53.964,80.946,26.982,33.728,5.059,33.728
2030,sc01,06-04 17:00:00+01:00,0.347,83.166,13.861,55.444,83.166,27.722,34.653,5.198,34.653
2030,sc01,06-04 18:00:00+01:00,0.345,82.829,13.805,55.219,82.829,27.61,34.512,5.177,34.512
2030,sc01,06-04 19:00:00+01:00,0.34,81.632,13.605,54.422,81.632,27.211,34.014,5.102,34.014
2030,sc01,06-04 20:00:00+01:00,0.333,79.989,13.332,53.326,79.989,26.663,33.329,4.999,33.329
2030,sc01,06-04 21:00:00+01:00,0.324,77.865,12.977,51.91,77.865,25.955,32.444,4.867,32.444
2030,sc01,06-04 22:00:00+01:00,0.31,74.285,12.381,49.523,74.285,24.762,30.952,4.643,30.952
2030,sc01,06-04 23:00:00+01:00,0.293,70.3,11.717,46.866,70.3,23.433,29.292,4.394,29.292
2030,sc01,06-05 00:00:00+01:00,0.3,72.0,12.0,48.0,72.0,24.0,30.0,4.5,30.0
2030,sc01,06-05 01:00:00+01:00,0.287,68.938,11.49,45.959,68.938,22.979,28.724,4.309,28.724
2030,sc01,06-05 02:00:00+01:00,0.275,66.104,11.017,44.069,66.104,22.035,27.543,4.131,27.543
2030,sc01,06-05 03:00:00+01:00,0.267,64.133,10.689,42.755,64.133,21.378,26.722,4.008,26.722
2030,sc01,06-05 04:00:00+01:00,0.261,62.6,10.433,41.734,62.6,20.867,26.083,3.913,26.083
2030,sc01,06-05 05:00:00+01:00,0.259,62.263,10.377,41.509,62.263,20.754,25.943,3.891,25.943
2030,sc01,06-05 06:00:00+01:00,0.259,62.151,10.358,41.434,62.151,20.717,25.896,3.884,25.896
2030,sc01,06-05 07:00:00+01:00,0.262,62.822,10.47,41.881,62.822,20.941,26.176,3.926,26.176
2030,sc01,06-05 08:00:00+01:00,0.269,64.66,10.777,43.107,64.66,21.553,26.942,4.041,26.942
2030,sc01,06-05 09:00:00+01:00,0.284,68.123,11.354,45.416,68.123,22.708,28.385,4.258,28.385
2030,sc01,06-05 10:00:00+01:00,0.295,70.722,11.787,47.148,70.722,23.574,29.467,4.42,29.467
2030,sc01,06-05 11:00:00+01:00,0.303,72.64,12.107,48.427,72.64,24.213,30.267,4.54,30.267
2030,sc01,06-05 12:00:00+01:00,0.302,72.439,12.073,48.293,72.439,24.146,30.183,4.527,30.183
2030,sc01,06-05 13:00:00+01:00,0.302,72.397,12.066,48.265,72.397,24.132,30.166,4.525,30.166
2030,sc01,06-05 14:00:00+01:00,0.306,73.555,12.259,49.037,73.555,24.518,30.648,4.597,30.648
2030,sc01,06-05 15:00:00+01:00,0.321,76.922,12.82,51.281,76.922,25.641,32.051,4.808,32.051
2030,sc01,06-05 16:00:00+01:00,0.337,80.946,13.491,53.964,80.946,26.982,33.728,5.059,33.728
2030,sc01,06-05 17:00:00+01:00,0.347,83.166,13.861,55.444,83.166,27.722,34.653,5.198,34.653
2030,sc01,06-05 18:00:00+01:00,0.345,82.829,13.805,55.219,82.829,27.61,34.512,5.177,34.512
2030,sc01,06-05 19:00:00+01:00,0.34,81.632,13.605,54.422,81.632,27.211,34.014,5.102,34.014
2030,sc01,06-05 20:00:00+01:00,0.333,79.989,13.332,53.326,79.989,26.663,33.329,4.999,33.329
2030,sc01,06-05 21:00:00+01:00,0.324,77.865,12.977,51.91,77.865,25.955,32.444,4.867,32.444
2030,sc01,06-05 22:00:00+01:00,0.31,74.285,12.381,49.523,74.285,24.762,30.952,4.643,30.952
2030,sc01,06-05 23:00:00+01:00,0.293,70.3,11.717,46.866,70.3,23.433,29.292,4.394,29.292
2030,sc01,06-06 00:00:00+01:00,0.3,72.0,12.0,48.0,72.0,24.0,30.0,4.5,30.0
2030,sc01,06-06 01:00:00+01:00,0.287,68.938,11.49,45.959,68.938,22.979,28.724,4.309,28.724
2030,sc01,06-06 02:00:00+01:00,0.275,66.104,11.017,44.069,66.104,22.035,27.543,4.131,27.543
2030,sc01,06-06 03:00:00+01:00,0.267,64.133,10.689,42.755,64.133,21.378,26.722,4.008,26.722
2030,sc01,06-06 04:00:00+01:00,0.261,62.6,10.433,41.734,62.6,20.867,26.083,3.913,26.083
2030,sc01,06-06 05:00:00+01:00,0.259,62.263,10.377,41.509,62.263,20.754,25.943,3.891,25.943
2030,sc01,06-06 06:00:00+01:00,0.259,62.151,10.358,41.434,62.151,20.717,25.896,3.884,25.896
2030,sc01,06-06 07:00:00+01:00,0.262,62.822,10.47,41.881,62.822,20.941,26.176,3.926,26.176
2030,sc01,06-06 08:00:00+01:00,0.269,64.66,10.777,43.107,64.66,21.553,26.942,4.041,26.942
2030,sc01,06-06 09:00:00+01:00,0.284,68.123,11.354,45.416,68.123,22.708,28.385,4.258,28.385
2030,sc01,06-06 10:00:00+01:00,0.295,70.722,11.787,47.148,70.722,23.574,29.467,4.42,29.467
2030,sc01,06-06 11:00:00+01:00,0.303,72.64,12.107,48.427,72.64,24.213,30.267,4.54,30.267
2030,sc01,06-06 12:00:00+01:00,0.302,72.439,12.073,48.293,72.439,24.146,30.183,4.527,30.183
2030,sc01,06-06 13:00:00+01:00,0.302,72.397,12.066,48.265,72.397,24.132,30.166,4.525,30.166
2030,sc01,06-06 14:00:00+01:00,0.306,73.555,12.259,49.037,73.555,24.518,30.648,4.597,30.648
2030,sc01,06-06 15:00:00+01:00,0.321,76.922,12.82,51.281,76.922,25.641,32.051,4.808,32.051
2030,sc01,06-06 16:00:00+01:00,0.337,80.946,13.491,53.964,80.946,26.982,33.728,5.059,33.728
2030,sc01,06-06 17:00:00+01:00,0.347,83.166,13.861,55.444,83.166,27.722,34.653,5.198,34.653
2030,sc01,06-06 18:00:00+01:00,0.345,82.829,13.805,55.219,82.829,27.61,34.512,5.177,34.512
2030,sc01,06-06 19:00:00+01:00,0.34,81.632,13.605,54.422,81.632,27.211,34.014,5.102,34.014
2030,sc01,06-06 20:00:00+01:00,0.333,79.989,13.332,53.326,79.989,26.663,33.329,4.999,33.329
2030,sc01,06-06 21:00:00+01:00,0.324,77.865,12.977,51.91,77.865,25.955,32.444,4.867,32.444
2030,sc01,06-06 22:00:00+01:00,0.31,74.285,12.381,49.523,74.285,24.762,30.952,4.643,30.952
2030,sc01,06-06 23:00:00+01:00,0.293,70.3,11.717,46.866,70.3,23.433,29.292,4.394,29.292
2030,sc01,06-07 00:00:00+01:00,0.3,72.0,12.0,48.0,72.0,24.0,30.0,4.5,30.0
2030,sc01,06-07 01:00:00+01:00,0.287,68.938,11.49,45.959,68.938,22.979,28.724,4.309,28.724
2030,sc01,06-07 02:00:00+01:00,0.275,66.104,11.017,44.069,66.104,22.035,27.543,4.131,27.543
2030,sc01,06-07 03:00:00+01:00,0.267,64.133,10.689,42.755,64.133,21.378,26.722,4.008,26.722
2030,sc01,06-07 04:00:00+01:00,0.261,62.6,10.433,41.734,62.6,20.867,26.083,3.913,26.083
2030,sc01,06-07 05:00:00+01:00,0.259,62.263,10.377,41.509,62.263,20.754,25.943,3.891,25.943
2030,sc01,06-07 06:00:00+01:00,0.259,62.151,10.358,41.434,62.151,20.717,25.896,3.884,25.896
2030,sc01,06-07 07:00:00+01:00,0.262,62.822,10.47,41.881,62.822,20.941,26.176,3.926,26.176
2030,sc01,06-07 08:00:00+01:00,0.269,64.66,10.777,43.107,64.66,21.553,26.942,4.041,26.942
2030,sc01,06-07 09:00:00+01:00,0.284,68.123,11.354,45.416,68.123,22.708,28.385,4.258,28.385
2030,sc01,06-07 10:00:00+01:00,0.295,70.722,11.787,47.148,70.722,23.574,29.467,4.42,29.467
2030,sc01,06-07 11:00:00+01:00,0.303,72.64,12.107,48.427,72.64,24.213,30.267,4.54,30.267
2030,sc01,06-07 12:00:00+01:00,0.302,72.439,12.073,48.293,72.439,24.146,30.183,4.527,30.183
2030,sc01,06-07 13:00:00+01:00,0.302,72.397,12.066,48.265,72.397,24.132,30.166,4.525,30.166
2030,sc01,06-07 14:00:00+01:00,0.306,73.555,12.259,49.037,73.555,24.518,30.648,4.597,30.648
2030,sc01,06-07 15:00:00+01:00,0.321,76.922,12.82,51.281,76.922,25.641,32.051,4.808,32.051
2030,sc01,06-07 16:00:00+01:00,0.337,80.946,13.491,53.964,80.946,26.982,33.728,5.059,33.728
2030,sc01,06-07 17:00:00+01:00,0.347,83.166,13.861,55.444,83.166,27.722,34.653,5.198,34.653
2030,sc01,06-07 18:00:00+01:00,0.345,82.829,13.805,55.219,82.829,27.61,34.512,5.177,34.512
2030,sc01,06-07 19:00:00+01:00,0.34,81.632,13.605,54.422,81.632,27.211,34.014,5.102,34.014
2030,sc01,06-07 20:00:00+01:00,0.333,79.989,13.332,53.326,79.989,26.663,33.329,4.999,33.329
2030,sc01,06-07 21:00:00+01:00,0.324,77.865,12.977,51.91,77.865,25.955,32.444,4.867,32.444
2030,sc01,06-07 22:00:00+01:00,0.31,74.285,12.381,49.523,74.285,24.762,30.952,4.643,30.952
2030,sc01,06-07 23:00:00+01:00,0.293,70.3,11.717,46.866,70.3,23.433,29.292,4.394,29.292
2030,sc01,06-08 00:00:00+01:00,0.3,72.0,12.0,48.0,72.0,24.0,30.0,4.5,30.0
2030,sc01,06-08 01:00:00+01:00,0.287,68.938,11.49,45.959,68.938,22.979,28.724,4.309,28.724
2030,sc01,06-08 02:00:00+01:00,0.275,66.104,11.017,44.069,66.104,22.035,27.543,4.131,27.543
2030,sc01,06-08 03:00:00+01:00,0.267,64.133,10.689,42.755,64.133,21.378,26.722,4.008,26.722
2030,sc01,06-08 04:00:00+01:00,0.261,62.6,10.433,41.734,62.6,20.867,26.083,3.913,26.083
2030,sc01,06-08 05:00:00+01:00,0.259,62.263,10.377,41.509,62.263,20.754,25.943,3.891,25.943
2030,sc01,06-08 06:00:00+01:00,0.259,62.151,10.358,41.434,62.151,20.717,25.896,3.884,25.896
2030,sc01,06-08 07:00:00+01:00,0.262,62.822,10.47,41.881,62.822,20.941,26.176,3.926,26.176
2030,sc01,06-08 08:00:00+01:00,0.269,64.66,10.777,43.107,64.66,21.553,26.942,4.041,26.942
2030,sc01,06-08 09:00:00+01:00,0.284,68.123,11.354,45.416,68.123,22.708,28.385,4.258,28.385
2030,sc01,06-08 10:00:00+01:00,0.295,70.722,11.787,47.148,70.722,23.574,29.467,4.42,29.467
2030,sc01,06-08 11:00:00+01:00,0.303,72.64,12.107,48.427,72.64,24.213,30.267,4.54,30.267
2030,sc01,06-08 12:00:00+01:00,0.302,72.439,12.073,48.293,72.439,24.146,30.183,4.527,30.183
2030,sc01,06-08 13:00:00+01:00,0.302,72.397,12.066,48.265,72.397,24.132,30.166,4.525,30.166
2030,sc01,06-08 14:00:00+01:00,0.306,73.555,12.259,49.037,73.555,24.518,30.648,4.597,30.648
2030,sc01,06-08 15:00:00+01:00,0.321,76.922,12.82,51.281,76.922,25.641,32.051,4.808,32.051
2030,sc01,06-08 16:00:00+01:00,0.337,80.946,13.491,53.964,80.946,26.982,33.728,5.059,33.728
2030,sc01,06-08 17:00:00+01:00,0.347,83.166,13.861,55.444,83.166,27.722,34.653,5.198,34.653
2030,sc01,06-08 18:00:00+01:00,0.345,82.829,13.805,55.219,82.829,27.61,34.512,5.177,34.512
2030,sc01,06-08 19:00:00+01:00,0.34,81.632,13.605,54.422,81.632,27.211,34.014,5.102,34.014
2030,sc01,06-08 20:00:00+01:00,0.333,79.989,13.332,53.326,79.989,26.663,33.329,4.999,33.329
2030,sc01,06-08 21:00:00+01:00,0.324,77.865,12.977,51.91,77.865,25.955,32.444,4.867,32.444
2030,sc01,06-08 22:00:00+01:00,0.31,74.285,12.381,49.523,74.285,24.762,30.952,4.643,30.952
2030,sc01,06-08 23:00:00+01:00,0.293,70.3,11.717,46.866,70.3,23.433,29.292,4.394,29.292
2030,sc01,06-09 00:00:00+01:00,0.3,72.0,12.0,48.0,72.0,24.0,30.0,4.5,30.0
2030,sc01,06-09 01:00:00+01:00,0.287,68.938,11.49,45.959,68.938,22.979,28.724,4.309,28.724
2030,sc01,06-09 02:00:00+01:00,0.275,66.104,11.017,44.069,66.104,22.035,27.543,4.131,27.543
2030,sc01,06-09 03:00:00+01:00,0.267,64.133,10.689,42.755,64.133,21.378,26.722,4.008,26.722
2030,sc01,06-09 04:00:00+01:00,0.261,62.6,10.433,41.734,62.6,20.867,26.083,3.913,26.083
2030,sc01,06-09 05:00:00+01:00,0.259,62.263,10.377,41.509,62.263,20.754,25.943,3.891,25.943
2030,sc01,06-09 06:00:00+01:00,0.259,62.151,10.358,41.434,62.151,20.717,25.896,3.884,25.896
2030,sc01,06-09 07:00:00+01:00,0.262,62.822,10.47,41.881,62.822,20.941,26.176,3.926,26.176
2030,sc01,06-09 08:00:00+01:00,0.269,64.66,10.777,43.107,64.66,21.553,26.942,4.041,26.942
2030,sc01,06-09 09:00:00+01:00,0.284,68.123,11.354,45.416,68.123,22.708,28.385,4.258,28.385
2030,sc01,06-09 10:00:00+01:00,0.295,70.722,11.787,47.148,70.722,23.574,29.467,4.42,29.467
2030,sc01,06-09 11:00:00+01:00,0.303,72.64,12.107,48.427,72.64,24.213,30.267,4.54,30.267
2030,sc01,06-09 12:00:00+01:00,0.302,72.439,12.073,48.293,72.439,24.146,30.183,4.527,30.183
2030,sc01,06-09 13:00:00+01:00,0.302,72.397,12.066,48.265,72.397,24.132,30.166,4.525,30.166
2030,sc01,06-09 14:00:00+01:00,0.306,73.555,12.259,49.037,73.555,24.518,30.648,4.597,30.648
2030,sc01,06-09 15:00:00+01:00,0.321,76.922,12.82,51.281,76.922,25.641,32.051,4.808,32.051
2030,sc01,06-09 16:00:00+01:00,0.337,80.946,13.491,53.964,80.946,26.982,33.728,5.059,33.728
2030,sc01,06-09 17:00:00+01:00,0.347,83.166,13.861,55.444,83.166,27.722,34.653,5.198,34.653
2030,sc01,06-09 18:00:00+01:00,0.345,82.829,13.805,55.219,82.829,27.61,34.512,5.177,34.512
2030,sc01,06-09 19:00:00+01:00,0.34,81.632,13.605,54.422,81.632,27.211,34.014,5.102,34.014
2030,sc01,06-09 20:00:00+01:00,0.333,79.989,13.332,53.326,79.989,26.663,33.329,4.999,33.329
2030,sc01,06-09 21:00:00+01:00,0.324,77.865,12.977,51.91,77.865,25.955,32.444,4.867,32.444
2030,sc01,06-09 22:00:00+01:00,0.31,74.285,12.381,49.523,74.285,24.762,30.952,4.643,30.952
2030,sc01,06-09 23:00:00+01:00,0.293,70.3,11.717,46.866,70.3,23.433,29.292,4.394,29.292
2030,sc01,06-10 00:00:00+01:00,0.3,72.0,12.0,48.0,72.0,24.0,30.0,4.5,30.0
2030,sc01,06-10 01:00:00+01:00,0.287,68.938,11.49,45.959,68.938,22.979,28.724,4.309,28.724
2030,sc01,06-10 02:00:00+01:00,0.275,66.104,11.017,44.069,66.104,22.035,27.543,4.131,27.543
2030,sc01,06-10 03:00:00+01:00,0.267,64.133,10.689,42.755,64.133,21.378,26.722,4.008,26.722
2030,sc01,06-10 04:00:00+01:00,0.261,62.6,10.433,41.734,62.6,20.867,26.083,3.913,26.083
2030,sc01,06-10 05:00:00+01:00,0.259,62.263,10.377,41.509,62.263,20.754,25.943,3.891,25.943
2030,sc01,06-10 06:00:00+01:00,0.259,62.151,10.358,41.434,62.151,20.717,25.896,3.884,25.896
2030,sc01,06-10 07:00:00+01:00,0.262,62.822,10.47,41.881,62.822,20.941,26.176,3.926,26.176
2030,sc01,06-10 08:00:00+01:00,0.269,64.66,10.777,43.107,64.66,21.553,26.942,4.041,26.942
2030,sc01,06-10 09:00:00+01:00,0.284,68.123,11.354,45.416,68.123,22.708,28.385,4.258,28.385
2030,sc01,06-10 10:00:00+01:00,0.295,70.722,11.787,47.148,70.722,23.574,29.467,4.42,29.467
2030,sc01,06-10 11:00:00+01:00,0.303,72.64,12.107,48.427,72.64,24.213,30.267,4.54,30.267
2030,sc01,06-10 12:00:00+01:00,0.302,72.439,12.073,48.293,72.439,24.146,30.183,4.527,30.183
2030,sc01,06-10 13:00:00+01:00,0.302,72.397,12.066,48.265,72.397,24.132,30.166,4.525,30.166
2030,sc01,06-10 14:00:00+01:00,0.306,73.555,12.259,49.037,73.555,24.518,30.648,4.597,30.648
2030,sc01,06-10 15:00:00+01:00,0.321,76.922,12.82,51.281,76.922,25.641,32.051,4.808,32.051
2030,sc01,06-10 16:00:00+01:00,0.337,80.946,13.491,53.964,80.946,26.982,33.728,5.059,33.728
2030,sc01,06-10 17:00:00+01:00,0.347,83.166,13.861,55.444,83.166,27.722,34.653,5.198,34.653
2030,sc01,06-10 18:00:00+01:00,0.345,82.829,13.805,55.219,82.829,27.61,34.512,5.177,34.512
2030,sc01,06-10 19:00:00+01:00,0.34,81.632,13.605,54.422,81.632,27.211,34.014,5.102,34.014
2030,sc01,06-10 20:00:00+01:00,0.333,79.989,13.332,53.326,79.989,26.663,33.329,4.999,33.329
2030,sc01,06-10 21:00:00+01:00,0.324,77.865,12.977,51.91,77.865,25.955,32.444,4.867,32.444
2030,sc01,06-10 22:00:00+01:00,0.31,74.285,12.381,49.523,74.285,24.762,30.952,4.643,30.952
2030,sc01,06-10 23:00:00+01:00,0.293,70.3,11.717,46.866,70.3,23.433,29.292,4.394,29.292
2030,sc01,06-11 00:00:00+01:00,0.3,72.0,12.0,48.0,72.0,24.0,30.0,4.5,30.0
2030,sc01,06-11 01:00:00+01:00,0.287,68.938,11.49,45.959,68.938,22.979,28.724,4.309,28.724
2030,sc01,06-11 02:00:00+01:00,0.275,66.104,11.017,44.069,66.104,22.035,27.543,4.131,27.543
2030,sc01,06-11 03:00:00+01:00,0.267,64.133,10.689,42.755,64.133,21.378,26.722,4.008,26.722
2030,sc01,06-11 04:00:00+01:00,0.261,62.6,10.433,41.734,62.6,20.867,26.083,3.913,26.083
2030,sc01,06-11 05:00:00+01:00,0.259,62.263,10.377,41.509,62.263,20.754,25.943,3.891,25.943
2030,sc01,06-11 06:00:00+01:00,0.259,62.151,10.358,41.434,62.151,20.717,25.896,3.884,25.896
2030,sc01,06-11 07:00:00+01:00,0.262,62.822,10.47,41.881,62.822,20.941,26.176,3.926,26.176
2030,sc01,06-11 08:00:00+01:00,0.269,64.66,10.777,43.107,64.66,21.553,26.942,4.041,26.942
2030,sc01,06-11 09:00:00+01:00,0.284,68.123,11.354,45.416,68.123,22.708,28.385,4.258,28.385
2030,sc01,06-11 10:00:00+01:00,0.295,70.722,11.787,47.148,70.722,23.574,29.467,4.42,29.467
2030,sc01,06-11 11:00:00+01:00,0.303,72.64,12.107,48.427,72.64,24.213,30.267,4.54,30.267
2030,sc01,06-11 12:00:00+01:00,0.302,72.439,12.073,48.293,72.439,24.146,30.183,4.527,30.183
2030,sc01,06-11 13:00:00+01:00,0.302,72.397,12.066,48.265,72.397,24.132,30.166,4.525,30.166
2030,sc01,06-11 14:00:00+01:00,0.306,73.555,12.259,49.037,73.555,24.518,30.648,4.597,30.648
2030,sc01,06-11 15:00:00+01:00,0.321,76.922,12.82,51.281,76.922,25.641,32.051,4.808,32.051
2030,sc01,06-11 16:00:00+01:00,0.337,80.946,13.491,53.964,80.946,26.982,33.728,5.059,33.728
2030,sc01,06-11 17:00:00+01:00,0.347,83.166,13.861,55.444,83.166,27.722,34.653,5.198,34.653
2030,sc01,06-11 18:00:00+01:00,0.345,82.829,13.805,55.219,82.829,27.61,34.512,5.177,34.512
2030,sc01,06-11 19:00:00+01:00,0.34,81.632,13.605,54.422,81.632,27.211,34.014,5.102,34.014
2030,sc01,06-11 20:00:00+01:00,0.333,79.989,13.332,53.326,79.989,26.663,33.329,4.999,33.329
2030,sc01,06-11 21:00:00+01:00,0.324,77.865,12.977,51.91,77.865,25.955,32.444,4.867,32.444
2030,sc01,06-11 22:00:00+01:00,0.31,74.285,12.381,49.523,74.285,24.762,30.952,4.643,30.952
2030,sc01,06-11 23:00:00+01:00,0.293,70.3,11.717,46.866,70.3,23.433,29.292,4.394,29.292
2030,sc01,06-12 00:00:00+01:00,0.3,72.0,12.0,48.0,72.0,24.0,30.0,4.5,30.0
2030,sc01,06-12 01:00:00+01:00,0.287,68.938,11.49,45.959,68.938,22.979,28.724,4.309,28.724
2030,sc01,06-12 02:00:00+01:00,0.275,66.104,11.017,44.069,66.104,22.035,27.543,4.131,27.543
2030,sc01,06-12 03:00:00+01:00,0.267,64.133,10.689,42.755,64.133,21.378,26.722,4.008,26.722
2030,sc01,06-12 04:00:00+01:00,0.261,62.6,10.433,41.734,62.6,20.867,26.083,3.913,26.083
2030,sc01,06-12 05:00:00+01:00,0.259,62.263,10.377,41.509,62.263,20.754,25.943,3.891,25.943
2030,sc01,06-12 06:00:00+01:00,0.259,62.151,10.358,41.434,62.151,20.717,25.896,3.884,25.896
2030,sc01,06-12 07:00:00+01:00,0.262,62.822,10.47,41.881,62.822,20.941,26.176,3.926,26.176
2030,sc01,06-12 08:00:00+01:00,0.269,64.66,10.777,43.107,64.66,21.553,26.942,4.041,26.942
2030,sc01,06-12 09:00:00+01:00,0.284,68.123,11.354,45.416,68.123,22.708,28.385,4.258,28.385
2030,sc01,06-12 10:00:00+01:00,0.295,70.722,11.787,47.148,70.722,23.574,29.467,4.42,29.467
2030,sc01,06-12 11:00:00+01:00,0.303,72.64,12.107,48.427,72.64,24.213,30.267,4.54,30.267
2030,sc01,06-12 12:00:00+01:00,0.302,72.439,12.073,48.293,72.439,24.146,30.183,4.527,30.183
2030,sc01,06-12 13:00:00+01:00,0.302,72.397,12.066,48.265,72.397,24.132,30.166,4.525,30.166
2030,sc01,06-12 14:00:00+01:00,0.306,73.555,12.259,49.037,73.555,24.518,30.648,4.597,30.648
2030,sc01,06-12 15:00:00+01:00,0.321,76.922,12.82,51.281,76.922,25.641,32.051,4.808,32.051
2030,sc01,06-12 16:00:00+01:00,0.337,80.946,13.491,53.964,80.946,26.982,33.728,5.059,33.728
2030,sc01,06-12 17:00:00+01:00,0.347,83.166,13.861,55.444,83.166,27.722,34.653,5.198,34.653
2030,sc01,06-12 18:00:00+01:00,0.345,82.829,13.805,55.219,82.829,27.61,34.512,5.177,34.512
2030,sc01,06-12 19:00:00+01:00,0.34,81.632,13.605,54.422,81.632,27.211,34.014,5.102,34.014
2030,sc01,06-12 20:00:00+01:00,0.333,79.989,13.332,53.326,79.989,26.663,33.329,4.999,33.329
2030,sc01,06-12 21:00:00+01:00,0.324,77.865,12.977,51.91,77.865,25.955,32.444,4.867,32.444
2030,sc01,06-12 22:00:00+01:00,0.31,74.285,12.381,49.523,74.285,24.762,30.952,4.643,30.952
2030,sc01,06-12 23:00:00+01:00,0.293,70.3,11.717,46.866,70.3,23.433,29.292,4.394,29.292
2030,sc01,06-13 00:00:00+01:00,0.3,72.0,12.0,48.0,72.0,24.0,30.0,4.5,30.0
2030,sc01,06-13 01:00:00+01:00,0.287,68.938,11.49,45.959,68.938,22.979,28.724,4.309,28.724
2030,sc01,06-13 02:00:00+01:00,0.275,66.104,11.017,44.069,66.104,22.035,27.543,4.131,27.543
2030,sc01,06-13 03:00:00+01:00,0.267,64.133,10.689,42.755,64.133,21.378,26.722,4.008,26.722
2030,sc01,06-13 04:00:00+01:00,0.261,62.6,10.433,41.734,62.6,20.867,26.083,3.913,26.083
2030,sc01,06-13 05:00:00+01:00,0.259,62.263,10.377,41.509,62.263,20.754,25.943,3.891,25.943
2030,sc01,06-13 06:00:00+01:00,0.259,62.151,10.358,41.434,62.151,20.717,25.896,3.884,25.896
2030,sc01,06-13 07:00:00+01:00,0.262,62.822,10.47,41.881,62.822,20.941,26.176,3.926,26.176
2030,sc01,06-13 08:00:00+01:00,0.269,64.66,10.777,43.107,64.66,21.553,26.942,4.041,26.942
2030,sc01,06-13 09:00:00+01:00,0.284,68.123,11.354,45.416,68.123,22.708,28.385,4.258,28.385
2030,sc01,06-13 10:00:00+01:00,0.295,70.722,11.787,47.148,70.722,23.574,29.467,4.42,29.467
2030,sc01,06-13 11:00:00+01:00,0.303,72.64,12.107,48.427,72.64,24.213,30.267,4.54,30.267
2030,sc01,06-13 12:00:00+01:00,0.302,72.439,12.073,48.293,72.439,24.146,30.183,4.527,30.183
2030,sc01,06-13 13:00:00+01:00,0.302,72.397,12.066,48.265,72.397,24.132,30.166,4.525,30.166
2030,sc01,06-13 14:00:00+01:00,0.306,73.555,12.259,49.037,73.555,24.518,30.648,4.597,30.648
2030,sc01,06-13 15:00:00+01:00,0.321,76.922,12.82,51.281,76.922,25.641,32.051,4.808,32.051
2030,sc01,06-13 16:00:00+01:00,0.337,80.946,13.491,53.964,80.946,26.982,33.728,5.059,33.728
2030,sc01,06-13 17:00:00+01:00,0.347,83.166,13.861,55.444,83.166,27.722,34.653,5.198,34.653
2030,sc01,06-13 18:00:00+01:00,0.345,82.829,13.805,55.219,82.829,27.61,34.512,5.177,34.512
2030,sc01,06-13 19:00:00+01:00,0.34,81.632,13.605,54.422,81.632,27.211,34.014,5.102,34.014
2030,sc01,06-13 20:00:00+01:00,0.333,79.989,13.332,53.326,79.989,26.663,33.329,4.999,33.329
2030,sc01,06-13 21:00:00+01:00,0.324,77.865,12.977,51.91,77.865,25.955,32.444,4.867,32.444
2030,sc01,06-13 22:00:00+01:00,0.31,74.285,12.381,49.523,74.285,24.762,30.952,4.643,30.952
2030,sc01,06-13 23:00:00+01:00,0.293,70.3,11.717,46.866,70.3,23.433,29.292,4.394,29.292
2030,sc01,06-14 00:00:00+01:00,0.3,72.0,12.0,48.0,72.0,24.0,30.0,4.5,30.0
2030,sc01,06-14 01:00:00+01:00,0.287,68.938,11.49,45.959,68.938,22.979,28.724,4.309,28.724
2030,sc01,06-14 02:00:00+01:00,0.275,66.104,11.017,44.069,66.104,22.035,27.543,4.131,27.543
2030,sc01,06-14 03:00:00+01:00,0.267,64.133,10.689,42.755,64.133,21.378,26.722,4.008,26.722
2030,sc01,06-14 04:00:00+01:00,0.261,62.6,10.433,41.734,62.6,20.867,26.083,3.913,26.083
2030,sc01,06-14 05:00:00+01:00,0.259,62.263,10.377,41.509,62.263,20.754,25.943,3.891,25.943
2030,sc01,06-14 06:00:00+01:00,0.259,62.151,10.358,41.434,62.151,20.717,25.896,3.884,25.896
2030,sc01,06-14 07:00:00+01:00,0.262,62.822,10.47,41.881,62.822,20.941,26.176,3.926,26.176
2030,sc01,06-14 08:00:00+01:00,0.269,64.66,10.777,43.107,64.66,21.553,26.942,4.041,26.942
2030,sc01,06-14 09:00:00+01:00,0.284,68.123,11.354,45.416,68.123,22.708,28.385,4.258,28.385
2030,sc01,06-14 10:00:00+01:00,0.295,70.722,11.787,47.148,70.722,23.574,29.467,4.42,29.467
2030,sc01,06-14 11:00:00+01:00,0.303,72.64,12.107,48.427,72.64,24.213,30.267,4.54,30.267
2030,sc01,06-14 12:00:00+01:00,0.302,72.439,12.073,48.293,72.439,24.146,30.183,4.527,30.183
2030,sc01,06-14 13:00:00+01:00,0.302,72.397,12.066,48.265,72.397,24.132,30.166,4.525,30.166
2030,sc01,06-14 14:00:00+01:00,0.306,73.555,12.259,49.037,73.555,24.518,30.648,4.597,30.648
2030,sc01,06-14 15:00:00+01:00,0.321,76.922,12.82,51.281,76.922,25.641,32.051,4.808,32.051
2030,sc01,06-14 16:00:00+01:00,0.337,80.946,13.491,53.964,80.946,26.982,33.728,5.059,33.728
2030,sc01,06-14 17:00:00+01:00,0.347,83.166,13.861,55.444,83.166,27.722,34.653,5.198,34.653
2030,sc01,06-14 18:00:00+01:00,0.345,82.829,13.805,55.219,82.829,27.61,34.512,5.177,34.512
2030,sc01,06-14 19:00:00+01:00,0.34,81.632,13.605,54.422,81.632,27.211,34.014,5.102,34.014
2030,sc01,06-14 20:00:00+01:00,0.333,79.989,13.332,53.326,79.989,26.663,33.329,4.999,33.329
2030,sc01,06-14 21:00:00+01:00,0.324,77.865,12.977,51.91,77.865,25.955,32.444,4.867,32.444
2030,sc01,06-14 22:00:00+01:00,0.31,74.285,12.381,49.523,74.285,24.762,30.952,4.643,30.952
2030,sc01,06-14 23:00:00+01:00,0.293,70.3,11.717,46.866,70.3,23.433,29.292,4.394,29.292
2030,sc01,06-15 00:00:00+01:00,0.3,72.0,12.0,48.0,72.0,24.0,30.0,4.5,30.0
2030,sc01,06-15 01:00:00+01:00,0.287,68.938,11.49,45.959,68.938,22.979,28.724,4.309,28.724
2030,sc01,06-15 02:00:00+01:00,0.275,66.104,11.017,44.069,66.104,22.035,27.543,4.131,27.543
2030,sc01,06-15 03:00:00+01:00,0.267,64.133,10.689,42.755,64.133,21.378,26.722,4.008,26.722
2030,sc01,06-15 04:00:00+01:00,0.261,62.6,10.433,41.734,62.6,20.867,26.083,3.913,26.083
2030,sc01,06-15 05:00:00+01:00,0.259,62.263,10.377,41.509,62.263,20.754,25.943,3.891,25.943
2030,sc01,06-15 06:00:00+01:00,0.259,62.151,10.358,41.434,62.151,20.717,25.896,3.884,25.896
2030,sc01,06-15 07:00:00+01:00,0.262,62.822,10.47,41.881,62.822,20.941,26.176,3.926,26.176
2030,sc01,06-15 08:00:00+01:00,0.269,64.66,10.777,43.107,64.66,21.553,26.942,4.041,26.942
2030,sc01,06-15 09:00:00+01:00,0.284,68.123,11.354,45.416,68.123,22.708,28.385,4.258,28.385
2030,sc01,06-15 10:00:00+01:00,0.295,70.722,11.787,47.148,70.722,23.574,29.467,4.42,29.467
2030,sc01,06-15 11:00:00+01:00,0.303,72.64,12.107,48.427,72.64,24.213,30.267,4.54,30.267
2030,sc01,06-15 12:00:00+01:00,0.302,72.439,12.073,48.293,72.439,24.146,30.183,4.527,30.183
2030,sc01,06-15 13:00:00+01:00,0.302,72.397,12.066,48.265,72.397,24.132,30.166,4.525,30.166
2030,sc01,06-15 14:00:00+01:00,0.306,73.555,12.259,49.037,73.555,24.518,30.648,4.597,30.648
2030,sc01,06-15 15:00:00+01:00,0.321,76.922,12.82,51.281,76.922,25.641,32.051,4.808,32.051
2030,sc01,06-15 16:00:00+01:00,0.337,80.946,13.491,53.964,80.946,26.982,33.728,5.059,33.728
2030,sc01,06-15 17:00:00+01:00,0.347,83.166,13.861,55.444,83.166,27.722,34.653,5.198,34.653
2030,sc01,06-15 18:00:00+01:00,0.345,82.829,13.805,55.219,82.829,27.61,34.512,5.177,34.512
2030,sc01,06-15 19:00:00+01:00,0.34,81.632,13.605,54.422,81.632,27.211,34.014,5.102,34.014
2030,sc01,06-15 20:00:00+01:00,0.333,79.989,13.332,53.326,79.989,26.663,33.329,4.999,33.329
2030,sc01,06-15 21:00:00+01:00,0.324,77.865,12.977,51.91,77.865,25.955,32.444,4.867,32.444
2030,sc01,06-15 22:00:00+01:00,0.31,74.285,12.381,49.523,74.285,24.762,30.952,4.643,30.952
2030,sc01,06-15 23:00:00+01:00,0.293,70.3,11.717,46.866,70.3,23.433,29.292,4.394,29.292
2030,sc01,06-16 00:00:00+01:00,0.3,72.0,12.0,48.0,72.0,24.0,30.0,4.5,30.0
2030,sc01,06-16 01:00:00+01:00,0.287,68.938,11.49,45.959,68.938,22.979,28.724,4.309,28.724
2030,sc01,06-16 02:00:00+01:00,0.275,66.104,11.017,44.069,66.104,22.035,27.543,4.131,27.543
2030,sc01,06-16 03:00:00+01:00,0.267,64.133,10.689,42.755,64.133,21.378,26.722,4.008,26.722
2030,sc01,06-16 04:00:00+01:00,0.261,62.6,10.433,41.734,62.6,20.867,26.083,3.913,26.083
2030,sc01,06-16 05:00:00+01:00,0.259,62.263,10.377,41.509,62.263,20.754,25.943,3.891,25.943
2030,sc01,06-16 06:00:00+01:00,0.259,62.151,10.358,41.434,62.151,20.717,25.896,3.884,25.896
2030,sc01,06-16 07:00:00+01:00,0.262,62.822,10.47,41.881,62.822,20.941,26.176,3.926,26.176
2030,sc01,06-16 08:00:00+01:00,0.269,64.66,10.777,43.107,64.66,21.553,26.942,4.041,26.942
2030,sc01,06-16 09:00:00+01:00,0.284,68.123,11.354,45.416,68.123,22.708,28.385,4.258,28.385
2030,sc01,06-16 10:00:00+01:00,0.295,70.722,11.787,47.148,70.722,23.574,29.467,4.42,29.467
2030,sc01,06-16 11:00:00+01:00,0.303,72.64,12.107,48.427,72.64,24.213,30.267,4.54,30.267
2030,sc01,06-16 12:00:00+01:00,0.302,72.439,12.073,48.293,72.439,24.146,30.183,4.527,30.183
2030,sc01,06-16 13:00:00+01:00,0.302,72.397,12.066,48.265,72.397,24.132,30.166,4.525,30.166
2030,sc01,06-16 14:00:00+01:00,0.306,73.555,12.259,49.037,73.555,24.518,30.648,4.597,30.648
2030,sc01,06-16 15:00:00+01:00,0.321,76.922,12.82,51.281,76.922,25.641,32.051,4.808,32.051
2030,sc01,06-16 16:00:00+01:00,0.337,80.946,13.491,53.964,80.946,26.982,33.728,5.059,33.728
2030,sc01,06-16 17:00:00+01:00,0.347,83.166,13.861,55.444,83.166,27.722,34.653,5.198,34.653
2030,sc01,06-16 18:00:00+01:00,0.345,82.829,13.805,55.219,82.829,27.61,34.512,5.177,34.512
2030,sc01,06-16 19:00:00+01:00,0.34,81.632,13.605,54.422,81.632,27.211,34.014,5.102,34.014
2030,sc01,06-16 20:00:00+01:00,0.333,79.989,13.332,53.326,79.989,26.663,33.329,4.999,33.329
2030,sc01,06-16 21:00:00+01:00,0.324,77.865,12.977,51.91,77.865,25.955,32.444,4.867,32.444
2030,sc01,06-16 22:00:00+01:00,0.31,74.285,12.381,49.523,74.285,24.762,30.952,4.643,30.952
2030,sc01,06-16 23:00:00+01:00,0.293,70.3,11.717,46.866,70.3,23.433,29.292,4.394,29.292
2030,sc01,06-17 00:00:00+01:00,0.3,72.0,12.0,48.0,72.0,24.0,30.0,4.5,30.0
2030,sc01,06-17 01:00:00+01:00,0.287,68.938,11.49,45.959,68.938,22.979,28.724,4.309,28.724
2030,sc01,06-17 02:00:00+01:00,0.275,66.104,11.017,44.069,66.104,22.035,27.543,4.131,27.543
2030,sc01,06-17 03:00:00+01:00,0.267,64.133,10.689,42.755,64.133,21.378,26.722,4.008,26.722
2030,sc01,06-17 04:00:00+01:00,0.261,62.6,10.433,41.734,62.6,20.867,26.083,3.913,26.083
2030,sc01,06-17 05:00:00+01:00,0.259,62.263,10.377,41.509,62.263,20.754,25.943,3.891,25.943
2030,sc01,06-17 06:00:00+01:00,0.259,62.151,10.358,41.434,62.151,20.717,25.896,3.884,25.896
2030,sc01,06-17 07:00:00+01:00,0.262,62.822,10.47,41.881,62.822,20.941,26.176,3.926,26.176
2030,sc01,06-17 08:00:00+01:00,0.269,64.66,10.777,43.107,64.66,21.553,26.942,4.041,26.942
2030,sc01,06-17 09:00:00+01:00,0.284,68.123,11.354,45.416,68.123,22.708,28.385,4.258,28.385
2030,sc01,06-17 10:00:00+01:00,0.295,70.722,11.787,47.148,70.722,23.574,29.467,4.42,29.467
2030,sc01,06-17 11:00:00+01:00,0.303,72.64,12.107,48.427,72.64,24.213,30.267,4.54,30.267
2030,sc01,06-17 12:00:00+01:00,0.302,72.439,12.073,48.293,72.439,24.146,30.183,4.527,30.183
2030,sc01,06-17 13:00:00+01:00,0.302,72.397,12.066,48.265,72.397,24.132,30.166,4.525,30.166
2030,sc01,06-17 14:00:00+01:00,0.306,73.555,12.259,49.037,73.555,24.518,30.648,4.597,30.648
2030,sc01,06-17 15:00:00+01:00,0.321,76.922,12.82,51.281,76.922,25.641,32.051,4.808,32.051
2030,sc01,06-17 16:00:00+01:00,0.337,80.946,13.491,53.964,80.946,26.982,33.728,5.059,33.728
2030,sc01,06-17 17:00:00+01:00,0.347,83.166,13.861,55.444,83.166,27.722,34.653,5.198,34.653
2030,sc01,06-17 18:00:00+01:00,0.345,82.829,13.805,55.219,82.829,27.61,34.512,5.177,34.512
2030,sc01,06-17 19:00:00+01:00,0.34,81.632,13.605,54.422,81.632,27.211,34.014,5.102,34.014
2030,sc01,06-17 20:00:00+01:00,0.333,79.989,13.332,53.326,79.989,26.663,33.329,4.999,33.329
2030,sc01,06-17 21:00:00+01:00,0.324,77.865,12.977,51.91,77.865,25.955,32.444,4.867,32.444
2030,sc01,06-17 22:00:00+01:00,0.31,74.285,12.381,49.523,74.285,24.762,30.952,4.643,30.952
2030,sc01,06-17 23:00:00+01:00,0.293,70.3,11.717,46.866,70.3,23.433,29.292,4.394,29.292
2030,sc01,06-18 00:00:00+01:00,0.3,72.0,12.0,48.0,72.0,24.0,30.0,4.5,30.0
2030,sc01,06-18 01:00:00+01:00,0.287,68.938,11.49,45.959,68.938,22.979,28.724,4.309,28.724
2030,sc01,06-18 02:00:00+01:00,0.275,66.104,11.017,44.069,66.104,22.035,27.543,4.131,27.543
2030,sc01,06-18 03:00:00+01:00,0.267,64.133,10.689,42.755,64.133,21.378,26.722,4.008,26.722
2030,sc01,06-18 04:00:00+01:00,0.261,62.6,10.433,41.734,62.6,20.867,26.083,3.913,26.083
2030,sc01,06-18 05:00:00+01:00,0.259,62.263,10.377,41.509,62.263,20.754,25.943,3.891,25.943
2030,sc01,06-18 06:00:00+01:00,0.259,62.151,10.358,41.434,62.151,20.717,25.896,3.884,25.896
2030,sc01,06-18 07:00:00+01:00,0.262,62.822,10.47,41.881,62.822,20.941,26.176,3.926,26.176
2030,sc01,06-18 08:00:00+01:00,0.269,64.66,10.777,43.107,64.66,21.553,26.942,4.041,26.942
2030,sc01,06-18 09:00:00+01:00,0.284,68.123,11.354,45.416,68.123,22.708,28.385,4.258,28.385
2030,sc01,06-18 10:00:00+01:00,0.295,70.722,11.787,47.148,70.722,23.574,29.467,4.42,29.467
2030,sc01,06-18 11:00:00+01:00,0.303,72.64,12.107,48.427,72.64,24.213,30.267,4.54,30.267
2030,sc01,06-18 12:00:00+01:00,0.302,72.439,12.073,48.293,72.439,24.146,30.183,4.527,30.183
2030,sc01,06-18 13:00:00+01:00,0.302,72.397,12.066,48.265,72.397,24.132,30.166,4.525,30.166
2030,sc01,06-18 14:00:00+01:00,0.306,73.555,12.259,49.037,73.555,24.518,30.648,4.597,30.648
2030,sc01,06-18 15:00:00+01:00,0.321,76.922,12.82,51.281,76.922,25.641,32.051,4.808,32.051
2030,sc01,06-18 16:00:00+01:00,0.337,80.946,13.491,53.964,80.946,26.982,33.728,5.059,33.728
2030,sc01,06-18 17:00:00+01:00,0.347,83.166,13.861,55.444,83.166,27.722,34.653,5.198,34.653
2030,sc01,06-18 18:00:00+01:00,0.345,82.829,13.805,55.219,82.829,27.61,34.512,5.177,34.512
2030,sc01,06-18 19:00:00+01:00,0.34,81.632,13.605,54.422,81.632,27.211,34.014,5.102,34.014
2030,sc01,06-18 20:00:00+01:00,0.333,79.989,13.332,53.326,79.989,26.663,33.329,4.999,33.329
2030,sc01,06-18 21:00:00+01:00,0.324,77.865,12.977,51.91,77.865,25.955,32.444,4.867,32.444
2030,sc01,06-18 22:00:00+01:00,0.31,74.285,12.381,49.523,74.285,24.762,30.952,4.643,30.952
2030,sc01,06-18 23:00:00+01:00,0.293,70.3,11.717,46.866,70.3,23.433,29.292,4.394,29.292
2030,sc01,06-19 00:00:00+01:00,0.3,72.0,12.0,48.0,72.0,24.0,30.0,4.5,30.0
2030,sc01,06-19 01:00:00+01:00,0.287,68.938,11.49,45.959,68.938,22.979,28.724,4.309,28.724
2030,sc01,06-19 02:00:00+01:00,0.275,66.104,11.017,44.069,66.104,22.035,27.543,4.131,27.543
2030,sc01,06-19 03:00:00+01:00,0.267,64.133,10.689,42.755,64.133,21.378,26.722,4.008,26.722
2030,sc01,06-19 04:00:00+01:00,0.261,62.6,10.433,41.734,62.6,20.867,26.083,3.913,26.083
2030,sc01,06-19 05:00:00+01:00,0.259,62.263,10.377,41.509,62.263,20.754,25.943,3.891,25.943
2030,sc01,06-19 06:00:00+01:00,0.259,62.151,10.358,41.434,62.151,20.717,25.896,3.884,25.896
2030,sc01,06-19 07:00:00+01:00,0.262,62.822,10.47,41.881,62.822,20.941,26.176,3.926,26.176
2030,sc01,06-19 08:00:00+01:00,0.269,64.66,10.777,43.107,64.66,21.553,26.942,4.041,26.942
2030,sc01,06-19 09:00:00+01:00,0.284,68.123,11.354,45.416,68.123,22.708,28.385,4.258,28.385
2030,sc01,06-19 10:00:00+01:00,0.295,70.722,11.787,47.148,70.722,23.574,29.467,4.42,29.467
2030,sc01,06-19 11:00:00+01:00,0.303,72.64,12.107,48.427,72.64,24.213,30.267,4.54,30.267
2030,sc01,06-19 12:00:00+01:00,0.302,72.439,12.073,48.293,72.439,24.146,30.183,4.527,30.183
2030,sc01,06-19 13:00:00+01:00,0.302,72.397,12.066,48.265,72.397,24.132,30.166,4.525,30.166
2030,sc01,06-19 14:00:00+01:00,0.306,73.555,12.259,49.037,73.555,24.518,30.648,4.597,30.648
2030,sc01,06-19 15:00:00+01:00,0.321,76.922,12.82,51.281,76.922,25.641,32.051,4.808,32.051
2030,sc01,06-19 16:00:00+01:00,0.337,80.946,13.491,53.964,80.946,26.982,33.728,5.059,33.728
2030,sc01,06-19 17:00:00+01:00,0.347,83.166,13.861,55.444,83.166,27.722,34.653,5.198,34.653
2030,sc01,06-19 18:00:00+01:00,0.345,82.829,13.805,55.219,82.829,27.61,34.512,5.177,34.512
2030,sc01,06-19 19:00:00+01:00,0.34,81.632,13.605,54.422,81.632,27.211,34.014,5.102,34.014
2030,sc01,06-19 20:00:00+01:00,0.333,79.989,13.332,53.326,79.989,26.663,33.329,4.999,33.329
2030,sc01,06-19 21:00:00+01:00,0.324,77.865,12.977,51.91,77.865,25.955,32.444,4.867,32.444
2030,sc01,06-19 22:00:00+01:00,0.31,74.285,12.381,49.523,74.285,24.762,30.952,4.643,30.952
2030,sc01,06-19 23:00:00+01:00,0.293,70.3,11.717,46.866,70.3,23.433,29.292,4.394,29.292
2030,sc01,06-20 00:00:00+01:00,0.3,72.0,12.0,48.0,72.0,24.0,30.0,4.5,30.0
2030,sc01,06-20 01:00:00+01:00,0.287,68.938,11.49,45.959,68.938,22.979,28.724,4.309,28.724
2030,sc01,06-20 02:00:00+01:00,0.275,66.104,11.017,44.069,66.104,22.035,27.543,4.131,27.543
2030,sc01,06-20 03:00:00+01:00,0.267,64.133,10.689,42.755,64.133,21.378,26.722,4.008,26.722
2030,sc01,06-20 04:00:00+01:00,0.261,62.6,10.433,41.734,62.6,20.867,26.083,3.913,26.083
2030,sc01,06-20 05:00:00+01:00,0.259,62.263,10.377,41.509,62.263,20.754,25.943,3.891,25.943
2030,sc01,06-20 06:00:00+01:00,0.259,62.151,10.358,41.434,62.151,20.717,25.896,3.884,25.896
2030,sc01,06-20 07:00:00+01:00,0.262,62.822,10.47,41.881,62.822,20.941,26.176,3.926,26.176
2030,sc01,06-20 08:00:00+01:00,0.269,64.66,10.777,43.107,64.66,21.553,26.942,4.041,26.942
2030,sc01,06-20 09:00:00+01:00,0.284,68.123,11.354,45.416,68.123,22.708,28.385,4.258,28.385
2030,sc01,06-20 10:00:00+01:00,0.295,70.722,11.787,47.148,70.722,23.574,29.467,4.42,29.467
2030,sc01,06-20 11:00:00+01:00,0.303,72.64,12.107,48.427,72.64,24.213,30.267,4.54,30.267
2030,sc01,06-20 12:00:00+01:00,0.302,72.439,12.073,48.293,72.439,24.146,30.183,4.527,30.183
2030,sc01,06-20 13:00:00+01:00,0.302,72.397,12.066,48.265,72.397,24.132,30.166,4.525,30.166
2030,sc01,06-20 14:00:00+01:00,0.306,73.555,12.259,49.037,73.555,24.518,30.648,4.597,30.648
2030,sc01,06-20 15:00:00+01:00,0.321,76.922,12.82,51.281,76.922,25.641,32.051,4.808,32.051
2030,sc01,06-20 16:00:00+01:00,0.337,80.946,13.491,53.964,80.946,26.982,33.728,5.059,33.728
2030,sc01,06-20 17:00:00+01:00,0.347,83.166,13.861,55.444,83.166,27.722,34.653,5.198,34.653
2030,sc01,06-20 18:00:00+01:00,0.345,82.829,13.805,55.219,82.829,27.61,34.512,5.177,34.512
2030,sc01,06-20 19:00:00+01:00,0.34,81.632,13.605,54.422,81.632,27.211,34.014,5.102,34.014
2030,sc01,06-20 20:00:00+01:00,0.333,79.989,13.332,53.326,79.989,26.663,33.329,4.999,33.329
2030,sc01,06-20 21:00:00+01:00,0.324,77.865,12.977,51.91,77.865,25.955,32.444,4.867,32.444
2030,sc01,06-20 22:00:00+01:00,0.31,74.285,12.381,49.523,74.285,24.762,30.952,4.643,30.952
2030,sc01,06-20 23:00:00+01:00,0.293,70.3,11.717,46.866,70.3,23.433,29.292,4.394,29.292
2030,sc01,06-21 00:00:00+01:00,0.3,72.0,12.0,48.0,72.0,24.0,30.0,4.5,30.0
2030,sc01,06-21 01:00:00+01:00,0.287,68.938,11.49,45.959,68.938,22.979,28.724,4.309,28.724
2030,sc01,06-21 02:00:00+01:00,0.275,66.104,11.017,44.069,66.104,22.035,27.543,4.131,27.543
2030,sc01,06-21 03:00:00+01:00,0.267,64.133,10.689,42.755,64.133,21.378,26.722,4.008,26.722
2030,sc01,06-21 04:00:00+01:00,0.261,62.6,10.433,41.734,62.6,20.867,26.083,3.913,26.083
2030,sc01,06-21 05:00:00+01:00,0.259,62.263,10.377,41.509,62.263,20.754,25.943,3.891,25.943
2030,sc01,06-21 06:00:00+01:00,0.259,62.151,10.358,41.434,62.151,20.717,25.896,3.884,25.896
2030,sc01,06-21 07:00:00+01:00,0.262,62.822,10.47,41.881,62.822,20.941,26.176,3.926,26.176
2030,sc01,06-21 08:00:00+01:00,0.269,64.66,10.777,43.107,64.66,21.553,26.942,4.041,26.942
2030,sc01,06-21 09:00:00+01:00,0.284,68.123,11.354,45.416,68.123,22.708,28.385,4.258,28.385
2030,sc01,06-21 10:00:00+01:00,0.295,70.722,11.787,47.148,70.722,23.574,29.467,4.42,29.467
2030,sc01,06-21 11:00:00+01:00,0.303,72.64,12.107,48.427,72.64,24.213,30.267,4.54,30.267
2030,sc01,06-21 12:00:00+01:00,0.302,72.439,12.073,48.293,72.439,24.146,30.183,4.527,30.183
2030,sc01,06-21 13:00:00+01:00,0.302,72.397,12.066,48.265,72.397,24.132,30.166,4.525,30.166
2030,sc01,06-21 14:00:00+01:00,0.306,73.555,12.259,49.037,73.555,24.518,30.648,4.597,30.648
2030,sc01,06-21 15:00:00+01:00,0.321,76.922,12.82,51.281,76.922,25.641,32.051,4.808,32.051
2030,sc01,06-21 16:00:00+01:00,0.337,80.946,13.491,53.964,80.946,26.982,33.728,5.059,33.728
2030,sc01,06-21 17:00:00+01:00,0.347,83.166,13.861,55.444,83.166,27.722,34.653,5.198,34.653
2030,sc01,06-21 18:00:00+01:00,0.345,82.829,13.805,55.219,82.829,27.61,34.512,5.177,34.512
2030,sc01,06-21 19:00:00+01:00,0.34,81.632,13.605,54.422,81.632,27.211,34.014,5.102,34.014
2030,sc01,06-21 20:00:00+01:00,0.333,79.989,13.332,53.326,79.989,26.663,33.329,4.999,33.329
2030,sc01,06-21 21:00:00+01:00,0.324,77.865,12.977,51.91,77.865,25.955,32.444,4.867,32.444
2030,sc01,06-21 22:00:00+01:00,0.31,74.285,12.381,49.523,74.285,24.762,30.952,4.643,30.952
2030,sc01,06-21 23:00:00+01:00,0.293,70.3,11.717,46.866,70.3,23.433,29.292,4.394,29.292
2030,sc01,06-22 00:00:00+01:00,0.3,72.0,12.0,48.0,72.0,24.0,30.0,4.5,30.0
2030,sc01,06-22 01:00:00+01:00,0.287,68.938,11.49,45.959,68.938,22.979,28.724,4.309,28.724
2030,sc01,06-22 02:00:00+01:00,0.275,66.104,11.017,44.069,66.104,22.035,27.543,4.131,27.543
2030,sc01,06-22 03:00:00+01:00,0.267,64.133,10.689,42.755,64.133,21.378,26.722,4.008,26.722
2030,sc01,06-22 04:00:00+01:00,0.261,62.6,10.433,41.734,62.6,20.867,26.083,3.913,26.083
2030,sc01,06-22 05:00:00+01:00,0.259,62.263,10.377,41.509,62.263,20.754,25.943,3.891,25.943
2030,sc01,06-22 06:00:00+01:00,0.259,62.151,10.358,41.434,62.151,20.717,25.896,3.884,25.896
2030,sc01,06-22 07:00:00+01:00,0.262,62.822,10.47,41.881,62.822,20.941,26.176,3.926,26.176
2030,sc01,06-22 08:00:00+01:00,0.269,64.66,10.777,43.107,64.66,21.553,26.942,4.041,26.942
2030,sc01,06-22 09:00:00+01:00,0.284,68.123,11.354,45.416,68.123,22.708,28.385,4.258,28.385
2030,sc01,06-22 10:00:00+01:00,0.295,70.722,11.787,47.148,70.722,23.574,29.467,4.42,29.467
2030,sc01,06-22 11:00:00+01:00,0.303,72.64,12.107,48.427,72.64,24.213,30.267,4.54,30.267
2030,sc01,06-22 12:00:00+01:00,0.302,72.439,12.073,48.293,72.439,24.146,30.183,4.527,30.183
2030,sc01,06-22 13:00:00+01:00,0.302,72.397,12.066,48.265,72.397,24.132,30.166,4.525,30.166
2030,sc01,06-22 14:00:00+01:00,0.306,73.555,12.259,49.037,73.555,24.518,30.648,4.597,30.648
2030,sc01,06-22 15:00:00+01:00,0.321,76.922,12.82,51.281,76.922,25.641,32.051,4.808,32.051
2030,sc01,06-22 16:00:00+01:00,0.337,80.946,13.491,53.964,80.946,26.982,33.728,5.059,33.728
2030,sc01,06-22 17:00:00+01:00,0.347,83.166,13.861,55.444,83.166,27.722,34.653,5.198,34.653
2030,sc01,06-22 18:00:00+01:00,0.345,82.829,13.805,55.219,82.829,27.61,34.512,5.177,34.512
2030,sc01,06-22 19:00:00+01:00,0.34,81.632,13.605,54.422,81.632,27.211,34.014,5.102,34.014
2030,sc01,06-22 20:00:00+01:00,0.333,79.989,13.332,53.326,79.989,26.663,33.329,4.999,33.329
2030,sc01,06-22 21:00:00+01:00,0.324,77.865,12.977,51.91,77.865,25.955,32.444,4.867,32.444
2030,sc01,06-22 22:00:00+01:00,0.31,74.285,12.381,49.523,74.285,24.762,30.952,4.643,30.952
2030,sc01,06-22 23:00:00+01:00,0.293,70.3,11.717,46.866,70.3,23.433,29.292,4.394,29.292
2030,sc01,06-23 00:00:00+01:00,0.3,72.0,12.0,48.0,72.0,24.0,30.0,4.5,30.0
2030,sc01,06-23 01:00:00+01:00,0.287,68.938,11.49,45.959,68.938,22.979,28.724,4.309,28.724
2030,sc01,06-23 02:00:00+01:00,0.275,66.104,11.017,44.069,66.104,22.035,27.543,4.131,27.543
2030,sc01,06-23 03:00:00+01:00,0.267,64.133,10.689,42.755,64.133,21.378,26.722,4.008,26.722
2030,sc01,06-23 04:00:00+01:00,0.261,62.6,10.433,41.734,62.6,20.867,26.083,3.913,26.083
2030,sc01,06-23 05:00:00+01:00,0.259,62.263,10.377,41.509,62.263,20.754,25.943,3.891,25.943
2030,sc01,06-23 06:00:00+01:00,0.259,62.151,10.358,41.434,62.151,20.717,25.896,3.884,25.896
2030,sc01,06-23 07:00:00+01:00,0.262,62.822,10.47,41.881,62.822,20.941,26.176,3.926,26.176
2030,sc01,06-23 08:00:00+01:00,0.269,64.66,10.777,43.107,64.66,21.553,26.942,4.041,26.942
2030,sc01,06-23 09:00:00+01:00,0.284,68.123,11.354,45.416,68.123,22.708,28.385,4.258,28.385
2030,sc01,06-23 10:00:00+01:00,0.295,70.722,11.787,47.148,70.722,23.574,29.467,4.42,29.467
2030,sc01,06-23 11:00:00+01:00,0.303,72.64,12.107,48.427,72.64,24.213,30.267,4.54,30.267
2030,sc01,06-23 12:00:00+01:00,0.302,72.439,12.073,48.293,72.439,24.146,30.183,4.527,30.183
2030,sc01,06-23 13:00:00+01:00,0.302,72.397,12.066,48.265,72.397,24.132,30.166,4.525,30.166
2030,sc01,06-23 14:00:00+01:00,0.306,73.555,12.259,49.037,73.555,24.518,30.648,4.597,30.648
2030,sc01,06-23 15:00:00+01:00,0.321,76.922,12.82,51.281,76.922,25.641,32.051,4.808,32.051
2030,sc01,06-23 16:00:00+01:00,0.337,80.946,13.491,53.964,80.946,26.982,33.728,5.059,33.728
2030,sc01,06-23 17:00:00+01:00,0.347,83.166,13.861,55.444,83.166,27.722,34.653,5.198,34.653
2030,sc01,06-23 18:00:00+01:00,0.345,82.829,13.805,55.219,82.829,27.61,34.512,5.177,34.512
2030,sc01,06-23 19:00:00+01:00,0.34,81.632,13.605,54.422,81.632,27.211,34.014,5.102,34.014
2030,sc01,06-23 20:00:00+01:00,0.333,79.989,13.332,53.326,79.989,26.663,33.329,4.999,33.329
2030,sc01,06-23 21:00:00+01:00,0.324,77.865,12.977,51.91,77.865,25.955,32.444,4.867,32.444
2030,sc01,06-23 22:00:00+01:00,0.31,74.285,12.381,49.523,74.285,24.762,30.952,4.643,30.952
2030,sc01,06-23 23:00:00+01:00,0.293,70.3,11.717,46.866,70.3,23.433,29.292,4.394,29.292
2030,sc01,06-24 00:00:00+01:00,0.3,72.0,12.0,48.0,72.0,24.0,30.0,4.5,30.0
2030,sc01,06-24 01:00:00+01:00,0.287,68.938,11.49,45.959,68.938,22.979,28.724,4.309,28.724
2030,sc01,06-24 02:00:00+01:00,0.275,66.104,11.017,44.069,66.104,22.035,27.543,4.131,27.543
2030,sc01,06-24 03:00:00+01:00,0.267,64.133,10.689,42.755,64.133,21.378,26.722,4.008,26.722
2030,sc01,06-24 04:00:00+01:00,0.261,62.6,10.433,41.734,62.6,20.867,26.083,3.913,26.083
2030,sc01,06-24 05:00:00+01:00,0.259,62.263,10.377,41.509,62.263,20.754,25.943,3.891,25.943
2030,sc01,06-24 06:00:00+01:00,0.259,62.151,10.358,41.434,62.151,20.717,25.896,3.884,25.896
2030,sc01,06-24 07:00:00+01:00,0.262,62.822,10.47,41.881,62.822,20.941,26.176,3.926,26.176
2030,sc01,06-24 08:00:00+01:00,0.269,64.66,10.777,43.107,64.66,21.553,26.942,4.041,26.942
2030,sc01,06-24 09:00:00+01:00,0.284,68.123,11.354,45.416,68.123,22.708,28.385,4.258,28.385
2030,sc01,06-24 10:00:00+01:00,0.295,70.722,11.787,47.148,70.722,23.574,29.467,4.42,29.467
2030,sc01,06-24 11:00:00+01:00,0.303,72.64,12.107,48.427,72.64,24.213,30.267,4.54,30.267
2030,sc01,06-24 12:00:00+01:00,0.302,72.439,12.073,48.293,72.439,24.146,30.183,4.527,30.183
2030,sc01,06-24 13:00:00+01:00,0.302,72.397,12.066,48.265,72.397,24.132,30.166,4.525,30.166
2030,sc01,06-24 14:00:00+01:00,0.306,73.555,12.259,49.037,73.555,24.518,30.648,4.597,30.648
2030,sc01,06-24 15:00:00+01:00,0.321,76.922,12.82,51.281,76.922,25.641,32.051,4.808,32.051
2030,sc01,06-24 16:00:00+01:00,0.337,80.946,13.491,53.964,80.946,26.982,33.728,5.059,33.728
2030,sc01,06-24 17:00:00+01:00,0.347,83.166,13.861,55.444,83.166,27.722,34.653,5.198,34.653
2030,sc01,06-24 18:00:00+01:00,0.345,82.829,13.805,55.219,82.829,27.61,34.512,5.177,34.512
2030,sc01,06-24 19:00:00+01:00,0.34,81.632,13.605,54.422,81.632,27.211,34.014,5.102,34.014
2030,sc01,06-24 20:00:00+01:00,0.333,79.989,13.332,53.326,79.989,26.663,33.329,4.999,33.329
2030,sc01,06-24 21:00:00+01:00,0.324,77.865,12.977,51.91,77.865,25.955,32.444,4.867,32.444
2030,sc01,06-24 22:00:00+01:00,0.31,74.285,12.381,49.523,74.285,24.762,30.952,4.643,30.952
2030,sc01,06-24 23:00:00+01:00,0.293,70.3,11.717,46.866,70.3,23.433,29.292,4.394,29.292
2030,sc01,06-25 00:00:00+01:00,0.3,72.0,12.0,48.0,72.0,24.0,30.0,4.5,30.0
2030,sc01,06-25 01:00:00+01:00,0.287,68.938,11.49,45.959,68.938,22.979,28.724,4.309,28.724
2030,sc01,06-25 02:00:00+01:00,0.275,66.104,11.017,44.069,66.104,22.035,27.543,4.131,27.543
2030,sc01,06-25 03:00:00+01:00,0.267,64.133,10.689,42.755,64.133,21.378,26.722,4.008,26.722
2030,sc01,06-25 04:00:00+01:00,0.261,62.6,10.433,41.734,62.6,20.867,26.083,3.913,26.083
2030,sc01,06-25 05:00:00+01:00,0.259,62.263,10.377,41.509,62.263,20.754,25.943,3.891,25.943
2030,sc01,06-25 06:00:00+01:00,0.259,62.151,10.358,41.434,62.151,20.717,25.896,3.884,25.896
2030,sc01,06-25 07:00:00+01:00,0.262,62.822,10.47,41.881,62.822,20.941,26.176,3.926,26.176
2030,sc01,06-25 08:00:00+01:00,0.269,64.66,10.777,43.107,64.66,21.553,26.942,4.041,26.942
2030,sc01,06-25 09:00:00+01:00,0.284,68.123,11.354,45.416,68.123,22.708,28.385,4.258,28.385
2030,sc01,06-25 10:00:00+01:00,0.295,70.722,11.787,47.148,70.722,23.574,29.467,4.42,29.467
2030,sc01,06-25 11:00:00+01:00,0.303,72.64,12.107,48.427,72.64,24.213,30.267,4.54,30.267
2030,sc01,06-25 12:00:00+01:00,0.302,72.439,12.073,48.293,72.439,24.146,30.183,4.527,30.183
2030,sc01,06-25 13:00:00+01:00,0.302,72.397,12.066,48.265,72.397,24.132,30.166,4.525,30.166
2030,sc01,06-25 14:00:00+01:00,0.306,73.555,12.259,49.037,73.555,24.518,30.648,4.597,30.648
2030,sc01,06-25 15:00:00+01:00,0.321,76.922,12.82,51.281,76.922,25.641,32.051,4.808,32.051
2030,sc01,06-25 16:00:00+01:00,0.337,80.946,13.491,53.964,80.946,26.982,33.728,5.059,33.728
2030,sc01,06-25 17:00:00+01:00,0.347,83.166,13.861,55.444,83.166,27.722,34.653,5.198,34.653
2030,sc01,06-25 18:00:00+01:00,0.345,82.829,13.805,55.219,82.829,27.61,34.512,5.177,34.512
2030,sc01,06-25 19:00:00+01:00,0.34,81.632,13.605,54.422,81.632,27.211,34.014,5.102,34.014
2030,sc01,06-25 20:00:00+01:00,0.333,79.989,13.332,53.326,79.989,26.663,33.329,4.999,33.329
2030,sc01,06-25 21:00:00+01:00,0.324,77.865,12.977,51.91,77.865,25.955,32.444,4.867,32.444
2030,sc01,06-25 22:00:00+01:00,0.31,74.285,12.381,49.523,74.285,24.762,30.952,4.643,30.952
2030,sc01,06-25 23:00:00+01:00,0.293,70.3,11.717,46.866,70.3,23.433,29.292,4.394,29.292
2030,sc01,06-26 00:00:00+01:00,0.3,72.0,12.0,48.0,72.0,24.0,30.0,4.5,30.0
2030,sc01,06-26 01:00:00+01:00,0.287,68.938,11.49,45.959,68.938,22.979,28.724,4.309,28.724
2030,sc01,06-26 02:00:00+01:00,0.275,66.104,11.017,44.069,66.104,22.035,27.543,4.131,27.543
2030,sc01,06-26 03:00:00+01:00,0.267,64.133,10.689,42.755,64.133,21.378,26.722,4.008,26.722
2030,sc01,06-26 04:00:00+01:00,0.261,62.6,10.433,41.734,62.6,20.867,26.083,3.913,26.083
2030,sc01,06-26 05:00:00+01:00,0.259,62.263,10.377,41.509,62.263,20.754,25.943,3.891,25.943
2030,sc01,06-26 06:00:00+01:00,0.259,62.151,10.358,41.434,62.151,20.717,25.896,3.884,25.896
2030,sc01,06-26 07:00:00+01:00,0.262,62.822,10.47,41.881,62.822,20.941,26.176,3.926,26.176
2030,sc01,06-26 08:00:00+01:00,0.269,64.66,10.777,43.107,64.66,21.553,26.942,4.041,26.942
2030,sc01,06-26 09:00:00+01:00,0.284,68.123,11.354,45.416,68.123,22.708,28.385,4.258,28.385
2030,sc01,06-26 10:00:00+01:00,0.295,70.722,11.787,47.148,70.722,23.574,29.467,4.42,29.467
2030,sc01,06-26 11:00:00+01:00,0.303,72.64,12.107,48.427,72.64,24.213,30.267,4.54,30.267
2030,sc01,06-26 12:00:00+01:00,0.302,72.439,12.073,48.293,72.439,24.146,30.183,4.527,30.183
2030,sc01,06-26 13:00:00+01:00,0.302,72.397,12.066,48.265,72.397,24.132,30.166,4.525,30.166
2030,sc01,06-26 14:00:00+01:00,0.306,73.555,12.259,49.037,73.555,24.518,30.648,4.597,30.648
2030,sc01,06-26 15:00:00+01:00,0.321,76.922,12.82,51.281,76.922,25.641,32.051,4.808,32.051
2030,sc01,06-26 16:00:00+01:00,0.337,80.946,13.491,53.964,80.946,26.982,33.728,5.059,33.728
2030,sc01,06-26 17:00:00+01:00,0.347,83.166,13.861,55.444,83.166,27.722,34.653,5.198,34.653
2030,sc01,06-26 18:00:00+01:00,0.345,82.829,13.805,55.219,82.829,27.61,34.512,5.177,34.512
2030,sc01,06-26 19:00:00+01:00,0.34,81.632,13.605,54.422,81.632,27.211,34.014,5.102,34.014
2030,sc01,06-26 20:00:00+01:00,0.333,79.989,13.332,53.326,79.989,26.663,33.329,4.999,33.329
2030,sc01,06-26 21:00:00+01:00,0.324,77.865,12.977,51.91,77.865,25.955,32.444,4.867,32.444
2030,sc01,06-26 22:00:00+01:00,0.31,74.285,12.381,49.523,74.285,24.762,30.952,4.643,30.952
2030,sc01,06-26 23:00:00+01:00,0.293,70.3,11.717,46.866,70.3,23.433,29.292,4.394,29.292
2030,sc01,06-27 00:00:00+01:00,0.3,72.0,12.0,48.0,72.0,24.0,30.0,4.5,30.0
2030,sc01,06-27 01:00:00+01:00,0.287,68.938,11.49,45.959,68.938,22.979,28.724,4.309,28.724
2030,sc01,06-27 02:00:00+01:00,0.275,66.104,11.017,44.069,66.104,22.035,27.543,4.131,27.543
2030,sc01,06-27 03:00:00+01:00,0.267,64.133,10.689,42.755,64.133,21.378,26.722,4.008,26.722
2030,sc01,06-27 04:00:00+01:00,0.261,62.6,10.433,41.734,62.6,20.867,26.083,3.913,26.083
2030,sc01,06-27 05:00:00+01:00,0.259,62.263,10.377,41.509,62.263,20.754,25.943,3.891,25.943
2030,sc01,06-27 06:00:00+01:00,0.259,62.151,10.358,41.434,62.151,20.717,25.896,3.884,25.896
2030,sc01,06-27 07:00:00+01:00,0.262,62.822,10.47,41.881,62.822,20.941,26.176,3.926,26.176
2030,sc01,06-27 08:00:00+01:00,0.269,64.66,10.777,43.107,64.66,21.553,26.942,4.041,26.942
2030,sc01,06-27 09:00:00+01:00,0.284,68.123,11.354,45.416,68.123,22.708,28.385,4.258,28.385
2030,sc01,06-27 10:00:00+01:00,0.295,70.722,11.787,47.148,70.722,23.574,29.467,4.42,29.467
2030,sc01,06-27 11:00:00+01:00,0.303,72.64,12.107,48.427,72.64,24.213,30.267,4.54,30.267
2030,sc01,06-27 12:00:00+01:00,0.302,72.439,12.073,48.293,72.439,24.146,30.183,4.527,30.183
2030,sc01,06-27 13:00:00+01:00,0.302,72.397,12.066,48.265,72.397,24.132,30.166,4.525,30.166
2030,sc01,06-27 14:00:00+01:00,0.306,73.555,12.259,49.037,73.555,24.518,30.648,4.597,30.648
2030,sc01,06-27 15:00:00+01:00,0.321,76.922,12.82,51.281,76.922,25.641,32.051,4.808,32.051
2030,sc01,06-27 16:00:00+01:00,0.337,80.946,13.491,53.964,80.946,26.982,33.728,5.059,33.728
2030,sc01,06-27 17:00:00+01:00,0.347,83.166,13.861,55.444,83.166,27.722,34.653,5.198,34.653
2030,sc01,06-27 18:00:00+01:00,0.345,82.829,13.805,55.219,82.829,27.61,34.512,5.177,34.512
2030,sc01,06-27 19:00:00+01:00,0.34,81.632,13.605,54.422,81.632,27.211,34.014,5.102,34.014
2030,sc01,06-27 20:00:00+01:00,0.333,79.989,13.332,53.326,79.989,26.663,33.329,4.999,33.329
2030,sc01,06-27 21:00:00+01:00,0.324,77.865,12.977,51.91,77.865,25.955,32.444,4.867,32.444
2030,sc01,06-27 22:00:00+01:00,0.31,74.285,12.381,49.523,74.285,24.762,30.952,4.643,30.952
2030,sc01,06-27 23:00:00+01:00,0.293,70.3,11.717,46.866,70.3,23.433,29.292,4.394,29.292
2030,sc01,06-28 00:00:00+01:00,0.3,72.0,12.0,48.0,72.0,24.0,30.0,4.5,30.0
2030,sc01,06-28 01:00:00+01:00,0.287,68.938,11.49,45.959,68.938,22.979,28.724,4.309,28.724
2030,sc01,06-28 02:00:00+01:00,0.275,66.104,11.017,44.069,66.104,22.035,27.543,4.131,27.543
2030,sc01,06-28 03:00:00+01:00,0.267,64.133,10.689,42.755,64.133,21.378,26.722,4.008,26.722
2030,sc01,06-28 04:00:00+01:00,0.261,62.6,10.433,41.734,62.6,20.867,26.083,3.913,26.083
2030,sc01,06-28 05:00:00+01:00,0.259,62.263,10.377,41.509,62.263,20.754,25.943,3.891,25.943
2030,sc01,06-28 06:00:00+01:00,0.259,62.151,10.358,41.434,62.151,20.717,25.896,3.884,25.896
2030,sc01,06-28 07:00:00+01:00,0.262,62.822,10.47,41.881,62.822,20.941,26.176,3.926,26.176
2030,sc01,06-28 08:00:00+01:00,0.269,64.66,10.777,43.107,64.66,21.553,26.942,4.041,26.942
2030,sc01,06-28 09:00:00+01:00,0.284,68.123,11.354,45.416,68.123,22.708,28.385,4.258,28.385
2030,sc01,06-28 10:00:00+01:00,0.295,70.722,11.787,47.148,70.722,23.574,29.467,4.42,29.467
2030,sc01,06-28 11:00:00+01:00,0.303,72.64,12.107,48.427,72.64,24.213,30.267,4.54,30.267
2030,sc01,06-28 12:00:00+01:00,0.302,72.439,12.073,48.293,72.439,24.146,30.183,4.527,30.183
2030,sc01,06-28 13:00:00+01:00,0.302,72.397,12.066,48.265,72.397,24.132,30.166,4.525,30.166
2030,sc01,06-28 14:00:00+01:00,0.306,73.555,12.259,49.037,73.555,24.518,30.648,4.597,30.648
2030,sc01,06-28 15:00:00+01:00,0.321,76.922,12.82,51.281,76.922,25.641,32.051,4.808,32.051
2030,sc01,06-28 16:00:00+01:00,0.337,80.946,13.491,53.964,80.946,26.982,33.728,5.059,33.728
2030,sc01,06-28 17:00:00+01:00,0.347,83.166,13.861,55.444,83.166,27.722,34.653,5.198,34.653
2030,sc01,06-28 18:00:00+01:00,0.345,82.829,13.805,55.219,82.829,27.61,34.512,5.177,34.512
2030,sc01,06-28 19:00:00+01:00,0.34,81.632,13.605,54.422,81.632,27.211,34.014,5.102,34.014
2030,sc01,06-28 20:00:00+01:00,0.333,79.989,13.332,53.326,79.989,26.663,33.329,4.999,33.329
2030,sc01,06-28 21:00:00+01:00,0.324,77.865,12.977,51.91,77.865,25.955,32.444,4.867,32.444
2030,sc01,06-28 22:00:00+01:00,0.31,74.285,12.381,49.523,74.285,24.762,30.952,4.643,30.952
2030,sc01,06-28 23:00:00+01:00,0.293,70.3,11.717,46.866,70.3,23.433,29.292,4.394,29.292
2030,sc01,06-29 00:00:00+01:00,0.3,72.0,12.0,48.0,72.0,24.0,30.0,4.5,30.0
2030,sc01,06-29 01:00:00+01:00,0.287,68.938,11.49,45.959,68.938,22.979,28.724,4.309,28.724
2030,sc01,06-29 02:00:00+01:00,0.275,66.104,11.017,44.069,66.104,22.035,27.543,4.131,27.543
2030,sc01,06-29 03:00:00+01:00,0.267,64.133,10.689,42.755,64.133,21.378,26.722,4.008,26.722
2030,sc01,06-29 04:00:00+01:00,0.261,62.6,10.433,41.734,62.6,20.867,26.083,3.913,26.083
2030,sc01,06-29 05:00:00+01:00,0.259,62.263,10.377,41.509,62.263,20.754,25.943,3.891,25.943
2030,sc01,06-29 06:00:00+01:00,0.259,62.151,10.358,41.434,62.151,20.717,25.896,3.884,25.896
2030,sc01,06-29 07:00:00+01:00,0.262,62.822,10.47,41.881,62.822,20.941,26.176,3.926,26.176
2030,sc01,06-29 08:00:00+01:00,0.269,64.66,10.777,43.107,64.66,21.553,26.942,4.041,26.942
2030,sc01,06-29 09:00:00+01:00,0.284,68.123,11.354,45.416,68.123,22.708,28.385,4.258,28.385
2030,sc01,06-29 10:00:00+01:00,0.295,70.722,11.787,47.148,70.722,23.574,29.467,4.42,29.467
2030,sc01,06-29 11:00:00+01:00,0.303,72.64,12.107,48.427,72.64,24.213,30.267,4.54,30.267
2030,sc01,06-29 12:00:00+01:00,0.302,72.439,12.073,48.293,72.439,24.146,30.183,4.527,30.183
2030,sc01,06-29 13:00:00+01:00,0.302,72.397,12.066,48.265,72.397,24.132,30.166,4.525,30.166
2030,sc01,06-29 14:00:00+01:00,0.306,73.555,12.259,49.037,73.555,24.518,30.648,4.597,30.648
2030,sc01,06-29 15:00:00+01:00,0.321,76.922,12.82,51.281,76.922,25.641,32.051,4.808,32.051
2030,sc01,06-29 16:00:00+01:00,0.337,80.946,13.491,53.964,80.946,26.982,33.728,5.059,33.728
2030,sc01,06-29 17:00:00+01:00,0.347,83.166,13.861,55.444,83.166,27.722,34.653,5.198,34.653
2030,sc01,06-29 18:00:00+01:00,0.345,82.829,13.805,55.219,82.829,27.61,34.512,5.177,34.512
2030,sc01,06-29 19:00:00+01:00,0.34,81.632,13.605,54.422,81.632,27.211,34.014,5.102,34.014
2030,sc01,06-29 20:00:00+01:00,0.333,79.989,13.332,53.326,79.989,26.663,33.329,4.999,33.329
2030,sc01,06-29 21:00:00+01:00,0.324,77.865,12.977,51.91,77.865,25.955,32.444,4.867,32.444
2030,sc01,06-29 22:00:00+01:00,0.31,74.285,12.381,49.523,74.285,24.762,30.952,4.643,30.952
2030,sc01,06-29 23:00:00+01:00,0.293,70.3,11.717,46.866,70.3,23.433,29.292,4.394,29.292
2030,sc01,06-30 00:00:00+01:00,0.3,72.0,12.0,48.0,72.0,24.0,30.0,4.5,30.0
2030,sc01,06-30 01:00:00+01:00,0.287,68.938,11.49,45.959,68.938,22.979,28.724,4.309,28.724
2030,sc01,06-30 02:00:00+01:00,0.275,66.104,11.017,44.069,66.104,22.035,27.543,4.131,27.543
2030,sc01,06-30 03:00:00+01:00,0.267,64.133,10.689,42.755,64.133,21.378,26.722,4.008,26.722
2030,sc01,06-30 04:00:00+01:00,0.261,62.6,10.433,41.734,62.6,20.867,26.083,3.913,26.083
2030,sc01,06-30 05:00:00+01:00,0.259,62.263,10.377,41.509,62.263,20.754,25.943,3.891,25.943
2030,sc01,06-30 06:00:00+01:00,0.259,62.151,10.358,41.434,62.151,20.717,25.896,3.884,25.896
2030,sc01,06-30 07:00:00+01:00,0.262,62.822,10.47,41.881,62.822,20.941,26.176,3.926,26.176
2030,sc01,06-30 08:00:00+01:00,0.269,64.66,10.777,43.107,64.66,21.553,26.942,4.041,26.942
2030,sc01,06-30 09:00:00+01:00,0.284,68.123,11.354,45.416,68.123,22.708,28.385,4.258,28.385
2030,sc01,06-30 10:00:00+01:00,0.295,70.722,11.787,47.148,70.722,23.574,29.467,4.42,29.467
2030,sc01,06-30 11:00:00+01:00,0.303,72.64,12.107,48.427,72.64,24.213,30.267,4.54,30.267
2030,sc01,06-30 12:00:00+01:00,0.302,72.439,12.073,48.293,72.439,24.146,30.183,4.527,30.183
2030,sc01,06-30 13:00:00+01:00,0.302,72.397,12.066,48.265,72.397,24.132,30.166,4.525,30.166
2030,sc01,06-30 14:00:00+01:00,0.306,73.555,12.259,49.037,73.555,24.518,30.648,4.597,30.648
2030,sc01,06-30 15:00:00+01:00,0.321,76.922,12.82,51.281,76.922,25.641,32.051,4.808,32.051
2030,sc01,06-30 16:00:00+01:00,0.337,80.946,13.491,53.964,80.946,26.982,33.728,5.059,33.728
2030,sc01,06-30 17:00:00+01:00,0.347,83.166,13.861,55.444,83.166,27.722,34.653,5.198,34.653
2030,sc01,06-30 18:00:00+01:00,0.345,82.829,13.805,55.219,82.829,27.61,34.512,5.177,34.512
2030,sc01,06-30 19:00:00+01:00,0.34,81.632,13.605,54.422,81.632,27.211,34.014,5.102,34.014
2030,sc01,06-30 20:00:00+01:00,0.333,79.989,13.332,53.326,79.989,26.663,33.329,4.999,33.329
2030,sc01,06-30 21:00:00+01:00,0.324,77.865,12.977,51.91,77.865,25.955,32.444,4.867,32.444
2030,sc01,06-30 22:00:00+01:00,0.31,74.285,12.381,49.523,74.285,24.762,30.952,4.643,30.952
2030,sc01,06-30 23:00:00+01:00,0.293,70.3,11.717,46.866,70.3,23.433,29.292,4.394,29.292
2030,sc01,07-01 00:00:00+01:00,0.3,72.0,12.0,48.0,72.0,24.0,30.0,4.5,30.0
2030,sc01,07-01 01:00:00+01:00,0.287,68.938,11.49,45.959,68.938,22.979,28.724,4.309,28.724
2030,sc01,07-01 02:00:00+01:00,0.275,66.104,11.017,44.069,66.104,22.035,27.543,4.131,27.543
2030,sc01,07-01 03:00:00+01:00,0.267,64.133,10.689,42.755,64.133,21.378,26.722,4.008,26.722
2030,sc01,07-01 04:00:00+01:00,0.261,62.6,10.433,41.734,62.6,20.867,26.083,3.913,26.083
2030,sc01,07-01 05:00:00+01:00,0.259,62.263,10.377,41.509,62.263,20.754,25.943,3.891,25.943
2030,sc01,07-01 06:00:00+01:00,0.259,62.151,10.358,41.434,62.151,20.717,25.896,3.884,25.896
2030,sc01,07-01 07:00:00+01:00,0.262,62.822,10.47,41.881,62.822,20.941,26.176,3.926,26.176
2030,sc01,07-01 08:00:00+01:00,0.269,64.66,10.777,43.107,64.66,21.553,26.942,4.041,26.942
2030,sc01,07-01 09:00:00+01:00,0.284,68.123,11.354,45.416,68.123,22.708,28.385,4.258,28.385
2030,sc01,07-01 10:00:00+01:00,0.295,70.722,11.787,47.148,70.722,23.574,29.467,4.42,29.467
2030,sc01,07-01 11:00:00+01:00,0.303,72.64,12.107,48.427,72.64,24.213,30.267,4.54,30.267
2030,sc01,07-01 12:00:00+01:00,0.302,72.439,12.073,48.293,72.439,24.146,30.183,4.527,30.183
2030,sc01,07-01 13:00:00+01:00,0.302,72.397,12.066,48.265,72.397,24.132,30.166,4.525,30.166
2030,sc01,07-01 14:00:00+01:00,0.306,73.555,12.259,49.037,73.555,24.518,30.648,4.597,30.648
2030,sc01,07-01 15:00:00+01:00,0.321,76.922,12.82,51.281,76.922,25.641,32.051,4.808,32.051
2030,sc01,07-01 16:00:00+01:00,0.337,80.946,13.491,53.964,80.946,26.982,33.728,5.059,33.728
2030,sc01,07-01 17:00:00+01:00,0.347,83.166,13.861,55.444,83.166,27.722,34.653,5.198,34.653
2030,sc01,07-01 18:00:00+01:00,0.345,82.829,13.805,55.219,82.829,27.61,34.512,5.177,34.512
2030,sc01,07-01 19:00:00+01:00,0.34,81.632,13.605,54.422,81.632,27.211,34.014,5.102,34.014
2030,sc01,07-01 20:00:00+01:00,0.333,79.989,13.332,53.326,79.989,26.663,33.329,4.999,33.329
2030,sc01,07-01 21:00:00+01:00,0.324,77.865,12.977,51.91,77.865,25.955,32.444,4.867,32.444
2030,sc01,07-01 22:00:00+01:00,0.31,74.285,12.381,49.523,74.285,24.762,30.952,4.643,30.952
2030,sc01,07-01 23:00:00+01:00,0.293,70.3,11.717,46.866,70.3,23.433,29.292,4.394,29.292
2030,sc01,07-02 00:00:00+01:00,0.3,72.0,12.0,48.0,72.0,24.0,30.0,4.5,30.0
2030,sc01,07-02 01:00:00+01:00,0.287,68.938,11.49,45.959,68.938,22.979,28.724,4.309,28.724
2030,sc01,07-02 02:00:00+01:00,0.275,66.104,11.017,44.069,66.104,22.035,27.543,4.131,27.543
2030,sc01,07-02 03:00:00+01:00,0.267,64.133,10.689,42.755,64.133,21.378,26.722,4.008,26.722
2030,sc01,07-02 04:00:00+01:00,0.261,62.6,10.433,41.734,62.6,20.867,26.083,3.913,26.083
2030,sc01,07-02 05:00:00+01:00,0.259,62.263,10.377,41.509,62.263,20.754,25.943,3.891,25.943
2030,sc01,07-02 06:00:00+01:00,0.259,62.151,10.358,41.434,62.151,20.717,25.896,3.884,25.896
2030,sc01,07-02 07:00:00+01:00,0.262,62.822,10.47,41.881,62.822,20.941,26.176,3.926,26.176
2030,sc01,07-02 08:00:00+01:00,0.269,64.66,10.777,43.107,64.66,21.553,26.942,4.041,26.942
2030,sc01,07-02 09:00:00+01:00,0.284,68.123,11.354,45.416,68.123,22.708,28.385,4.258,28.385
2030,sc01,07-02 10:00:00+01:00,0.295,70.722,11.787,47.148,70.722,23.574,29.467,4.42,29.467
2030,sc01,07-02 11:00:00+01:00,0.303,72.64,12.107,48.427,72.64,24.213,30.267,4.54,30.267
2030,sc01,07-02 12:00:00+01:00,0.302,72.439,12.073,48.293,72.439,24.146,30.183,4.527,30.183
2030,sc01,07-02 13:00:00+01:00,0.302,72.397,12.066,48.265,72.397,24.132,30.166,4.525,30.166
2030,sc01,07-02 14:00:00+01:00,0.306,73.555,12.259,49.037,73.555,24.518,30.648,4.597,30.648
2030,sc01,07-02 15:00:00+01:00,0.321,76.922,12.82,51.281,76.922,25.641,32.051,4.808,32.051
2030,sc01,07-02 16:00:00+01:00,0.337,80.946,13.491,53.964,80.946,26.982,33.728,5.059,33.728
2030,sc01,07-02 17:00:00+01:00,0.347,83.166,13.861,55.444,83.166,27.722,34.653,5.198,34.653
2030,sc01,07-02 18:00:00+01:00,0.345,82.829,13.805,55.219,82.829,27.61,34.512,5.177,34.512
2030,sc01,07-02 19:00:00+01:00,0.34,81.632,13.605,54.422,81.632,27.211,34.014,5.102,34.014
2030,sc01,07-02 20:00:00+01:00,0.333,79.989,13.332,53.326,79.989,26.663,33.329,4.999,33.329
2030,sc01,07-02 21:00:00+01:00,0.324,77.865,12.977,51.91,77.865,25.955,32.444,4.867,32.444
2030,sc01,07-02 22:00:00+01:00,0.31,74.285,12.381,49.523,74.285,24.762,30.952,4.643,30.952
2030,sc01,07-02 23:00:00+01:00,0.293,70.3,11.717,46.866,70.3,23.433,29.292,4.394,29.292
2030,sc01,07-03 00:00:00+01:00,0.3,72.0,12.0,48.0,72.0,24.0,30.0,4.5,30.0
2030,sc01,07-03 01:00:00+01:00,0.287,68.938,11.49,45.959,68.938,22.979,28.724,4.309,28.724
2030,sc01,07-03 02:00:00+01:00,0.275,66.104,11.017,44.069,66.104,22.035,27.543,4.131,27.543
2030,sc01,07-03 03:00:00+01:00,0.267,64.133,10.689,42.755,64.133,21.378,26.722,4.008,26.722
2030,sc01,07-03 04:00:00+01:00,0.261,62.6,10.433,41.734,62.6,20.867,26.083,3.913,26.083
2030,sc01,07-03 05:00:00+01:00,0.259,62.263,10.377,41.509,62.263,20.754,25.943,3.891,25.943
2030,sc01,07-03 06:00:00+01:00,0.259,62.151,10.358,41.434,62.151,20.717,25.896,3.884,25.896
2030,sc01,07-03 07:00:00+01:00,0.262,62.822,10.47,41.881,62.822,20.941,26.176,3.926,26.176
2030,sc01,07-03 08:00:00+01:00,0.269,64.66,10.777,43.107,64.66,21.553,26.942,4.041,26.942
2030,sc01,07-03 09:00:00+01:00,0.284,68.123,11.354,45.416,68.123,22.708,28.385,4.258,28.385
2030,sc01,07-03 10:00:00+01:00,0.295,70.722,11.787,47.148,70.722,23.574,29.467,4.42,29.467
2030,sc01,07-03 11:00:00+01:00,0.303,72.64,12.107,48.427,72.64,24.213,30.267,4.54,30.267
2030,sc01,07-03 12:00:00+01:00,0.302,72.439,12.073,48.293,72.439,24.146,30.183,4.527,30.183
2030,sc01,07-03 13:00:00+01:00,0.302,72.397,12.066,48.265,72.397,24.132,30.166,4.525,30.166
2030,sc01,07-03 14:00:00+01:00,0.306,73.555,12.259,49.037,73.555,24.518,30.648,4.597,30.648
2030,sc01,07-03 15:00:00+01:00,0.321,76.922,12.82,51.281,76.922,25.641,32.051,4.808,32.051
2030,sc01,07-03 16:00:00+01:00,0.337,80.946,13.491,53.964,80.946,26.982,33.728,5.059,33.728
2030,sc01,07-03 17:00:00+01:00,0.347,83.166,13.861,55.444,83.166,27.722,34.653,5.198,34.653
2030,sc01,07-03 18:00:00+01:00,0.345,82.829,13.805,55.219,82.829,27.61,34.512,5.177,34.512
2030,sc01,07-03 19:00:00+01:00,0.34,81.632,13.605,54.422,81.632,27.211,34.014,5.102,34.014
2030,sc01,07-03 20:00:00+01:00,0.333,79.989,13.332,53.326,79.989,26.663,33.329,4.999,33.329
2030,sc01,07-03 21:00:00+01:00,0.324,77.865,12.977,51.91,77.865,25.955,32.444,4.867,32.444
2030,sc01,07-03 22:00:00+01:00,0.31,74.285,12.381,49.523,74.285,24.762,30.952,4.643,30.952
2030,sc01,07-03 23:00:00+01:00,0.293,70.3,11.717,46.866,70.3,23.433,29.292,4.394,29.292
2030,sc01,07-04 00:00:00+01:00,0.3,72.0,12.0,48.0,72.0,24.0,30.0,4.5,30.0
2030,sc01,07-04 01:00:00+01:00,0.287,68.938,11.49,45.959,68.938,22.979,28.724,4.309,28.724
2030,sc01,07-04 02:00:00+01:00,0.275,66.104,11.017,44.069,66.104,22.035,27.543,4.131,27.543
2030,sc01,07-04 03:00:00+01:00,0.267,64.133,10.689,42.755,64.133,21.378,26.722,4.008,26.722
2030,sc01,07-04 04:00:00+01:00,0.261,62.6,10.433,41.734,62.6,20.867,26.083,3.913,26.083
2030,sc01,07-04 05:00:00+01:00,0.259,62.263,10.377,41.509,62.263,20.754,25.943,3.891,25.943
2030,sc01,07-04 06:00:00+01:00,0.259,62.151,10.358,41.434,62.151,20.717,25.896,3.884,25.896
2030,sc01,07-04 07:00:00+01:00,0.262,62.822,10.47,41.881,62.822,20.941,26.176,3.926,26.176
2030,sc01,07-04 08:00:00+01:00,0.269,64.66,10.777,43.107,64.66,21.553,26.942,4.041,26.942
2030,sc01,07-04 09:00:00+01:00,0.284,68.123,11.354,45.416,68.123,22.708,28.385,4.258,28.385
2030,sc01,07-04 10:00:00+01:00,0.295,70.722,11.787,47.148,70.722,23.574,29.467,4.42,29.467
2030,sc01,07-04 11:00:00+01:00,0.303,72.64,12.107,48.427,72.64,24.213,30.267,4.54,30.267
2030,sc01,07-04 12:00:00+01:00,0.302,72.439,12.073,48.293,72.439,24.146,30.183,4.527,30.183
2030,sc01,07-04 13:00:00+01:00,0.302,72.397,12.066,48.265,72.397,24.132,30.166,4.525,30.166
2030,sc01,07-04 14:00:00+01:00,0.306,73.555,12.259,49.037,73.555,24.518,30.648,4.597,30.648
2030,sc01,07-04 15:00:00+01:00,0.321,76.922,12.82,51.281,76.922,25.641,32.051,4.808,32.051
2030,sc01,07-04 16:00:00+01:00,0.337,80.946,13.491,53.964,80.946,26.982,33.728,5.059,33.728
2030,sc01,07-04 17:00:00+01:00,0.347,83.166,13.861,55.444,83.166,27.722,34.653,5.198,34.653
2030,sc01,07-04 18:00:00+01:00,0.345,82.829,13.805,55.219,82.829,27.61,34.512,5.177,34.512
2030,sc01,07-04 19:00:00+01:00,0.34,81.632,13.605,54.422,81.632,27.211,34.014,5.102,34.014
2030,sc01,07-04 20:00:00+01:00,0.333,79.989,13.332,53.326,79.989,26.663,33.329,4.999,33.329
2030,sc01,07-04 21:00:00+01:00,0.324,77.865,12.977,51.91,77.865,25.955,32.444,4.867,32.444
2030,sc01,07-04 22:00:00+01:00,0.31,74.285,12.381,49.523,74.285,24.762,30.952,4.643,30.952
2030,sc01,07-04 23:00:00+01:00,0.293,70.3,11.717,46.866,70.3,23.433,29.292,4.394,29.292
2030,sc01,07-05 00:00:00+01:00,0.3,72.0,12.0,48.0,72.0,24.0,30.0,4.5,30.0
2030,sc01,07-05 01:00:00+01:00,0.287,68.938,11.49,45.959,68.938,22.979,28.724,4.309,28.724
2030,sc01,07-05 02:00:00+01:00,0.275,66.104,11.017,44.069,66.104,22.035,27.543,4.131,27.543
2030,sc01,07-05 03:00:00+01:00,0.267,64.133,10.689,42.755,64.133,21.378,26.722,4.008,26.722
2030,sc01,07-05 04:00:00+01:00,0.261,62.6,10.433,41.734,62.6,20.867,26.083,3.913,26.083
2030,sc01,07-05 05:00:00+01:00,0.259,62.263,10.377,41.509,62.263,20.754,25.943,3.891,25.943
2030,sc01,07-05 06:00:00+01:00,0.259,62.151,10.358,41.434,62.151,20.717,25.896,3.884,25.896
2030,sc01,07-05 07:00:00+01:00,0.262,62.822,10.47,41.881,62.822,20.941,26.176,3.926,26.176
2030,sc01,07-05 08:00:00+01:00,0.269,64.66,10.777,43.107,64.66,21.553,26.942,4.041,26.942
2030,sc01,07-05 09:00:00+01:00,0.284,68.123,11.354,45.416,68.123,22.708,28.385,4.258,28.385
2030,sc01,07-05 10:00:00+01:00,0.295,70.722,11.787,47.148,70.722,23.574,29.467,4.42,29.467
2030,sc01,07-05 11:00:00+01:00,0.303,72.64,12.107,48.427,72.64,24.213,30.267,4.54,30.267
2030,sc01,07-05 12:00:00+01:00,0.302,72.439,12.073,48.293,72.439,24.146,30.183,4.527,30.183
2030,sc01,07-05 13:00:00+01:00,0.302,72.397,12.066,48.265,72.397,24.132,30.166,4.525,30.166
2030,sc01,07-05 14:00:00+01:00,0.306,73.555,12.259,49.037,73.555,24.518,30.648,4.597,30.648
2030,sc01,07-05 15:00:00+01:00,0.321,76.922,12.82,51.281,76.922,25.641,32.051,4.808,32.051
2030,sc01,07-05 16:00:00+01:00,0.337,80.946,13.491,53.964,80.946,26.982,33.728,5.059,33.728
2030,sc01,07-05 17:00:00+01:00,0.347,83.166,13.861,55.444,83.166,27.722,34.653,5.198,34.653
2030,sc01,07-05 18:00:00+01:00,0.345,82.829,13.805,55.219,82.829,27.61,34.512,5.177,34.512
2030,sc01,07-05 19:00:00+01:00,0.34,81.632,13.605,54.422,81.632,27.211,34.014,5.102,34.014
2030,sc01,07-05 20:00:00+01:00,0.333,79.989,13.332,53.326,79.989,26.663,33.329,4.999,33.329
2030,sc01,07-05 21:00:00+01:00,0.324,77.865,12.977,51.91,77.865,25.955,32.444,4.867,32.444
2030,sc01,07-05 22:00:00+01:00,0.31,74.285,12.381,49.523,74.285,24.762,30.952,4.643,30.952
2030,sc01,07-05 23:00:00+01:00,0.293,70.3,11.717,46.866,70.3,23.433,29.292,4.394,29.292
2030,sc01,07-06 00:00:00+01:00,0.3,72.0,12.0,48.0,72.0,24.0,30.0,4.5,30.0
2030,sc01,07-06 01:00:00+01:00,0.287,68.938,11.49,45.959,68.938,22.979,28.724,4.309,28.724
2030,sc01,07-06 02:00:00+01:00,0.275,66.104,11.017,44.069,66.104,22.035,27.543,4.131,27.543
2030,sc01,07-06 03:00:00+01:00,0.267,64.133,10.689,42.755,64.133,21.378,26.722,4.008,26.722
2030,sc01,07-06 04:00:00+01:00,0.261,62.6,10.433,41.734,62.6,20.867,26.083,3.913,26.083
2030,sc01,07-06 05:00:00+01:00,0.259,62.263,10.377,41.509,62.263,20.754,25.943,3.891,25.943
2030,sc01,07-06 06:00:00+01:00,0.259,62.151,10.358,41.434,62.151,20.717,25.896,3.884,25.896
2030,sc01,07-06 07:00:00+01:00,0.262,62.822,10.47,41.881,62.822,20.941,26.176,3.926,26.176
2030,sc01,07-06 08:00:00+01:00,0.269,64.66,10.777,43.107,64.66,21.553,26.942,4.041,26.942
2030,sc01,07-06 09:00:00+01:00,0.284,68.123,11.354,45.416,68.123,22.708,28.385,4.258,28.385
2030,sc01,07-06 10:00:00+01:00,0.295,70.722,11.787,47.148,70.722,23.574,29.467,4.42,29.467
2030,sc01,07-06 11:00:00+01:00,0.303,72.64,12.107,48.427,72.64,24.213,30.267,4.54,30.267
2030,sc01,07-06 12:00:00+01:00,0.302,72.439,12.073,48.293,72.439,24.146,30.183,4.527,30.183
2030,sc01,07-06 13:00:00+01:00,0.302,72.397,12.066,48.265,72.397,24.132,30.166,4.525,30.166
2030,sc01,07-06 14:00:00+01:00,0.306,73.555,12.259,49.037,73.555,24.518,30.648,4.597,30.648
2030,sc01,07-06 15:00:00+01:00,0.321,76.922,12.82,51.281,76.922,25.641,32.051,4.808,32.051
2030,sc01,07-06 16:00:00+01:00,0.337,80.946,13.491,53.964,80.946,26.982,33.728,5.059,33.728
2030,sc01,07-06 17:00:00+01:00,0.347,83.166,13.861,55.444,83.166,27.722,34.653,5.198,34.653
2030,sc01,07-06 18:00:00+01:00,0.345,82.829,13.805,55.219,82.829,27.61,34.512,5.177,34.512
2030,sc01,07-06 19:00:00+01:00,0.34,81.632,13.605,54.422,81.632,27.211,34.014,5.102,34.014
2030,sc01,07-06 20:00:00+01:00,0.333,79.989,13.332,53.326,79.989,26.663,33.329,4.999,33.329
2030,sc01,07-06 21:00:00+01:00,0.324,77.865,12.977,51.91,77.865,25.955,32.444,4.867,32.444
2030,sc01,07-06 22:00:00+01:00,0.31,74.285,12.381,49.523,74.285,24.762,30.952,4.643,30.952
2030,sc01,07-06 23:00:00+01:00,0.293,70.3,11.717,46.866,70.3,23.433,29.292,4.394,29.292
2030,sc01,07-07 00:00:00+01:00,0.3,72.0,12.0,48.0,72.0,24.0,30.0,4.5,30.0
2030,sc01,07-07 01:00:00+01:00,0.287,68.938,11.49,45.959,68.938,22.979,28.724,4.309,28.724
2030,sc01,07-07 02:00:00+01:00,0.275,66.104,11.017,44.069,66.104,22.035,27.543,4.131,27.543
2030,sc01,07-07 03:00:00+01:00,0.267,64.133,10.689,42.755,64.133,21.378,26.722,4.008,26.722
2030,sc01,07-07 04:00:00+01:00,0.261,62.6,10.433,41.734,62.6,20.867,26.083,3.913,26.083
2030,sc01,07-07 05:00:00+01:00,0.259,62.263,10.377,41.509,62.263,20.754,25.943,3.891,25.943
2030,sc01,07-07 06:00:00+01:00,0.259,62.151,10.358,41.434,62.151,20.717,25.896,3.884,25.896
2030,sc01,07-07 07:00:00+01:00,0.262,62.822,10.47,41.881,62.822,20.941,26.176,3.926,26.176
2030,sc01,07-07 08:00:00+01:00,0.269,64.66,10.777,43.107,64.66,21.553,26.942,4.041,26.942
2030,sc01,07-07 09:00:00+01:00,0.284,68.123,11.354,45.416,68.123,22.708,28.385,4.258,28.385
2030,sc01,07-07 10:00:00+01:00,0.295,70.722,11.787,47.148,70.722,23.574,29.467,4.42,29.467
2030,sc01,07-07 11:00:00+01:00,0.303,72.64,12.107,48.427,72.64,24.213,30.267,4.54,30.267
2030,sc01,07-07 12:00:00+01:00,0.302,72.439,12.073,48.293,72.439,24.146,30.183,4.527,30.183
2030,sc01,07-07 13:00:00+01:00,0.302,72.397,12.066,48.265,72.397,24.132,30.166,4.525,30.166
2030,sc01,07-07 14:00:00+01:00,0.306,73.555,12.259,49.037,73.555,24.518,30.648,4.597,30.648
2030,sc01,07-07 15:00:00+01:00,0.321,76.922,12.82,51.281,76.922,25.641,32.051,4.808,32.051
2030,sc01,07-07 16:00:00+01:00,0.337,80.946,13.491,53.964,80.946,26.982,33.728,5.059,33.728
2030,sc01,07-07 17:00:00+01:00,0.347,83.166,13.861,55.444,83.166,27.722,34.653,5.198,34.653
2030,sc01,07-07 18:00:00+01:00,0.345,82.829,13.805,55.219,82.829,27.61,34.512,5.177,34.512
2030,sc01,07-07 19:00:00+01:00,0.34,81.632,13.605,54.422,81.632,27.211,34.014,5.102,34.014
2030,sc01,07-07 20:00:00+01:00,0.333,79.989,13.332,53.326,79.989,26.663,33.329,4.999,33.329
2030,sc01,07-07 21:00:00+01:00,0.324,77.865,12.977,51.91,77.865,25.955,32.444,4.867,32.444
2030,sc01,07-07 22:00:00+01:00,0.31,74.285,12.381,49.523,74.285,24.762,30.952,4.643,30.952
2030,sc01,07-07 23:00:00+01:00,0.293,70.3,11.717,46.866,70.3,23.433,29.292,4.394,29.292
2030,sc01,07-08 00:00:00+01:00,0.3,72.0,12.0,48.0,72.0,24.0,30.0,4.5,30.0
2030,sc01,07-08 01:00:00+01:00,0.287,68.938,11.49,45.959,68.938,22.979,28.724,4.309,28.724
2030,sc01,07-08 02:00:00+01:00,0.275,66.104,11.017,44.069,66.104,22.035,27.543,4.131,27.543
2030,sc01,07-08 03:00:00+01:00,0.267,64.133,10.689,42.755,64.133,21.378,26.722,4.008,26.722
2030,sc01,07-08 04:00:00+01:00,0.261,62.6,10.433,41.734,62.6,20.867,26.083,3.913,26.083
2030,sc01,07-08 05:00:00+01:00,0.259,62.263,10.377,41.509,62.263,20.754,25.943,3.891,25.943
2030,sc01,07-08 06:00:00+01:00,0.259,62.151,10.358,41.434,62.151,20.717,25.896,3.884,25.896
2030,sc01,07-08 07:00:00+01:00,0.262,62.822,10.47,41.881,62.822,20.941,26.176,3.926,26.176
2030,sc01,07-08 08:00:00+01:00,0.269,64.66,10.777,43.107,64.66,21.553,26.942,4.041,26.942
2030,sc01,07-08 09:00:00+01:00,0.284,68.123,11.354,45.416,68.123,22.708,28.385,4.258,28.385
2030,sc01,07-08 10:00:00+01:00,0.295,70.722,11.787,47.148,70.722,23.574,29.467,4.42,29.467
2030,sc01,07-08 11:00:00+01:00,0.303,72.64,12.107,48.427,72.64,24.213,30.267,4.54,30.267
2030,sc01,07-08 12:00:00+01:00,0.302,72.439,12.073,48.293,72.439,24.146,30.183,4.527,30.183
2030,sc01,07-08 13:00:00+01:00,0.302,72.397,12.066,48.265,72.397,24.132,30.166,4.525,30.166
2030,sc01,07-08 14:00:00+01:00,0.306,73.555,12.259,49.037,73.555,24.518,30.648,4.597,30.648
2030,sc01,07-08 15:00:00+01:00,0.321,76.922,12.82,51.281,76.922,25.641,32.051,4.808,32.051
2030,sc01,07-08 16:00:00+01:00,0.337,80.946,13.491,53.964,80.946,26.982,33.728,5.059,33.728
2030,sc01,07-08 17:00:00+01:00,0.347,83.166,13.861,55.444,83.166,27.722,34.653,5.198,34.653
2030,sc01,07-08 18:00:00+01:00,0.345,82.829,13.805,55.219,82.829,27.61,34.512,5.177,34.512
2030,sc01,07-08 19:00:00+01:00,0.34,81.632,13.605,54.422,81.632,27.211,34.014,5.102,34.014
2030,sc01,07-08 20:00:00+01:00,0.333,79.989,13.332,53.326,79.989,26.663,33.329,4.999,33.329
2030,sc01,07-08 21:00:00+01:00,0.324,77.865,12.977,51.91,77.865,25.955,32.444,4.867,32.444
2030,sc01,07-08 22:00:00+01:00,0.31,74.285,12.381,49.523,74.285,24.762,30.952,4.643,30.952
2030,sc01,07-08 23:00:00+01:00,0.293,70.3,11.717,46.866,70.3,23.433,29.292,4.394,29.292
2030,sc01,07-09 00:00:00+01:00,0.3,72.0,12.0,48.0,72.0,24.0,30.0,4.5,30.0
2030,sc01,07-09 01:00:00+01:00,0.287,68.938,11.49,45.959,68.938,22.979,28.724,4.309,28.724
2030,sc01,07-09 02:00:00+01:00,0.275,66.104,11.017,44.069,66.104,22.035,27.543,4.131,27.543
2030,sc01,07-09 03:00:00+01:00,0.267,64.133,10.689,42.755,64.133,21.378,26.722,4.008,26.722
2030,sc01,07-09 04:00:00+01:00,0.261,62.6,10.433,41.734,62.6,20.867,26.083,3.913,26.083
2030,sc01,07-09 05:00:00+01:00,0.259,62.263,10.377,41.509,62.263,20.754,25.943,3.891,25.943
2030,sc01,07-09 06:00:00+01:00,0.259,62.151,10.358,41.434,62.151,20.717,25.896,3.884,25.896
2030,sc01,07-09 07:00:00+01:00,0.262,62.822,10.47,41.881,62.822,20.941,26.176,3.926,26.176
2030,sc01,07-09 08:00:00+01:00,0.269,64.66,10.777,43.107,64.66,21.553,26.942,4.041,26.942
2030,sc01,07-09 09:00:00+01:00,0.284,68.123,11.354,45.416,68.123,22.708,28.385,4.258,28.385
2030,sc01,07-09 10:00:00+01:00,0.295,70.722,11.787,47.148,70.722,23.574,29.467,4.42,29.467
2030,sc01,07-09 11:00:00+01:00,0.303,72.64,12.107,48.427,72.64,24.213,30.267,4.54,30.267
2030,sc01,07-09 12:00:00+01:00,0.302,72.439,12.073,48.293,72.439,24.146,30.183,4.527,30.183
2030,sc01,07-09 13:00:00+01:00,0.302,72.397,12.066,48.265,72.397,24.132,30.166,4.525,30.166
2030,sc01,07-09 14:00:00+01:00,0.306,73.555,12.259,49.037,73.555,24.518,30.648,4.597,30.648
2030,sc01,07-09 15:00:00+01:00,0.321,76.922,12.82,51.281,76.922,25.641,32.051,4.808,32.051
2030,sc01,07-09 16:00:00+01:00,0.337,80.946,13.491,53.964,80.946,26.982,33.728,5.059,33.728
2030,sc01,07-09 17:00:00+01:00,0.347,83.166,13.861,55.444,83.166,27.722,34.653,5.198,34.653
2030,sc01,07-09 18:00:00+01:00,0.345,82.829,13.805,55.219,82.829,27.61,34.512,5.177,34.512
2030,sc01,07-09 19:00:00+01:00,0.34,81.632,13.605,54.422,81.632,27.211,34.014,5.102,34.014
2030,sc01,07-09 20:00:00+01:00,0.333,79.989,13.332,53.326,79.989,26.663,33.329,4.999,33.329
2030,sc01,07-09 21:00:00+01:00,0.324,77.865,12.977,51.91,77.865,25.955,32.444,4.867,32.444
2030,sc01,07-09 22:00:00+01:00,0.31,74.285,12.381,49.523,74.285,24.762,30.952,4.643,30.952
2030,sc01,07-09 23:00:00+01:00,0.293,70.3,11.717,46.866,70.3,23.433,29.292,4.394,29.292
2030,sc01,07-10 00:00:00+01:00,0.3,72.0,12.0,48.0,72.0,24.0,30.0,4.5,30.0
2030,sc01,07-10 01:00:00+01:00,0.287,68.938,11.49,45.959,68.938,22.979,28.724,4.309,28.724
2030,sc01,07-10 02:00:00+01:00,0.275,66.104,11.017,44.069,66.104,22.035,27.543,4.131,27.543
2030,sc01,07-10 03:00:00+01:00,0.267,64.133,10.689,42.755,64.133,21.378,26.722,4.008,26.722
2030,sc01,07-10 04:00:00+01:00,0.261,62.6,10.433,41.734,62.6,20.867,26.083,3.913,26.083
2030,sc01,07-10 05:00:00+01:00,0.259,62.263,10.377,41.509,62.263,20.754,25.943,3.891,25.943
2030,sc01,07-10 06:00:00+01:00,0.259,62.151,10.358,41.434,62.151,20.717,25.896,3.884,25.896
2030,sc01,07-10 07:00:00+01:00,0.262,62.822,10.47,41.881,62.822,20.941,26.176,3.926,26.176
2030,sc01,07-10 08:00:00+01:00,0.269,64.66,10.777,43.107,64.66,21.553,26.942,4.041,26.942
2030,sc01,07-10 09:00:00+01:00,0.284,68.123,11.354,45.416,68.123,22.708,28.385,4.258,28.385
2030,sc01,07-10 10:00:00+01:00,0.295,70.722,11.787,47.148,70.722,23.574,29.467,4.42,29.467
2030,sc01,07-10 11:00:00+01:00,0.303,72.64,12.107,48.427,72.64,24.213,30.267,4.54,30.267
2030,sc01,07-10 12:00:00+01:00,0.302,72.439,12.073,48.293,72.439,24.146,30.183,4.527,30.183
2030,sc01,07-10 13:00:00+01:00,0.302,72.397,12.066,48.265,72.397,24.132,30.166,4.525,30.166
2030,sc01,07-10 14:00:00+01:00,0.306,73.555,12.259,49.037,73.555,24.518,30.648,4.597,30.648
2030,sc01,07-10 15:00:00+01:00,0.321,76.922,12.82,51.281,76.922,25.641,32.051,4.808,32.051
2030,sc01,07-10 16:00:00+01:00,0.337,80.946,13.491,53.964,80.946,26.982,33.728,5.059,33.728
2030,sc01,07-10 17:00:00+01:00,0.347,83.166,13.861,55.444,83.166,27.722,34.653,5.198,34.653
2030,sc01,07-10 18:00:00+01:00,0.345,82.829,13.805,55.219,82.829,27.61,34.512,5.177,34.512
2030,sc01,07-10 19:00:00+01:00,0.34,81.632,13.605,54.422,81.632,27.211,34.014,5.102,34.014
2030,sc01,07-10 20:00:00+01:00,0.333,79.989,13.332,53.326,79.989,26.663,33.329,4.999,33.329
2030,sc01,07-10 21:00:00+01:00,0.324,77.865,12.977,51.91,77.865,25.955,32.444,4.867,32.444
2030,sc01,07-10 22:00:00+01:00,0.31,74.285,12.381,49.523,74.285,24.762,30.952,4.643,30.952
2030,sc01,07-10 23:00:00+01:00,0.293,70.3,11.717,46.866,70.3,23.433,29.292,4.394,29.292
2030,sc01,07-11 00:00:00+01:00,0.3,72.0,12.0,48.0,72.0,24.0,30.0,4.5,30.0
2030,sc01,07-11 01:00:00+01:00,0.287,68.938,11.49,45.959,68.938,22.979,28.724,4.309,28.724
2030,sc01,07-11 02:00:00+01:00,0.275,66.104,11.017,44.069,66.104,22.035,27.543,4.131,27.543
2030,sc01,07-11 03:00:00+01:00,0.267,64.133,10.689,42.755,64.133,21.378,26.722,4.008,26.722
2030,sc01,07-11 04:00:00+01:00,0.261,62.6,10.433,41.734,62.6,20.867,26.083,3.913,26.083
2030,sc01,07-11 05:00:00+01:00,0.259,62.263,10.377,41.509,62.263,20.754,25.943,3.891,25.943
2030,sc01,07-11 06:00:00+01:00,0.259,62.151,10.358,41.434,62.151,20.717,25.896,3.884,25.896
2030,sc01,07-11 07:00:00+01:00,0.262,62.822,10.47,41.881,62.822,20.941,26.176,3.926,26.176
2030,sc01,07-11 08:00:00+01:00,0.269,64.66,10.777,43.107,64.66,21.553,26.942,4.041,26.942
2030,sc01,07-11 09:00:00+01:00,0.284,68.123,11.354,45.416,68.123,22.708,28.385,4.258,28.385
2030,sc01,07-11 10:00:00+01:00,0.295,70.722,11.787,47.148,70.722,23.574,29.467,4.42,29.467
2030,sc01,07-11 11:00:00+01:00,0.303,72.64,12.107,48.427,72.64,24.213,30.267,4.54,30.267
2030,sc01,07-11 12:00:00+01:00,0.302,72.439,12.073,48.293,72.439,24.146,30.183,4.527,30.183
2030,sc01,07-11 13:00:00+01:00,0.302,72.397,12.066,48.265,72.397,24.132,30.166,4.525,30.166
2030,sc01,07-11 14:00:00+01:00,0.306,73.555,12.259,49.037,73.555,24.518,30.648,4.597,30.648
2030,sc01,07-11 15:00:00+01:00,0.321,76.922,12.82,51.281,76.922,25.641,32.051,4.808,32.051
2030,sc01,07-11 16:00:00+01:00,0.337,80.946,13.491,53.964,80.946,26.982,33.728,5.059,33.728
2030,sc01,07-11 17:00:00+01:00,0.347,83.166,13.861,55.444,83.166,27.722,34.653,5.198,34.653
2030,sc01,07-11 18:00:00+01:00,0.345,82.829,13.805,55.219,82.829,27.61,34.512,5.177,34.512
2030,sc01,07-11 19:00:00+01:00,0.34,81.632,13.605,54.422,81.632,27.211,34.014,5.102,34.014
2030,sc01,07-11 20:00:00+01:00,0.333,79.989,13.332,53.326,79.989,26.663,33.329,4.999,33.329
2030,sc01,07-11 21:00:00+01:00,0.324,77.865,12.977,51.91,77.865,25.955,32.444,4.867,32.444
2030,sc01,07-11 22:00:00+01:00,0.31,74.285,12.381,49.523,74.285,24.762,30.952,4.643,30.952
2030,sc01,07-11 23:00:00+01:00,0.293,70.3,11.717,46.866,70.3,23.433,29.292,4.394,29.292
2030,sc01,07-12 00:00:00+01:00,0.3,72.0,12.0,48.0,72.0,24.0,30.0,4.5,30.0
2030,sc01,07-12 01:00:00+01:00,0.287,68.938,11.49,45.959,68.938,22.979,28.724,4.309,28.724
2030,sc01,07-12 02:00:00+01:00,0.275,66.104,11.017,44.069,66.104,22.035,27.543,4.131,27.543
2030,sc01,07-12 03:00:00+01:00,0.267,64.133,10.689,42.755,64.133,21.378,26.722,4.008,26.722
2030,sc01,07-12 04:00:00+01:00,0.261,62.6,10.433,41.734,62.6,20.867,26.083,3.913,26.083
2030,sc01,07-12 05:00:00+01:00,0.259,62.263,10.377,41.509,62.263,20.754,25.943,3.891,25.943
2030,sc01,07-12 06:00:00+01:00,0.259,62.151,10.358,41.434,62.151,20.717,25.896,3.884,25.896
2030,sc01,07-12 07:00:00+01:00,0.262,62.822,10.47,41.881,62.822,20.941,26.176,3.926,26.176
2030,sc01,07-12 08:00:00+01:00,0.269,64.66,10.777,43.107,64.66,21.553,26.942,4.041,26.942
2030,sc01,07-12 09:00:00+01:00,0.284,68.123,11.354,45.416,68.123,22.708,28.385,4.258,28.385
2030,sc01,07-12 10:00:00+01:00,0.295,70.722,11.787,47.148,70.722,23.574,29.467,4.42,29.467
2030,sc01,07-12 11:00:00+01:00,0.303,72.64,12.107,48.427,72.64,24.213,30.267,4.54,30.267
2030,sc01,07-12 12:00:00+01:00,0.302,72.439,12.073,48.293,72.439,24.146,30.183,4.527,30.183
2030,sc01,07-12 13:00:00+01:00,0.302,72.397,12.066,48.265,72.397,24.132,30.166,4.525,30.166
2030,sc01,07-12 14:00:00+01:00,0.306,73.555,12.259,49.037,73.555,24.518,30.648,4.597,30.648
2030,sc01,07-12 15:00:00+01:00,0.321,76.922,12.82,51.281,76.922,25.641,32.051,4.808,32.051
2030,sc01,07-12 16:00:00+01:00,0.337,80.946,13.491,53.964,80.946,26.982,33.728,5.059,33.728
2030,sc01,07-12 17:00:00+01:00,0.347,83.166,13.861,55.444,83.166,27.722,34.653,5.198,34.653
2030,sc01,07-12 18:00:00+01:00,0.345,82.829,13.805,55.219,82.829,27.61,34.512,5.177,34.512
2030,sc01,07-12 19:00:00+01:00,0.34,81.632,13.605,54.422,81.632,27.211,34.014,5.102,34.014
2030,sc01,07-12 20:00:00+01:00,0.333,79.989,13.332,53.326,79.989,26.663,33.329,4.999,33.329
2030,sc01,07-12 21:00:00+01:00,0.324,77.865,12.977,51.91,77.865,25.955,32.444,4.867,32.444
2030,sc01,07-12 22:00:00+01:00,0.31,74.285,12.381,49.523,74.285,24.762,30.952,4.643,30.952
2030,sc01,07-12 23:00:00+01:00,0.293,70.3,11.717,46.866,70.3,23.433,29.292,4.394,29.292
2030,sc01,07-13 00:00:00+01:00,0.3,72.0,12.0,48.0,72.0,24.0,30.0,4.5,30.0
2030,sc01,07-13 01:00:00+01:00,0.287,68.938,11.49,45.959,68.938,22.979,28.724,4.309,28.724
2030,sc01,07-13 02:00:00+01:00,0.275,66.104,11.017,44.069,66.104,22.035,27.543,4.131,27.543
2030,sc01,07-13 03:00:00+01:00,0.267,64.133,10.689,42.755,64.133,21.378,26.722,4.008,26.722
2030,sc01,07-13 04:00:00+01:00,0.261,62.6,10.433,41.734,62.6,20.867,26.083,3.913,26.083
2030,sc01,07-13 05:00:00+01:00,0.259,62.263,10.377,41.509,62.263,20.754,25.943,3.891,25.943
2030,sc01,07-13 06:00:00+01:00,0.259,62.151,10.358,41.434,62.151,20.717,25.896,3.884,25.896
2030,sc01,07-13 07:00:00+01:00,0.262,62.822,10.47,41.881,62.822,20.941,26.176,3.926,26.176
2030,sc01,07-13 08:00:00+01:00,0.269,64.66,10.777,43.107,64.66,21.553,26.942,4.041,26.942
2030,sc01,07-13 09:00:00+01:00,0.284,68.123,11.354,45.416,68.123,22.708,28.385,4.258,28.385
2030,sc01,07-13 10:00:00+01:00,0.295,70.722,11.787,47.148,70.722,23.574,29.467,4.42,29.467
2030,sc01,07-13 11:00:00+01:00,0.303,72.64,12.107,48.427,72.64,24.213,30.267,4.54,30.267
2030,sc01,07-13 12:00:00+01:00,0.302,72.439,12.073,48.293,72.439,24.146,30.183,4.527,30.183
2030,sc01,07-13 13:00:00+01:00,0.302,72.397,12.066,48.265,72.397,24.132,30.166,4.525,30.166
2030,sc01,07-13 14:00:00+01:00,0.306,73.555,12.259,49.037,73.555,24.518,30.648,4.597,30.648
2030,sc01,07-13 15:00:00+01:00,0.321,76.922,12.82,51.281,76.922,25.641,32.051,4.808,32.051
2030,sc01,07-13 16:00:00+01:00,0.337,80.946,13.491,53.964,80.946,26.982,33.728,5.059,33.728
2030,sc01,07-13 17:00:00+01:00,0.347,83.166,13.861,55.444,83.166,27.722,34.653,5.198,34.653
2030,sc01,07-13 18:00:00+01:00,0.345,82.829,13.805,55.219,82.829,27.61,34.512,5.177,34.512
2030,sc01,07-13 19:00:00+01:00,0.34,81.632,13.605,54.422,81.632,27.211,34.014,5.102,34.014
2030,sc01,07-13 20:00:00+01:00,0.333,79.989,13.332,53.326,79.989,26.663,33.329,4.999,33.329
2030,sc01,07-13 21:00:00+01:00,0.324,77.865,12.977,51.91,77.865,25.955,32.444,4.867,32.444
2030,sc01,07-13 22:00:00+01:00,0.31,74.285,12.381,49.523,74.285,24.762,30.952,4.643,30.952
2030,sc01,07-13 23:00:00+01:00,0.293,70.3,11.717,46.866,70.3,23.433,29.292,4.394,29.292
2030,sc01,07-14 00:00:00+01:00,0.3,72.0,12.0,48.0,72.0,24.0,30.0,4.5,30.0
2030,sc01,07-14 01:00:00+01:00,0.287,68.938,11.49,45.959,68.938,22.979,28.724,4.309,28.724
2030,sc01,07-14 02:00:00+01:00,0.275,66.104,11.017,44.069,66.104,22.035,27.543,4.131,27.543
2030,sc01,07-14 03:00:00+01:00,0.267,64.133,10.689,42.755,64.133,21.378,26.722,4.008,26.722
2030,sc01,07-14 04:00:00+01:00,0.261,62.6,10.433,41.734,62.6,20.867,26.083,3.913,26.083
2030,sc01,07-14 05:00:00+01:00,0.259,62.263,10.377,41.509,62.263,20.754,25.943,3.891,25.943
2030,sc01,07-14 06:00:00+01:00,0.259,62.151,10.358,41.434,62.151,20.717,25.896,3.884,25.896
2030,sc01,07-14 07:00:00+01:00,0.262,62.822,10.47,41.881,62.822,20.941,26.176,3.926,26.176
2030,sc01,07-14 08:00:00+01:00,0.269,64.66,10.777,43.107,64.66,21.553,26.942,4.041,26.942
2030,sc01,07-14 09:00:00+01:00,0.284,68.123,11.354,45.416,68.123,22.708,28.385,4.258,28.385
2030,sc01,07-14 10:00:00+01:00,0.295,70.722,11.787,47.148,70.722,23.574,29.467,4.42,29.467
2030,sc01,07-14 11:00:00+01:00,0.303,72.64,12.107,48.427,72.64,24.213,30.267,4.54,30.267
2030,sc01,07-14 12:00:00+01:00,0.302,72.439,12.073,48.293,72.439,24.146,30.183,4.527,30.183
2030,sc01,07-14 13:00:00+01:00,0.302,72.397,12.066,48.265,72.397,24.132,30.166,4.525,30.166
2030,sc01,07-14 14:00:00+01:00,0.306,73.555,12.259,49.037,73.555,24.518,30.648,4.597,30.648
2030,sc01,07-14 15:00:00+01:00,0.321,76.922,12.82,51.281,76.922,25.641,32.051,4.808,32.051
2030,sc01,07-14 16:00:00+01:00,0.337,80.946,13.491,53.964,80.946,26.982,33.728,5.059,33.728
2030,sc01,07-14 17:00:00+01:00,0.347,83.166,13.861,55.444,83.166,27.722,34.653,5.198,34.653
2030,sc01,07-14 18:00:00+01:00,0.345,82.829,13.805,55.219,82.829,27.61,34.512,5.177,34.512
2030,sc01,07-14 19:00:00+01:00,0.34,81.632,13.605,54.422,81.632,27.211,34.014,5.102,34.014
2030,sc01,07-14 20:00:00+01:00,0.333,79.989,13.332,53.326,79.989,26.663,33.329,4.999,33.329
2030,sc01,07-14 21:00:00+01:00,0.324,77.865,12.977,51.91,77.865,25.955,32.444,4.867,32.444
2030,sc01,07-14 22:00:00+01:00,0.31,74.285,12.381,49.523,74.285,24.762,30.952,4.643,30.952
2030,sc01,07-14 23:00:00+01:00,0.293,70.3,11.717,46.866,70.3,23.433,29.292,4.394,29.292
2030,sc01,07-15 00:00:00+01:00,0.3,72.0,12.0,48.0,72.0,24.0,30.0,4.5,30.0
2030,sc01,07-15 01:00:00+01:00,0.287,68.938,11.49,45.959,68.938,22.979,28.724,4.309,28.724
2030,sc01,07-15 02:00:00+01:00,0.275,66.104,11.017,44.069,66.104,22.035,27.543,4.131,27.543
2030,sc01,07-15 03:00:00+01:00,0.267,64.133,10.689,42.755,64.133,21.378,26.722,4.008,26.722
2030,sc01,07-15 04:00:00+01:00,0.261,62.6,10.433,41.734,62.6,20.867,26.083,3.913,26.083
2030,sc01,07-15 05:00:00+01:00,0.259,62.263,10.377,41.509,62.263,20.754,25.943,3.891,25.943
2030,sc01,07-15 06:00:00+01:00,0.259,62.151,10.358,41.434,62.151,20.717,25.896,3.884,25.896
2030,sc01,07-15 07:00:00+01:00,0.262,62.822,10.47,41.881,62.822,20.941,26.176,3.926,26.176
2030,sc01,07-15 08:00:00+01:00,0.269,64.66,10.777,43.107,64.66,21.553,26.942,4.041,26.942
2030,sc01,07-15 09:00:00+01:00,0.284,68.123,11.354,45.416,68.123,22.708,28.385,4.258,28.385
2030,sc01,07-15 10:00:00+01:00,0.295,70.722,11.787,47.148,70.722,23.574,29.467,4.42,29.467
2030,sc01,07-15 11:00:00+01:00,0.303,72.64,12.107,48.427,72.64,24.213,30.267,4.54,30.267
2030,sc01,07-15 12:00:00+01:00,0.302,72.439,12.073,48.293,72.439,24.146,30.183,4.527,30.183
2030,sc01,07-15 13:00:00+01:00,0.302,72.397,12.066,48.265,72.397,24.132,30.166,4.525,30.166
2030,sc01,07-15 14:00:00+01:00,0.306,73.555,12.259,49.037,73.555,24.518,30.648,4.597,30.648
2030,sc01,07-15 15:00:00+01:00,0.321,76.922,12.82,51.281,76.922,25.641,32.051,4.808,32.051
2030,sc01,07-15 16:00:00+01:00,0.337,80.946,13.491,53.964,80.946,26.982,33.728,5.059,33.728
2030,sc01,07-15 17:00:00+01:00,0.347,83.166,13.861,55.444,83.166,27.722,34.653,5.198,34.653
2030,sc01,07-15 18:00:00+01:00,0.345,82.829,13.805,55.219,82.829,27.61,34.512,5.177,34.512
2030,sc01,07-15 19:00:00+01:00,0.34,81.632,13.605,54.422,81.632,27.211,34.014,5.102,34.014
2030,sc01,07-15 20:00:00+01:00,0.333,79.989,13.332,53.326,79.989,26.663,33.329,4.999,33.329
2030,sc01,07-15 21:00:00+01:00,0.324,77.865,12.977,51.91,77.865,25.955,32.444,4.867,32.444
2030,sc01,07-15 22:00:00+01:00,0.31,74.285,12.381,49.523,74.285,24.762,30.952,4.643,30.952
2030,sc01,07-15 23:00:00+01:00,0.293,70.3,11.717,46.866,70.3,23.433,29.292,4.394,29.292
2030,sc01,07-16 00:00:00+01:00,0.3,72.0,12.0,48.0,72.0,24.0,30.0,4.5,30.0
2030,sc01,07-16 01:00:00+01:00,0.287,68.938,11.49,45.959,68.938,22.979,28.724,4.309,28.724
2030,sc01,07-16 02:00:00+01:00,0.275,66.104,11.017,44.069,66.104,22.035,27.543,4.131,27.543
2030,sc01,07-16 03:00:00+01:00,0.267,64.133,10.689,42.755,64.133,21.378,26.722,4.008,26.722
2030,sc01,07-16 04:00:00+01:00,0.261,62.6,10.433,41.734,62.6,20.867,26.083,3.913,26.083
2030,sc01,07-16 05:00:00+01:00,0.259,62.263,10.377,41.509,62.263,20.754,25.943,3.891,25.943
2030,sc01,07-16 06:00:00+01:00,0.259,62.151,10.358,41.434,62.151,20.717,25.896,3.884,25.896
2030,sc01,07-16 07:00:00+01:00,0.262,62.822,10.47,41.881,62.822,20.941,26.176,3.926,26.176
2030,sc01,07-16 08:00:00+01:00,0.269,64.66,10.777,43.107,64.66,21.553,26.942,4.041,26.942
2030,sc01,07-16 09:00:00+01:00,0.284,68.123,11.354,45.416,68.123,22.708,28.385,4.258,28.385
2030,sc01,07-16 10:00:00+01:00,0.295,70.722,11.787,47.148,70.722,23.574,29.467,4.42,29.467
2030,sc01,07-16 11:00:00+01:00,0.303,72.64,12.107,48.427,72.64,24.213,30.267,4.54,30.267
2030,sc01,07-16 12:00:00+01:00,0.302,72.439,12.073,48.293,72.439,24.146,30.183,4.527,30.183
2030,sc01,07-16 13:00:00+01:00,0.302,72.397,12.066,48.265,72.397,24.132,30.166,4.525,30.166
2030,sc01,07-16 14:00:00+01:00,0.306,73.555,12.259,49.037,73.555,24.518,30.648,4.597,30.648
2030,sc01,07-16 15:00:00+01:00,0.321,76.922,12.82,51.281,76.922,25.641,32.051,4.808,32.051
2030,sc01,07-16 16:00:00+01:00,0.337,80.946,13.491,53.964,80.946,26.982,33.728,5.059,33.728
2030,sc01,07-16 17:00:00+01:00,0.347,83.166,13.861,55.444,83.166,27.722,34.653,5.198,34.653
2030,sc01,07-16 18:00:00+01:00,0.345,82.829,13.805,55.219,82.829,27.61,34.512,5.177,34.512
2030,sc01,07-16 19:00:00+01:00,0.34,81.632,13.605,54.422,81.632,27.211,34.014,5.102,34.014
2030,sc01,07-16 20:00:00+01:00,0.333,79.989,13.332,53.326,79.989,26.663,33.329,4.999,33.329
2030,sc01,07-16 21:00:00+01:00,0.324,77.865,12.977,51.91,77.865,25.955,32.444,4.867,32.444
2030,sc01,07-16 22:00:00+01:00,0.31,74.285,12.381,49.523,74.285,24.762,30.952,4.643,30.952
2030,sc01,07-16 23:00:00+01:00,0.293,70.3,11.717,46.866,70.3,23.433,29.292,4.394,29.292
2030,sc01,07-17 00:00:00+01:00,0.3,72.0,12.0,48.0,72.0,24.0,30.0,4.5,30.0
2030,sc01,07-17 01:00:00+01:00,0.287,68.938,11.49,45.959,68.938,22.979,28.724,4.309,28.724
2030,sc01,07-17 02:00:00+01:00,0.275,66.104,11.017,44.069,66.104,22.035,27.543,4.131,27.543
2030,sc01,07-17 03:00:00+01:00,0.267,64.133,10.689,42.755,64.133,21.378,26.722,4.008,26.722
2030,sc01,07-17 04:00:00+01:00,0.261,62.6,10.433,41.734,62.6,20.867,26.083,3.913,26.083
2030,sc01,07-17 05:00:00+01:00,0.259,62.263,10.377,41.509,62.263,20.754,25.943,3.891,25.943
2030,sc01,07-17 06:00:00+01:00,0.259,62.151,10.358,41.434,62.151,20.717,25.896,3.884,25.896
2030,sc01,07-17 07:00:00+01:00,0.262,62.822,10.47,41.881,62.822,20.941,26.176,3.926,26.176
2030,sc01,07-17 08:00:00+01:00,0.269,64.66,10.777,43.107,64.66,21.553,26.942,4.041,26.942
2030,sc01,07-17 09:00:00+01:00,0.284,68.123,11.354,45.416,68.123,22.708,28.385,4.258,28.385
2030,sc01,07-17 10:00:00+01:00,0.295,70.722,11.787,47.148,70.722,23.574,29.467,4.42,29.467
2030,sc01,07-17 11:00:00+01:00,0.303,72.64,12.107,48.427,72.64,24.213,30.267,4.54,30.267
2030,sc01,07-17 12:00:00+01:00,0.302,72.439,12.073,48.293,72.439,24.146,30.183,4.527,30.183
2030,sc01,07-17 13:00:00+01:00,0.302,72.397,12.066,48.265,72.397,24.132,30.166,4.525,30.166
2030,sc01,07-17 14:00:00+01:00,0.306,73.555,12.259,49.037,73.555,24.518,30.648,4.597,30.648
2030,sc01,07-17 15:00:00+01:00,0.321,76.922,12.82,51.281,76.922,25.641,32.051,4.808,32.051
2030,sc01,07-17 16:00:00+01:00,0.337,80.946,13.491,53.964,80.946,26.982,33.728,5.059,33.728
2030,sc01,07-17 17:00:00+01:00,0.347,83.166,13.861,55.444,83.166,27.722,34.653,5.198,34.653
2030,sc01,07-17 18:00:00+01:00,0.345,82.829,13.805,55.219,82.829,27.61,34.512,5.177,34.512
2030,sc01,07-17 19:00:00+01:00,0.34,81.632,13.605,54.422,81.632,27.211,34.014,5.102,34.014
2030,sc01,07-17 20:00:00+01:00,0.333,79.989,13.332,53.326,79.989,26.663,33.329,4.999,33.329
2030,sc01,07-17 21:00:00+01:00,0.324,77.865,12.977,51.91,77.865,25.955,32.444,4.867,32.444
2030,sc01,07-17 22:00:00+01:00,0.31,74.285,12.381,49.523,74.285,24.762,30.952,4.643,30.952
2030,sc01,07-17 23:00:00+01:00,0.293,70.3,11.717,46.866,70.3,23.433,29.292,4.394,29.292
2030,sc01,07-18 00:00:00+01:00,0.3,72.0,12.0,48.0,72.0,24.0,30.0,4.5,30.0
2030,sc01,07-18 01:00:00+01:00,0.287,68.938,11.49,45.959,68.938,22.979,28.724,4.309,28.724
2030,sc01,07-18 02:00:00+01:00,0.275,66.104,11.017,44.069,66.104,22.035,27.543,4.131,27.543
2030,sc01,07-18 03:00:00+01:00,0.267,64.133,10.689,42.755,64.133,21.378,26.722,4.008,26.722
2030,sc01,07-18 04:00:00+01:00,0.261,62.6,10.433,41.734,62.6,20.867,26.083,3.913,26.083
2030,sc01,07-18 05:00:00+01:00,0.259,62.263,10.377,41.509,62.263,20.754,25.943,3.891,25.943
2030,sc01,07-18 06:00:00+01:00,0.259,62.151,10.358,41.434,62.151,20.717,25.896,3.884,25.896
2030,sc01,07-18 07:00:00+01:00,0.262,62.822,10.47,41.881,62.822,20.941,26.176,3.926,26.176
2030,sc01,07-18 08:00:00+01:00,0.269,64.66,10.777,43.107,64.66,21.553,26.942,4.041,26.942
2030,sc01,07-18 09:00:00+01:00,0.284,68.123,11.354,45.416,68.123,22.708,28.385,4.258,28.385
2030,sc01,07-18 10:00:00+01:00,0.295,70.722,11.787,47.148,70.722,23.574,29.467,4.42,29.467
2030,sc01,07-18 11:00:00+01:00,0.303,72.64,12.107,48.427,72.64,24.213,30.267,4.54,30.267
2030,sc01,07-18 12:00:00+01:00,0.302,72.439,12.073,48.293,72.439,24.146,30.183,4.527,30.183
2030,sc01,07-18 13:00:00+01:00,0.302,72.397,12.066,48.265,72.397,24.132,30.166,4.525,30.166
2030,sc01,07-18 14:00:00+01:00,0.306,73.555,12.259,49.037,73.555,24.518,30.648,4.597,30.648
2030,sc01,07-18 15:00:00+01:00,0.321,76.922,12.82,51.281,76.922,25.641,32.051,4.808,32.051
2030,sc01,07-18 16:00:00+01:00,0.337,80.946,13.491,53.964,80.946,26.982,33.728,5.059,33.728
2030,sc01,07-18 17:00:00+01:00,0.347,83.166,13.861,55.444,83.166,27.722,34.653,5.198,34.653
2030,sc01,07-18 18:00:00+01:00,0.345,82.829,13.805,55.219,82.829,27.61,34.512,5.177,34.512
2030,sc01,07-18 19:00:00+01:00,0.34,81.632,13.605,54.422,81.632,27.211,34.014,5.102,34.014
2030,sc01,07-18 20:00:00+01:00,0.333,79.989,13.332,53.326,79.989,26.663,33.329,4.999,33.329
2030,sc01,07-18 21:00:00+01:00,0.324,77.865,12.977,51.91,77.865,25.955,32.444,4.867,32.444
2030,sc01,07-18 22:00:00+01:00,0.31,74.285,12.381,49.523,74.285,24.762,30.952,4.643,30.952
2030,sc01,07-18 23:00:00+01:00,0.293,70.3,11.717,46.866,70.3,23.433,29.292,4.394,29.292
2030,sc01,07-19 00:00:00+01:00,0.3,72.0,12.0,48.0,72.0,24.0,30.0,4.5,30.0
2030,sc01,07-19 01:00:00+01:00,0.287,68.938,11.49,45.959,68.938,22.979,28.724,4.309,28.724
2030,sc01,07-19 02:00:00+01:00,0.275,66.104,11.017,44.069,66.104,22.035,27.543,4.131,27.543
2030,sc01,07-19 03:00:00+01:00,0.267,64.133,10.689,42.755,64.133,21.378,26.722,4.008,26.722
2030,sc01,07-19 04:00:00+01:00,0.261,62.6,10.433,41.734,62.6,20.867,26.083,3.913,26.083
2030,sc01,07-19 05:00:00+01:00,0.259,62.263,10.377,41.509,62.263,20.754,25.943,3.891,25.943
2030,sc01,07-19 06:00:00+01:00,0.259,62.151,10.358,41.434,62.151,20.717,25.896,3.884,25.896
2030,sc01,07-19 07:00:00+01:00,0.262,62.822,10.47,41.881,62.822,20.941,26.176,3.926,26.176
2030,sc01,07-19 08:00:00+01:00,0.269,64.66,10.777,43.107,64.66,21.553,26.942,4.041,26.942
2030,sc01,07-19 09:00:00+01:00,0.284,68.123,11.354,45.416,68.123,22.708,28.385,4.258,28.385
2030,sc01,07-19 10:00:00+01:00,0.295,70.722,11.787,47.148,70.722,23.574,29.467,4.42,29.467
2030,sc01,07-19 11:00:00+01:00,0.303,72.64,12.107,48.427,72.64,24.213,30.267,4.54,30.267
2030,sc01,07-19 12:00:00+01:00,0.302,72.439,12.073,48.293,72.439,24.146,30.183,4.527,30.183
2030,sc01,07-19 13:00:00+01:00,0.302,72.397,12.066,48.265,72.397,24.132,30.166,4.525,30.166
2030,sc01,07-19 14:00:00+01:00,0.306,73.555,12.259,49.037,73.555,24.518,30.648,4.597,30.648
2030,sc01,07-19 15:00:00+01:00,0.321,76.922,12.82,51.281,76.922,25.641,32.051,4.808,32.051
2030,sc01,07-19 16:00:00+01:00,0.337,80.946,13.491,53.964,80.946,26.982,33.728,5.059,33.728
2030,sc01,07-19 17:00:00+01:00,0.347,83.166,13.861,55.444,83.166,27.722,34.653,5.198,34.653
2030,sc01,07-19 18:00:00+01:00,0.345,82.829,13.805,55.219,82.829,27.61,34.512,5.177,34.512
2030,sc01,07-19 19:00:00+01:00,0.34,81.632,13.605,54.422,81.632,27.211,34.014,5.102,34.014
2030,sc01,07-19 20:00:00+01:00,0.333,79.989,13.332,53.326,79.989,26.663,33.329,4.999,33.329
2030,sc01,07-19 21:00:00+01:00,0.324,77.865,12.977,51.91,77.865,25.955,32.444,4.867,32.444
2030,sc01,07-19 22:00:00+01:00,0.31,74.285,12.381,49.523,74.285,24.762,30.952,4.643,30.952
2030,sc01,07-19 23:00:00+01:00,0.293,70.3,11.717,46.866,70.3,23.433,29.292,4.394,29.292
2030,sc01,07-20 00:00:00+01:00,0.3,72.0,12.0,48.0,72.0,24.0,30.0,4.5,30.0
2030,sc01,07-20 01:00:00+01:00,0.287,68.938,11.49,45.959,68.938,22.979,28.724,4.309,28.724
2030,sc01,07-20 02:00:00+01:00,0.275,66.104,11.017,44.069,66.104,22.035,27.543,4.131,27.543
2030,sc01,07-20 03:00:00+01:00,0.267,64.133,10.689,42.755,64.133,21.378,26.722,4.008,26.722
2030,sc01,07-20 04:00:00+01:00,0.261,62.6,10.433,41.734,62.6,20.867,26.083,3.913,26.083
2030,sc01,07-20 05:00:00+01:00,0.259,62.263,10.377,41.509,62.263,20.754,25.943,3.891,25.943
2030,sc01,07-20 06:00:00+01:00,0.259,62.151,10.358,41.434,62.151,20.717,25.896,3.884,25.896
2030,sc01,07-20 07:00:00+01:00,0.262,62.822,10.47,41.881,62.822,20.941,26.176,3.926,26.176
2030,sc01,07-20 08:00:00+01:00,0.269,64.66,10.777,43.107,64.66,21.553,26.942,4.041,26.942
2030,sc01,07-20 09:00:00+01:00,0.284,68.123,11.354,45.416,68.123,22.708,28.385,4.258,28.385
2030,sc01,07-20 10:00:00+01:00,0.295,70.722,11.787,47.148,70.722,23.574,29.467,4.42,29.467
2030,sc01,07-20 11:00:00+01:00,0.303,72.64,12.107,48.427,72.64,24.213,30.267,4.54,30.267
2030,sc01,07-20 12:00:00+01:00,0.302,72.439,12.073,48.293,72.439,24.146,30.183,4.527,30.183
2030,sc01,07-20 13:00:00+01:00,0.302,72.397,12.066,48.265,72.397,24.132,30.166,4.525,30.166
2030,sc01,07-20 14:00:00+01:00,0.306,73.555,12.259,49.037,73.555,24.518,30.648,4.597,30.648
2030,sc01,07-20 15:00:00+01:00,0.321,76.922,12.82,51.281,76.922,25.641,32.051,4.808,32.051
2030,sc01,07-20 16:00:00+01:00,0.337,80.946,13.491,53.964,80.946,26.982,33.728,5.059,33.728
2030,sc01,07-20 17:00:00+01:00,0.347,83.166,13.861,55.444,83.166,27.722,34.653,5.198,34.653
2030,sc01,07-20 18:00:00+01:00,0.345,82.829,13.805,55.219,82.829,27.61,34.512,5.177,34.512
2030,sc01,07-20 19:00:00+01:00,0.34,81.632,13.605,54.422,81.632,27.211,34.014,5.102,34.014
2030,sc01,07-20 20:00:00+01:00,0.333,79.989,13.332,53.326,79.989,26.663,33.329,4.999,33.329
2030,sc01,07-20 21:00:00+01:00,0.324,77.865,12.977,51.91,77.865,25.955,32.444,4.867,32.444
2030,sc01,07-20 22:00:00+01:00,0.31,74.285,12.381,49.523,74.285,24.762,30.952,4.643,30.952
2030,sc01,07-20 23:00:00+01:00,0.293,70.3,11.717,46.866,70.3,23.433,29.292,4.394,29.292
2030,sc01,07-21 00:00:00+01:00,0.3,72.0,12.0,48.0,72.0,24.0,30.0,4.5,30.0
2030,sc01,07-21 01:00:00+01:00,0.287,68.938,11.49,45.959,68.938,22.979,28.724,4.309,28.724
2030,sc01,07-21 02:00:00+01:00,0.275,66.104,11.017,44.069,66.104,22.035,27.543,4.131,27.543
2030,sc01,07-21 03:00:00+01:00,0.267,64.133,10.689,42.755,64.133,21.378,26.722,4.008,26.722
2030,sc01,07-21 04:00:00+01:00,0.261,62.6,10.433,41.734,62.6,20.867,26.083,3.913,26.083
2030,sc01,07-21 05:00:00+01:00,0.259,62.263,10.377,41.509,62.263,20.754,25.943,3.891,25.943
2030,sc01,07-21 06:00:00+01:00,0.259,62.151,10.358,41.434,62.151,20.717,25.896,3.884,25.896
2030,sc01,07-21 07:00:00+01:00,0.262,62.822,10.47,41.881,62.822,20.941,26.176,3.926,26.176
2030,sc01,07-21 08:00:00+01:00,0.269,64.66,10.777,43.107,64.66,21.553,26.942,4.041,26.942
2030,sc01,07-21 09:00:00+01:00,0.284,68.123,11.354,45.416,68.123,22.708,28.385,4.258,28.385
2030,sc01,07-21 10:00:00+01:00,0.295,70.722,11.787,47.148,70.722,23.574,29.467,4.42,29.467
2030,sc01,07-21 11:00:00+01:00,0.303,72.64,12.107,48.427,72.64,24.213,30.267,4.54,30.267
2030,sc01,07-21 12:00:00+01:00,0.302,72.439,12.073,48.293,72.439,24.146,30.183,4.527,30.183
2030,sc01,07-21 13:00:00+01:00,0.302,72.397,12.066,48.265,72.397,24.132,30.166,4.525,30.166
2030,sc01,07-21 14:00:00+01:00,0.306,73.555,12.259,49.037,73.555,24.518,30.648,4.597,30.648
2030,sc01,07-21 15:00:00+01:00,0.321,76.922,12.82,51.281,76.922,25.641,32.051,4.808,32.051
2030,sc01,07-21 16:00:00+01:00,0.337,80.946,13.491,53.964,80.946,26.982,33.728,5.059,33.728
2030,sc01,07-21 17:00:00+01:00,0.347,83.166,13.861,55.444,83.166,27.722,34.653,5.198,34.653
2030,sc01,07-21 18:00:00+01:00,0.345,82.829,13.805,55.219,82.829,27.61,34.512,5.177,34.512
2030,sc01,07-21 19:00:00+01:00,0.34,81.632,13.605,54.422,81.632,27.211,34.014,5.102,34.014
2030,sc01,07-21 20:00:00+01:00,0.333,79.989,13.332,53.326,79.989,26.663,33.329,4.999,33.329
2030,sc01,07-21 21:00:00+01:00,0.324,77.865,12.977,51.91,77.865,25.955,32.444,4.867,32.444
2030,sc01,07-21 22:00:00+01:00,0.31,74.285,12.381,49.523,74.285,24.762,30.952,4.643,30.952
2030,sc01,07-21 23:00:00+01:00,0.293,70.3,11.717,46.866,70.3,23.433,29.292,4.394,29.292
2030,sc01,07-22 00:00:00+01:00,0.3,72.0,12.0,48.0,72.0,24.0,30.0,4.5,30.0
2030,sc01,07-22 01:00:00+01:00,0.287,68.938,11.49,45.959,68.938,22.979,28.724,4.309,28.724
2030,sc01,07-22 02:00:00+01:00,0.275,66.104,11.017,44.069,66.104,22.035,27.543,4.131,27.543
2030,sc01,07-22 03:00:00+01:00,0.267,64.133,10.689,42.755,64.133,21.378,26.722,4.008,26.722
2030,sc01,07-22 04:00:00+01:00,0.261,62.6,10.433,41.734,62.6,20.867,26.083,3.913,26.083
2030,sc01,07-22 05:00:00+01:00,0.259,62.263,10.377,41.509,62.263,20.754,25.943,3.891,25.943
2030,sc01,07-22 06:00:00+01:00,0.259,62.151,10.358,41.434,62.151,20.717,25.896,3.884,25.896
2030,sc01,07-22 07:00:00+01:00,0.262,62.822,10.47,41.881,62.822,20.941,26.176,3.926,26.176
2030,sc01,07-22 08:00:00+01:00,0.269,64.66,10.777,43.107,64.66,21.553,26.942,4.041,26.942
2030,sc01,07-22 09:00:00+01:00,0.284,68.123,11.354,45.416,68.123,22.708,28.385,4.258,28.385
2030,sc01,07-22 10:00:00+01:00,0.295,70.722,11.787,47.148,70.722,23.574,29.467,4.42,29.467
2030,sc01,07-22 11:00:00+01:00,0.303,72.64,12.107,48.427,72.64,24.213,30.267,4.54,30.267
2030,sc01,07-22 12:00:00+01:00,0.302,72.439,12.073,48.293,72.439,24.146,30.183,4.527,30.183
2030,sc01,07-22 13:00:00+01:00,0.302,72.397,12.066,48.265,72.397,24.132,30.166,4.525,30.166
2030,sc01,07-22 14:00:00+01:00,0.306,73.555,12.259,49.037,73.555,24.518,30.648,4.597,30.648
2030,sc01,07-22 15:00:00+01:00,0.321,76.922,12.82,51.281,76.922,25.641,32.051,4.808,32.051
2030,sc01,07-22 16:00:00+01:00,0.337,80.946,13.491,53.964,80.946,26.982,33.728,5.059,33.728
2030,sc01,07-22 17:00:00+01:00,0.347,83.166,13.861,55.444,83.166,27.722,34.653,5.198,34.653
2030,sc01,07-22 18:00:00+01:00,0.345,82.829,13.805,55.219,82.829,27.61,34.512,5.177,34.512
2030,sc01,07-22 19:00:00+01:00,0.34,81.632,13.605,54.422,81.632,27.211,34.014,5.102,34.014
2030,sc01,07-22 20:00:00+01:00,0.333,79.989,13.332,53.326,79.989,26.663,33.329,4.999,33.329
2030,sc01,07-22 21:00:00+01:00,0.324,77.865,12.977,51.91,77.865,25.955,32.444,4.867,32.444
2030,sc01,07-22 22:00:00+01:00,0.31,74.285,12.381,49.523,74.285,24.762,30.952,4.643,30.952
2030,sc01,07-22 23:00:00+01:00,0.293,70.3,11.717,46.866,70.3,23.433,29.292,4.394,29.292
2030,sc01,07-23 00:00:00+01:00,0.3,72.0,12.0,48.0,72.0,24.0,30.0,4.5,30.0
2030,sc01,07-23 01:00:00+01:00,0.287,68.938,11.49,45.959,68.938,22.979,28.724,4.309,28.724
2030,sc01,07-23 02:00:00+01:00,0.275,66.104,11.017,44.069,66.104,22.035,27.543,4.131,27.543
2030,sc01,07-23 03:00:00+01:00,0.267,64.133,10.689,42.755,64.133,21.378,26.722,4.008,26.722
2030,sc01,07-23 04:00:00+01:00,0.261,62.6,10.433,41.734,62.6,20.867,26.083,3.913,26.083
2030,sc01,07-23 05:00:00+01:00,0.259,62.263,10.377,41.509,62.263,20.754,25.943,3.891,25.943
2030,sc01,07-23 06:00:00+01:00,0.259,62.151,10.358,41.434,62.151,20.717,25.896,3.884,25.896
2030,sc01,07-23 07:00:00+01:00,0.262,62.822,10.47,41.881,62.822,20.941,26.176,3.926,26.176
2030,sc01,07-23 08:00:00+01:00,0.269,64.66,10.777,43.107,64.66,21.553,26.942,4.041,26.942
2030,sc01,07-23 09:00:00+01:00,0.284,68.123,11.354,45.416,68.123,22.708,28.385,4.258,28.385
2030,sc01,07-23 10:00:00+01:00,0.295,70.722,11.787,47.148,70.722,23.574,29.467,4.42,29.467
2030,sc01,07-23 11:00:00+01:00,0.303,72.64,12.107,48.427,72.64,24.213,30.267,4.54,30.267
2030,sc01,07-23 12:00:00+01:00,0.302,72.439,12.073,48.293,72.439,24.146,30.183,4.527,30.183
2030,sc01,07-23 13:00:00+01:00,0.302,72.397,12.066,48.265,72.397,24.132,30.166,4.525,30.166
2030,sc01,07-23 14:00:00+01:00,0.306,73.555,12.259,49.037,73.555,24.518,30.648,4.597,30.648
2030,sc01,07-23 15:00:00+01:00,0.321,76.922,12.82,51.281,76.922,25.641,32.051,4.808,32.051
2030,sc01,07-23 16:00:00+01:00,0.337,80.946,13.491,53.964,80.946,26.982,33.728,5.059,33.728
2030,sc01,07-23 17:00:00+01:00,0.347,83.166,13.861,55.444,83.166,27.722,34.653,5.198,34.653
2030,sc01,07-23 18:00:00+01:00,0.345,82.829,13.805,55.219,82.829,27.61,34.512,5.177,34.512
2030,sc01,07-23 19:00:00+01:00,0.34,81.632,13.605,54.422,81.632,27.211,34.014,5.102,34.014
2030,sc01,07-23 20:00:00+01:00,0.333,79.989,13.332,53.326,79.989,26.663,33.329,4.999,33.329
2030,sc01,07-23 21:00:00+01:00,0.324,77.865,12.977,51.91,77.865,25.955,32.444,4.867,32.444
2030,sc01,07-23 22:00:00+01:00,0.31,74.285,12.381,49.523,74.285,24.762,30.952,4.643,30.952
2030,sc01,07-23 23:00:00+01:00,0.293,70.3,11.717,46.866,70.3,23.433,29.292,4.394,29.292
2030,sc01,07-24 00:00:00+01:00,0.3,72.0,12.0,48.0,72.0,24.0,30.0,4.5,30.0
2030,sc01,07-24 01:00:00+01:00,0.287,68.938,11.49,45.959,68.938,22.979,28.724,4.309,28.724
2030,sc01,07-24 02:00:00+01:00,0.275,66.104,11.017,44.069,66.104,22.035,27.543,4.131,27.543
2030,sc01,07-24 03:00:00+01:00,0.267,64.133,10.689,42.755,64.133,21.378,26.722,4.008,26.722
2030,sc01,07-24 04:00:00+01:00,0.261,62.6,10.433,41.734,62.6,20.867,26.083,3.913,26.083
2030,sc01,07-24 05:00:00+01:00,0.259,62.263,10.377,41.509,62.263,20.754,25.943,3.891,25.943
2030,sc01,07-24 06:00:00+01:00,0.259,62.151,10.358,41.434,62.151,20.717,25.896,3.884,25.896
2030,sc01,07-24 07:00:00+01:00,0.262,62.822,10.47,41.881,62.822,20.941,26.176,3.926,26.176
2030,sc01,07-24 08:00:00+01:00,0.269,64.66,10.777,43.107,64.66,21.553,26.942,4.041,26.942
2030,sc01,07-24 09:00:00+01:00,0.284,68.123,11.354,45.416,68.123,22.708,28.385,4.258,28.385
2030,sc01,07-24 10:00:00+01:00,0.295,70.722,11.787,47.148,70.722,23.574,29.467,4.42,29.467
2030,sc01,07-24 11:00:00+01:00,0.303,72.64,12.107,48.427,72.64,24.213,30.267,4.54,30.267
2030,sc01,07-24 12:00:00+01:00,0.302,72.439,12.073,48.293,72.439,24.146,30.183,4.527,30.183
2030,sc01,07-24 13:00:00+01:00,0.302,72.397,12.066,48.265,72.397,24.132,30.166,4.525,30.166
2030,sc01,07-24 14:00:00+01:00,0.306,73.555,12.259,49.037,73.555,24.518,30.648,4.597,30.648
2030,sc01,07-24 15:00:00+01:00,0.321,76.922,12.82,51.281,76.922,25.641,32.051,4.808,32.051
2030,sc01,07-24 16:00:00+01:00,0.337,80.946,13.491,53.964,80.946,26.982,33.728,5.059,33.728
2030,sc01,07-24 17:00:00+01:00,0.347,83.166,13.861,55.444,83.166,27.722,34.653,5.198,34.653
2030,sc01,07-24 18:00:00+01:00,0.345,82.829,13.805,55.219,82.829,27.61,34.512,5.177,34.512
2030,sc01,07-24 19:00:00+01:00,0.34,81.632,13.605,54.422,81.632,27.211,34.014,5.102,34.014
2030,sc01,07-24 20:00:00+01:00,0.333,79.989,13.332,53.326,79.989,26.663,33.329,4.999,33.329
2030,sc01,07-24 21:00:00+01:00,0.324,77.865,12.977,51.91,77.865,25.955,32.444,4.867,32.444
2030,sc01,07-24 22:00:00+01:00,0.31,74.285,12.381,49.523,74.285,24.762,30.952,4.643,30.952
2030,sc01,07-24 23:00:00+01:00,0.293,70.3,11.717,46.866,70.3,23.433,29.292,4.394,29.292
2030,sc01,07-25 00:00:00+01:00,0.3,72.0,12.0,48.0,72.0,24.0,30.0,4.5,30.0
2030,sc01,07-25 01:00:00+01:00,0.287,68.938,11.49,45.959,68.938,22.979,28.724,4.309,28.724
2030,sc01,07-25 02:00:00+01:00,0.275,66.104,11.017,44.069,66.104,22.035,27.543,4.131,27.543
2030,sc01,07-25 03:00:00+01:00,0.267,64.133,10.689,42.755,64.133,21.378,26.722,4.008,26.722
2030,sc01,07-25 04:00:00+01:00,0.261,62.6,10.433,41.734,62.6,20.867,26.083,3.913,26.083
2030,sc01,07-25 05:00:00+01:00,0.259,62.263,10.377,41.509,62.263,20.754,25.943,3.891,25.943
2030,sc01,07-25 06:00:00+01:00,0.259,62.151,10.358,41.434,62.151,20.717,25.896,3.884,25.896
2030,sc01,07-25 07:00:00+01:00,0.262,62.822,10.47,41.881,62.822,20.941,26.176,3.926,26.176
2030,sc01,07-25 08:00:00+01:00,0.269,64.66,10.777,43.107,64.66,21.553,26.942,4.041,26.942
2030,sc01,07-25 09:00:00+01:00,0.284,68.123,11.354,45.416,68.123,22.708,28.385,4.258,28.385
2030,sc01,07-25 10:00:00+01:00,0.295,70.722,11.787,47.148,70.722,23.574,29.467,4.42,29.467
2030,sc01,07-25 11:00:00+01:00,0.303,72.64,12.107,48.427,72.64,24.213,30.267,4.54,30.267
2030,sc01,07-25 12:00:00+01:00,0.302,72.439,12.073,48.293,72.439,24.146,30.183,4.527,30.183
2030,sc01,07-25 13:00:00+01:00,0.302,72.397,12.066,48.265,72.397,24.132,30.166,4.525,30.166
2030,sc01,07-25 14:00:00+01:00,0.306,73.555,12.259,49.037,73.555,24.518,30.648,4.597,30.648
2030,sc01,07-25 15:00:00+01:00,0.321,76.922,12.82,51.281,76.922,25.641,32.051,4.808,32.051
2030,sc01,07-25 16:00:00+01:00,0.337,80.946,13.491,53.964,80.946,26.982,33.728,5.059,33.728
2030,sc01,07-25 17:00:00+01:00,0.347,83.166,13.861,55.444,83.166,27.722,34.653,5.198,34.653
2030,sc01,07-25 18:00:00+01:00,0.345,82.829,13.805,55.219,82.829,27.61,34.512,5.177,34.512
2030,sc01,07-25 19:00:00+01:00,0.34,81.632,13.605,54.422,81.632,27.211,34.014,5.102,34.014
2030,sc01,07-25 20:00:00+01:00,0.333,79.989,13.332,53.326,79.989,26.663,33.329,4.999,33.329
2030,sc01,07-25 21:00:00+01:00,0.324,77.865,12.977,51.91,77.865,25.955,32.444,4.867,32.444
2030,sc01,07-25 22:00:00+01:00,0.31,74.285,12.381,49.523,74.285,24.762,30.952,4.643,30.952
2030,sc01,07-25 23:00:00+01:00,0.293,70.3,11.717,46.866,70.3,23.433,29.292,4.394,29.292
2030,sc01,07-26 00:00:00+01:00,0.3,72.0,12.0,48.0,72.0,24.0,30.0,4.5,30.0
2030,sc01,07-26 01:00:00+01:00,0.287,68.938,11.49,45.959,68.938,22.979,28.724,4.309,28.724
2030,sc01,07-26 02:00:00+01:00,0.275,66.104,11.017,44.069,66.104,22.035,27.543,4.131,27.543
2030,sc01,07-26 03:00:00+01:00,0.267,64.133,10.689,42.755,64.133,21.378,26.722,4.008,26.722
2030,sc01,07-26 04:00:00+01:00,0.261,62.6,10.433,41.734,62.6,20.867,26.083,3.913,26.083
2030,sc01,07-26 05:00:00+01:00,0.259,62.263,10.377,41.509,62.263,20.754,25.943,3.891,25.943
2030,sc01,07-26 06:00:00+01:00,0.259,62.151,10.358,41.434,62.151,20.717,25.896,3.884,25.896
2030,sc01,07-26 07:00:00+01:00,0.262,62.822,10.47,41.881,62.822,20.941,26.176,3.926,26.176
2030,sc01,07-26 08:00:00+01:00,0.269,64.66,10.777,43.107,64.66,21.553,26.942,4.041,26.942
2030,sc01,07-26 09:00:00+01:00,0.284,68.123,11.354,45.416,68.123,22.708,28.385,4.258,28.385
2030,sc01,07-26 10:00:00+01:00,0.295,70.722,11.787,47.148,70.722,23.574,29.467,4.42,29.467
2030,sc01,07-26 11:00:00+01:00,0.303,72.64,12.107,48.427,72.64,24.213,30.267,4.54,30.267
2030,sc01,07-26 12:00:00+01:00,0.302,72.439,12.073,48.293,72.439,24.146,30.183,4.527,30.183
2030,sc01,07-26 13:00:00+01:00,0.302,72.397,12.066,48.265,72.397,24.132,30.166,4.525,30.166
2030,sc01,07-26 14:00:00+01:00,0.306,73.555,12.259,49.037,73.555,24.518,30.648,4.597,30.648
2030,sc01,07-26 15:00:00+01:00,0.321,76.922,12.82,51.281,76.922,25.641,32.051,4.808,32.051
2030,sc01,07-26 16:00:00+01:00,0.337,80.946,13.491,53.964,80.946,26.982,33.728,5.059,33.728
2030,sc01,07-26 17:00:00+01:00,0.347,83.166,13.861,55.444,83.166,27.722,34.653,5.198,34.653
2030,sc01,07-26 18:00:00+01:00,0.345,82.829,13.805,55.219,82.829,27.61,34.512,5.177,34.512
2030,sc01,07-26 19:00:00+01:00,0.34,81.632,13.605,54.422,81.632,27.211,34.014,5.102,34.014
2030,sc01,07-26 20:00:00+01:00,0.333,79.989,13.332,53.326,79.989,26.663,33.329,4.999,33.329
2030,sc01,07-26 21:00:00+01:00,0.324,77.865,12.977,51.91,77.865,25.955,32.444,4.867,32.444
2030,sc01,07-26 22:00:00+01:00,0.31,74.285,12.381,49.523,74.285,24.762,30.952,4.643,30.952
2030,sc01,07-26 23:00:00+01:00,0.293,70.3,11.717,46.866,70.3,23.433,29.292,4.394,29.292
2030,sc01,07-27 00:00:00+01:00,0.3,72.0,12.0,48.0,72.0,24.0,30.0,4.5,30.0
2030,sc01,07-27 01:00:00+01:00,0.287,68.938,11.49,45.959,68.938,22.979,28.724,4.309,28.724
2030,sc01,07-27 02:00:00+01:00,0.275,66.104,11.017,44.069,66.104,22.035,27.543,4.131,27.543
2030,sc01,07-27 03:00:00+01:00,0.267,64.133,10.689,42.755,64.133,21.378,26.722,4.008,26.722
2030,sc01,07-27 04:00:00+01:00,0.261,62.6,10.433,41.734,62.6,20.867,26.083,3.913,26.083
2030,sc01,07-27 05:00:00+01:00,0.259,62.263,10.377,41.509,62.263,20.754,25.943,3.891,25.943
2030,sc01,07-27 06:00:00+01:00,0.259,62.151,10.358,41.434,62.151,20.717,25.896,3.884,25.896
2030,sc01,07-27 07:00:00+01:00,0.262,62.822,10.47,41.881,62.822,20.941,26.176,3.926,26.176
2030,sc01,07-27 08:00:00+01:00,0.269,64.66,10.777,43.107,64.66,21.553,26.942,4.041,26.942
2030,sc01,07-27 09:00:00+01:00,0.284,68.123,11.354,45.416,68.123,22.708,28.385,4.258,28.385
2030,sc01,07-27 10:00:00+01:00,0.295,70.722,11.787,47.148,70.722,23.574,29.467,4.42,29.467
2030,sc01,07-27 11:00:00+01:00,0.303,72.64,12.107,48.427,72.64,24.213,30.267,4.54,30.267
2030,sc01,07-27 12:00:00+01:00,0.302,72.439,12.073,48.293,72.439,24.146,30.183,4.527,30.183
2030,sc01,07-27 13:00:00+01:00,0.302,72.397,12.066,48.265,72.397,24.132,30.166,4.525,30.166
2030,sc01,07-27 14:00:00+01:00,0.306,73.555,12.259,49.037,73.555,24.518,30.648,4.597,30.648
2030,sc01,07-27 15:00:00+01:00,0.321,76.922,12.82,51.281,76.922,25.641,32.051,4.808,32.051
2030,sc01,07-27 16:00:00+01:00,0.337,80.946,13.491,53.964,80.946,26.982,33.728,5.059,33.728
2030,sc01,07-27 17:00:00+01:00,0.347,83.166,13.861,55.444,83.166,27.722,34.653,5.198,34.653
2030,sc01,07-27 18:00:00+01:00,0.345,82.829,13.805,55.219,82.829,27.61,34.512,5.177,34.512
2030,sc01,07-27 19:00:00+01:00,0.34,81.632,13.605,54.422,81.632,27.211,34.014,5.102,34.014
2030,sc01,07-27 20:00:00+01:00,0.333,79.989,13.332,53.326,79.989,26.663,33.329,4.999,33.329
2030,sc01,07-27 21:00:00+01:00,0.324,77.865,12.977,51.91,77.865,25.955,32.444,4.867,32.444
2030,sc01,07-27 22:00:00+01:00,0.31,74.285,12.381,49.523,74.285,24.762,30.952,4.643,30.952
2030,sc01,07-27 23:00:00+01:00,0.293,70.3,11.717,46.866,70.3,23.433,29.292,4.394,29.292
2030,sc01,07-28 00:00:00+01:00,0.3,72.0,12.0,48.0,72.0,24.0,30.0,4.5,30.0
2030,sc01,07-28 01:00:00+01:00,0.287,68.938,11.49,45.959,68.938,22.979,28.724,4.309,28.724
2030,sc01,07-28 02:00:00+01:00,0.275,66.104,11.017,44.069,66.104,22.035,27.543,4.131,27.543
2030,sc01,07-28 03:00:00+01:00,0.267,64.133,10.689,42.755,64.133,21.378,26.722,4.008,26.722
2030,sc01,07-28 04:00:00+01:00,0.261,62.6,10.433,41.734,62.6,20.867,26.083,3.913,26.083
2030,sc01,07-28 05:00:00+01:00,0.259,62.263,10.377,41.509,62.263,20.754,25.943,3.891,25.943
2030,sc01,07-28 06:00:00+01:00,0.259,62.151,10.358,41.434,62.151,20.717,25.896,3.884,25.896
2030,sc01,07-28 07:00:00+01:00,0.262,62.822,10.47,41.881,62.822,20.941,26.176,3.926,26.176
2030,sc01,07-28 08:00:00+01:00,0.269,64.66,10.777,43.107,64.66,21.553,26.942,4.041,26.942
2030,sc01,07-28 09:00:00+01:00,0.284,68.123,11.354,45.416,68.123,22.708,28.385,4.258,28.385
2030,sc01,07-28 10:00:00+01:00,0.295,70.722,11.787,47.148,70.722,23.574,29.467,4.42,29.467
2030,sc01,07-28 11:00:00+01:00,0.303,72.64,12.107,48.427,72.64,24.213,30.267,4.54,30.267
2030,sc01,07-28 12:00:00+01:00,0.302,72.439,12.073,48.293,72.439,24.146,30.183,4.527,30.183
2030,sc01,07-28 13:00:00+01:00,0.302,72.397,12.066,48.265,72.397,24.132,30.166,4.525,30.166
2030,sc01,07-28 14:00:00+01:00,0.306,73.555,12.259,49.037,73.555,24.518,30.648,4.597,30.648
2030,sc01,07-28 15:00:00+01:00,0.321,76.922,12.82,51.281,76.922,25.641,32.051,4.808,32.051
2030,sc01,07-28 16:00:00+01:00,0.337,80.946,13.491,53.964,80.946,26.982,33.728,5.059,33.728
2030,sc01,07-28 17:00:00+01:00,0.347,83.166,13.861,55.444,83.166,27.722,34.653,5.198,34.653
2030,sc01,07-28 18:00:00+01:00,0.345,82.829,13.805,55.219,82.829,27.61,34.512,5.177,34.512
2030,sc01,07-28 19:00:00+01:00,0.34,81.632,13.605,54.422,81.632,27.211,34.014,5.102,34.014
2030,sc01,07-28 20:00:00+01:00,0.333,79.989,13.332,53.326,79.989,26.663,33.329,4.999,33.329
2030,sc01,07-28 21:00:00+01:00,0.324,77.865,12.977,51.91,77.865,25.955,32.444,4.867,32.444
2030,sc01,07-28 22:00:00+01:00,0.31,74.285,12.381,49.523,74.285,24.762,30.952,4.643,30.952
2030,sc01,07-28 23:00:00+01:00,0.293,70.3,11.717,46.866,70.3,23.433,29.292,4.394,29.292
2030,sc01,07-29 00:00:00+01:00,0.3,72.0,12.0,48.0,72.0,24.0,30.0,4.5,30.0
2030,sc01,07-29 01:00:00+01:00,0.287,68.938,11.49,45.959,68.938,22.979,28.724,4.309,28.724
2030,sc01,07-29 02:00:00+01:00,0.275,66.104,11.017,44.069,66.104,22.035,27.543,4.131,27.543
2030,sc01,07-29 03:00:00+01:00,0.267,64.133,10.689,42.755,64.133,21.378,26.722,4.008,26.722
2030,sc01,07-29 04:00:00+01:00,0.261,62.6,10.433,41.734,62.6,20.867,26.083,3.913,26.083
2030,sc01,07-29 05:00:00+01:00,0.259,62.263,10.377,41.509,62.263,20.754,25.943,3.891,25.943
2030,sc01,07-29 06:00:00+01:00,0.259,62.151,10.358,41.434,62.151,20.717,25.896,3.884,25.896
2030,sc01,07-29 07:00:00+01:00,0.262,62.822,10.47,41.881,62.822,20.941,26.176,3.926,26.176
2030,sc01,07-29 08:00:00+01:00,0.269,64.66,10.777,43.107,64.66,21.553,26.942,4.041,26.942
2030,sc01,07-29 09:00:00+01:00,0.284,68.123,11.354,45.416,68.123,22.708,28.385,4.258,28.385
2030,sc01,07-29 10:00:00+01:00,0.295,70.722,11.787,47.148,70.722,23.574,29.467,4.42,29.467
2030,sc01,07-29 11:00:00+01:00,0.303,72.64,12.107,48.427,72.64,24.213,30.267,4.54,30.267
2030,sc01,07-29 12:00:00+01:00,0.302,72.439,12.073,48.293,72.439,24.146,30.183,4.527,30.183
2030,sc01,07-29 13:00:00+01:00,0.302,72.397,12.066,48.265,72.397,24.132,30.166,4.525,30.166
2030,sc01,07-29 14:00:00+01:00,0.306,73.555,12.259,49.037,73.555,24.518,30.648,4.597,30.648
2030,sc01,07-29 15:00:00+01:00,0.321,76.922,12.82,51.281,76.922,25.641,32.051,4.808,32.051
2030,sc01,07-29 16:00:00+01:00,0.337,80.946,13.491,53.964,80.946,26.982,33.728,5.059,33.728
2030,sc01,07-29 17:00:00+01:00,0.347,83.166,13.861,55.444,83.166,27.722,34.653,5.198,34.653
2030,sc01,07-29 18:00:00+01:00,0.345,82.829,13.805,55.219,82.829,27.61,34.512,5.177,34.512
2030,sc01,07-29 19:00:00+01:00,0.34,81.632,13.605,54.422,81.632,27.211,34.014,5.102,34.014
2030,sc01,07-29 20:00:00+01:00,0.333,79.989,13.332,53.326,79.989,26.663,33.329,4.999,33.329
2030,sc01,07-29 21:00:00+01:00,0.324,77.865,12.977,51.91,77.865,25.955,32.444,4.867,32.444
2030,sc01,07-29 22:00:00+01:00,0.31,74.285,12.381,49.523,74.285,24.762,30.952,4.643,30.952
2030,sc01,07-29 23:00:00+01:00,0.293,70.3,11.717,46.866,70.3,23.433,29.292,4.394,29.292
2030,sc01,07-30 00:00:00+01:00,0.3,72.0,12.0,48.0,72.0,24.0,30.0,4.5,30.0
2030,sc01,07-30 01:00:00+01:00,0.287,68.938,11.49,45.959,68.938,22.979,28.724,4.309,28.724
2030,sc01,07-30 02:00:00+01:00,0.275,66.104,11.017,44.069,66.104,22.035,27.543,4.131,27.543
2030,sc01,07-30 03:00:00+01:00,0.267,64.133,10.689,42.755,64.133,21.378,26.722,4.008,26.722
2030,sc01,07-30 04:00:00+01:00,0.261,62.6,10.433,41.734,62.6,20.867,26.083,3.913,26.083
2030,sc01,07-30 05:00:00+01:00,0.259,62.263,10.377,41.509,62.263,20.754,25.943,3.891,25.943
2030,sc01,07-30 06:00:00+01:00,0.259,62.151,10.358,41.434,62.151,20.717,25.896,3.884,25.896
2030,sc01,07-30 07:00:00+01:00,0.262,62.822,10.47,41.881,62.822,20.941,26.176,3.926,26.176
2030,sc01,07-30 08:00:00+01:00,0.269,64.66,10.777,43.107,64.66,21.553,26.942,4.041,26.942
2030,sc01,07-30 09:00:00+01:00,0.284,68.123,11.354,45.416,68.123,22.708,28.385,4.258,28.385
2030,sc01,07-30 10:00:00+01:00,0.295,70.722,11.787,47.148,70.722,23.574,29.467,4.42,29.467
2030,sc01,07-30 11:00:00+01:00,0.303,72.64,12.107,48.427,72.64,24.213,30.267,4.54,30.267
2030,sc01,07-30 12:00:00+01:00,0.302,72.439,12.073,48.293,72.439,24.146,30.183,4.527,30.183
2030,sc01,07-30 13:00:00+01:00,0.302,72.397,12.066,48.265,72.397,24.132,30.166,4.525,30.166
2030,sc01,07-30 14:00:00+01:00,0.306,73.555,12.259,49.037,73.555,24.518,30.648,4.597,30.648
2030,sc01,07-30 15:00:00+01:00,0.321,76.922,12.82,51.281,76.922,25.641,32.051,4.808,32.051
2030,sc01,07-30 16:00:00+01:00,0.337,80.946,13.491,53.964,80.946,26.982,33.728,5.059,33.728
2030,sc01,07-30 17:00:00+01:00,0.347,83.166,13.861,55.444,83.166,27.722,34.653,5.198,34.653
2030,sc01,07-30 18:00:00+01:00,0.345,82.829,13.805,55.219,82.829,27.61,34.512,5.177,34.512
2030,sc01,07-30 19:00:00+01:00,0.34,81.632,13.605,54.422,81.632,27.211,34.014,5.102,34.014
2030,sc01,07-30 20:00:00+01:00,0.333,79.989,13.332,53.326,79.989,26.663,33.329,4.999,33.329
2030,sc01,07-30 21:00:00+01:00,0.324,77.865,12.977,51.91,77.865,25.955,32.444,4.867,32.444
2030,sc01,07-30 22:00:00+01:00,0.31,74.285,12.381,49.523,74.285,24.762,30.952,4.643,30.952
2030,sc01,07-30 23:00:00+01:00,0.293,70.3,11.717,46.866,70.3,23.433,29.292,4.394,29.292
2030,sc01,07-31 00:00:00+01:00,0.3,72.0,12.0,48.0,72.0,24.0,30.0,4.5,30.0
2030,sc01,07-31 01:00:00+01:00,0.287,68.938,11.49,45.959,68.938,22.979,28.724,4.309,28.724
2030,sc01,07-31 02:00:00+01:00,0.275,66.104,11.017,44.069,66.104,22.035,27.543,4.131,27.543
2030,sc01,07-31 03:00:00+01:00,0.267,64.133,10.689,42.755,64.133,21.378,26.722,4.008,26.722
2030,sc01,07-31 04:00:00+01:00,0.261,62.6,10.433,41.734,62.6,20.867,26.083,3.913,26.083
2030,sc01,07-31 05:00:00+01:00,0.259,62.263,10.377,41.509,62.263,20.754,25.943,3.891,25.943
2030,sc01,07-31 06:00:00+01:00,0.259,62.151,10.358,41.434,62.151,20.717,25.896,3.884,25.896
2030,sc01,07-31 07:00:00+01:00,0.262,62.822,10.47,41.881,62.822,20.941,26.176,3.926,26.176
2030,sc01,07-31 08:00:00+01:00,0.269,64.66,10.777,43.107,64.66,21.553,26.942,4.041,26.942
2030,sc01,07-31 09:00:00+01:00,0.284,68.123,11.354,45.416,68.123,22.708,28.385,4.258,28.385
2030,sc01,07-31 10:00:00+01:00,0.295,70.722,11.787,47.148,70.722,23.574,29.467,4.42,29.467
2030,sc01,07-31 11:00:00+01:00,0.303,72.64,12.107,48.427,72.64,24.213,30.267,4.54,30.267
2030,sc01,07-31 12:00:00+01:00,0.302,72.439,12.073,48.293,72.439,24.146,30.183,4.527,30.183
2030,sc01,07-31 13:00:00+01:00,0.302,72.397,12.066,48.265,72.397,24.132,30.166,4.525,30.166
2030,sc01,07-31 14:00:00+01:00,0.306,73.555,12.259,49.037,73.555,24.518,30.648,4.597,30.648
2030,sc01,07-31 15:00:00+01:00,0.321,76.922,12.82,51.281,76.922,25.641,32.051,4.808,32.051
2030,sc01,07-31 16:00:00+01:00,0.337,80.946,13.491,53.964,80.946,26.982,33.728,5.059,33.728
2030,sc01,07-31 17:00:00+01:00,0.347,83.166,13.861,55.444,83.166,27.722,34.653,5.198,34.653
2030,sc01,07-31 18:00:00+01:00,0.345,82.829,13.805,55.219,82.829,27.61,34.512,5.177,34.512
2030,sc01,07-31 19:00:00+01:00,0.34,81.632,13.605,54.422,81.632,27.211,34.014,5.102,34.014
2030,sc01,07-31 20:00:00+01:00,0.333,79.989,13.332,53.326,79.989,26.663,33.329,4.999,33.329
2030,sc01,07-31 21:00:00+01:00,0.324,77.865,12.977,51.91,77.865,25.955,32.444,4.867,32.444
2030,sc01,07-31 22:00:00+01:00,0.31,74.285,12.381,49.523,74.285,24.762,30.952,4.643,30.952
2030,sc01,07-31 23:00:00+01:00,0.293,70.3,11.717,46.866,70.3,23.433,29.292,4.394,29.292
2030,sc01,08-01 00:00:00+01:00,0.3,72.0,12.0,48.0,72.0,24.0,30.0,4.5,30.0
2030,sc01,08-01 01:00:00+01:00,0.287,68.938,11.49,45.959,68.938,22.979,28.724,4.309,28.724
2030,sc01,08-01 02:00:00+01:00,0.275,66.104,11.017,44.069,66.104,22.035,27.543,4.131,27.543
2030,sc01,08-01 03:00:00+01:00,0.267,64.133,10.689,42.755,64.133,21.378,26.722,4.008,26.722
2030,sc01,08-01 04:00:00+01:00,0.261,62.6,10.433,41.734,62.6,20.867,26.083,3.913,26.083
2030,sc01,08-01 05:00:00+01:00,0.259,62.263,10.377,41.509,62.263,20.754,25.943,3.891,25.943
2030,sc01,08-01 06:00:00+01:00,0.259,62.151,10.358,41.434,62.151,20.717,25.896,3.884,25.896
2030,sc01,08-01 07:00:00+01:00,0.262,62.822,10.47,41.881,62.822,20.941,26.176,3.926,26.176
2030,sc01,08-01 08:00:00+01:00,0.269,64.66,10.777,43.107,64.66,21.553,26.942,4.041,26.942
2030,sc01,08-01 09:00:00+01:00,0.284,68.123,11.354,45.416,68.123,22.708,28.385,4.258,28.385
2030,sc01,08-01 10:00:00+01:00,0.295,70.722,11.787,47.148,70.722,23.574,29.467,4.42,29.467
2030,sc01,08-01 11:00:00+01:00,0.303,72.64,12.107,48.427,72.64,24.213,30.267,4.54,30.267
2030,sc01,08-01 12:00:00+01:00,0.302,72.439,12.073,48.293,72.439,24.146,30.183,4.527,30.183
2030,sc01,08-01 13:00:00+01:00,0.302,72.397,12.066,48.265,72.397,24.132,30.166,4.525,30.166
2030,sc01,08-01 14:00:00+01:00,0.306,73.555,12.259,49.037,73.555,24.518,30.648,4.597,30.648
2030,sc01,08-01 15:00:00+01:00,0.321,76.922,12.82,51.281,76.922,25.641,32.051,4.808,32.051
2030,sc01,08-01 16:00:00+01:00,0.337,80.946,13.491,53.964,80.946,26.982,33.728,5.059,33.728
2030,sc01,08-01 17:00:00+01:00,0.347,83.166,13.861,55.444,83.166,27.722,34.653,5.198,34.653
2030,sc01,08-01 18:00:00+01:00,0.345,82.829,13.805,55.219,82.829,27.61,34.512,5.177,34.512
2030,sc01,08-01 19:00:00+01:00,0.34,81.632,13.605,54.422,81.632,27.211,34.014,5.102,34.014
2030,sc01,08-01 20:00:00+01:00,0.333,79.989,13.332,53.326,79.989,26.663,33.329,4.999,33.329
2030,sc01,08-01 21:00:00+01:00,0.324,77.865,12.977,51.91,77.865,25.955,32.444,4.867,32.444
2030,sc01,08-01 22:00:00+01:00,0.31,74.285,12.381,49.523,74.285,24.762,30.952,4.643,30.952
2030,sc01,08-01 23:00:00+01:00,0.293,70.3,11.717,46.866,70.3,23.433,29.292,4.394,29.292
2030,sc01,08-02 00:00:00+01:00,0.3,72.0,12.0,48.0,72.0,24.0,30.0,4.5,30.0
2030,sc01,08-02 01:00:00+01:00,0.287,68.938,11.49,45.959,68.938,22.979,28.724,4.309,28.724
2030,sc01,08-02 02:00:00+01:00,0.275,66.104,11.017,44.069,66.104,22.035,27.543,4.131,27.543
2030,sc01,08-02 03:00:00+01:00,0.267,64.133,10.689,42.755,64.133,21.378,26.722,4.008,26.722
2030,sc01,08-02 04:00:00+01:00,0.261,62.6,10.433,41.734,62.6,20.867,26.083,3.913,26.083
2030,sc01,08-02 05:00:00+01:00,0.259,62.263,10.377,41.509,62.263,20.754,25.943,3.891,25.943
2030,sc01,08-02 06:00:00+01:00,0.259,62.151,10.358,41.434,62.151,20.717,25.896,3.884,25.896
2030,sc01,08-02 07:00:00+01:00,0.262,62.822,10.47,41.881,62.822,20.941,26.176,3.926,26.176
2030,sc01,08-02 08:00:00+01:00,0.269,64.66,10.777,43.107,64.66,21.553,26.942,4.041,26.942
2030,sc01,08-02 09:00:00+01:00,0.284,68.123,11.354,45.416,68.123,22.708,28.385,4.258,28.385
2030,sc01,08-02 10:00:00+01:00,0.295,70.722,11.787,47.148,70.722,23.574,29.467,4.42,29.467
2030,sc01,08-02 11:00:00+01:00,0.303,72.64,12.107,48.427,72.64,24.213,30.267,4.54,30.267
2030,sc01,08-02 12:00:00+01:00,0.302,72.439,12.073,48.293,72.439,24.146,30.183,4.527,30.183
2030,sc01,08-02 13:00:00+01:00,0.302,72.397,12.066,48.265,72.397,24.132,30.166,4.525,30.166
2030,sc01,08-02 14:00:00+01:00,0.306,73.555,12.259,49.037,73.555,24.518,30.648,4.597,30.648
2030,sc01,08-02 15:00:00+01:00,0.321,76.922,12.82,51.281,76.922,25.641,32.051,4.808,32.051
2030,sc01,08-02 16:00:00+01:00,0.337,80.946,13.491,53.964,80.946,26.982,33.728,5.059,33.728
2030,sc01,08-02 17:00:00+01:00,0.347,83.166,13.861,55.444,83.166,27.722,34.653,5.198,34.653
2030,sc01,08-02 18:00:00+01:00,0.345,82.829,13.805,55.219,82.829,27.61,34.512,5.177,34.512
2030,sc01,08-02 19:00:00+01:00,0.34,81.632,13.605,54.422,81.632,27.211,34.014,5.102,34.014
2030,sc01,08-02 20:00:00+01:00,0.333,79.989,13.332,53.326,79.989,26.663,33.329,4.999,33.329
2030,sc01,08-02 21:00:00+01:00,0.324,77.865,12.977,51.91,77.865,25.955,32.444,4.867,32.444
2030,sc01,08-02 22:00:00+01:00,0.31,74.285,12.381,49.523,74.285,24.762,30.952,4.643,30.952
2030,sc01,08-02 23:00:00+01:00,0.293,70.3,11.717,46.866,70.3,23.433,29.292,4.394,29.292
2030,sc01,08-03 00:00:00+01:00,0.3,72.0,12.0,48.0,72.0,24.0,30.0,4.5,30.0
2030,sc01,08-03 01:00:00+01:00,0.287,68.938,11.49,45.959,68.938,22.979,28.724,4.309,28.724
2030,sc01,08-03 02:00:00+01:00,0.275,66.104,11.017,44.069,66.104,22.035,27.543,4.131,27.543
2030,sc01,08-03 03:00:00+01:00,0.267,64.133,10.689,42.755,64.133,21.378,26.722,4.008,26.722
2030,sc01,08-03 04:00:00+01:00,0.261,62.6,10.433,41.734,62.6,20.867,26.083,3.913,26.083
2030,sc01,08-03 05:00:00+01:00,0.259,62.263,10.377,41.509,62.263,20.754,25.943,3.891,25.943
2030,sc01,08-03 06:00:00+01:00,0.259,62.151,10.358,41.434,62.151,20.717,25.896,3.884,25.896
2030,sc01,08-03 07:00:00+01:00,0.262,62.822,10.47,41.881,62.822,20.941,26.176,3.926,26.176
2030,sc01,08-03 08:00:00+01:00,0.269,64.66,10.777,43.107,64.66,21.553,26.942,4.041,26.942
2030,sc01,08-03 09:00:00+01:00,0.284,68.123,11.354,45.416,68.123,22.708,28.385,4.258,28.385
2030,sc01,08-03 10:00:00+01:00,0.295,70.722,11.787,47.148,70.722,23.574,29.467,4.42,29.467
2030,sc01,08-03 11:00:00+01:00,0.303,72.64,12.107,48.427,72.64,24.213,30.267,4.54,30.267
2030,sc01,08-03 12:00:00+01:00,0.302,72.439,12.073,48.293,72.439,24.146,30.183,4.527,30.183
2030,sc01,08-03 13:00:00+01:00,0.302,72.397,12.066,48.265,72.397,24.132,30.166,4.525,30.166
2030,sc01,08-03 14:00:00+01:00,0.306,73.555,12.259,49.037,73.555,24.518,30.648,4.597,30.648
2030,sc01,08-03 15:00:00+01:00,0.321,76.922,12.82,51.281,76.922,25.641,32.051,4.808,32.051
2030,sc01,08-03 16:00:00+01:00,0.337,80.946,13.491,53.964,80.946,26.982,33.728,5.059,33.728
2030,sc01,08-03 17:00:00+01:00,0.347,83.166,13.861,55.444,83.166,27.722,34.653,5.198,34.653
2030,sc01,08-03 18:00:00+01:00,0.345,82.829,13.805,55.219,82.829,27.61,34.512,5.177,34.512
2030,sc01,08-03 19:00:00+01:00,0.34,81.632,13.605,54.422,81.632,27.211,34.014,5.102,34.014
2030,sc01,08-03 20:00:00+01:00,0.333,79.989,13.332,53.326,79.989,26.663,33.329,4.999,33.329
2030,sc01,08-03 21:00:00+01:00,0.324,77.865,12.977,51.91,77.865,25.955,32.444,4.867,32.444
2030,sc01,08-03 22:00:00+01:00,0.31,74.285,12.381,49.523,74.285,24.762,30.952,4.643,30.952
2030,sc01,08-03 23:00:00+01:00,0.293,70.3,11.717,46.866,70.3,23.433,29.292,4.394,29.292
2030,sc01,08-04 00:00:00+01:00,0.3,72.0,12.0,48.0,72.0,24.0,30.0,4.5,30.0
2030,sc01,08-04 01:00:00+01:00,0.287,68.938,11.49,45.959,68.938,22.979,28.724,4.309,28.724
2030,sc01,08-04 02:00:00+01:00,0.275,66.104,11.017,44.069,66.104,22.035,27.543,4.131,27.543
2030,sc01,08-04 03:00:00+01:00,0.267,64.133,10.689,42.755,64.133,21.378,26.722,4.008,26.722
2030,sc01,08-04 04:00:00+01:00,0.261,62.6,10.433,41.734,62.6,20.867,26.083,3.913,26.083
2030,sc01,08-04 05:00:00+01:00,0.259,62.263,10.377,41.509,62.263,20.754,25.943,3.891,25.943
2030,sc01,08-04 06:00:00+01:00,0.259,62.151,10.358,41.434,62.151,20.717,25.896,3.884,25.896
2030,sc01,08-04 07:00:00+01:00,0.262,62.822,10.47,41.881,62.822,20.941,26.176,3.926,26.176
2030,sc01,08-04 08:00:00+01:00,0.269,64.66,10.777,43.107,64.66,21.553,26.942,4.041,26.942
2030,sc01,08-04 09:00:00+01:00,0.284,68.123,11.354,45.416,68.123,22.708,28.385,4.258,28.385
2030,sc01,08-04 10:00:00+01:00,0.295,70.722,11.787,47.148,70.722,23.574,29.467,4.42,29.467
2030,sc01,08-04 11:00:00+01:00,0.303,72.64,12.107,48.427,72.64,24.213,30.267,4.54,30.267
2030,sc01,08-04 12:00:00+01:00,0.302,72.439,12.073,48.293,72.439,24.146,30.183,4.527,30.183
2030,sc01,08-04 13:00:00+01:00,0.302,72.397,12.066,48.265,72.397,24.132,30.166,4.525,30.166
2030,sc01,08-04 14:00:00+01:00,0.306,73.555,12.259,49.037,73.555,24.518,30.648,4.597,30.648
2030,sc01,08-04 15:00:00+01:00,0.321,76.922,12.82,51.281,76.922,25.641,32.051,4.808,32.051
2030,sc01,08-04 16:00:00+01:00,0.337,80.946,13.491,53.964,80.946,26.982,33.728,5.059,33.728
2030,sc01,08-04 17:00:00+01:00,0.347,83.166,13.861,55.444,83.166,27.722,34.653,5.198,34.653
2030,sc01,08-04 18:00:00+01:00,0.345,82.829,13.805,55.219,82.829,27.61,34.512,5.177,34.512
2030,sc01,08-04 19:00:00+01:00,0.34,81.632,13.605,54.422,81.632,27.211,34.014,5.102,34.014
2030,sc01,08-04 20:00:00+01:00,0.333,79.989,13.332,53.326,79.989,26.663,33.329,4.999,33.329
2030,sc01,08-04 21:00:00+01:00,0.324,77.865,12.977,51.91,77.865,25.955,32.444,4.867,32.444
2030,sc01,08-04 22:00:00+01:00,0.31,74.285,12.381,49.523,74.285,24.762,30.952,4.643,30.952
2030,sc01,08-04 23:00:00+01:00,0.293,70.3,11.717,46.866,70.3,23.433,29.292,4.394,29.292
2030,sc01,08-05 00:00:00+01:00,0.3,72.0,12.0,48.0,72.0,24.0,30.0,4.5,30.0
2030,sc01,08-05 01:00:00+01:00,0.287,68.938,11.49,45.959,68.938,22.979,28.724,4.309,28.724
2030,sc01,08-05 02:00:00+01:00,0.275,66.104,11.017,44.069,66.104,22.035,27.543,4.131,27.543
2030,sc01,08-05 03:00:00+01:00,0.267,64.133,10.689,42.755,64.133,21.378,26.722,4.008,26.722
2030,sc01,08-05 04:00:00+01:00,0.261,62.6,10.433,41.734,62.6,20.867,26.083,3.913,26.083
2030,sc01,08-05 05:00:00+01:00,0.259,62.263,10.377,41.509,62.263,20.754,25.943,3.891,25.943
2030,sc01,08-05 06:00:00+01:00,0.259,62.151,10.358,41.434,62.151,20.717,25.896,3.884,25.896
2030,sc01,08-05 07:00:00+01:00,0.262,62.822,10.47,41.881,62.822,20.941,26.176,3.926,26.176
2030,sc01,08-05 08:00:00+01:00,0.269,64.66,10.777,43.107,64.66,21.553,26.942,4.041,26.942
2030,sc01,08-05 09:00:00+01:00,0.284,68.123,11.354,45.416,68.123,22.708,28.385,4.258,28.385
2030,sc01,08-05 10:00:00+01:00,0.295,70.722,11.787,47.148,70.722,23.574,29.467,4.42,29.467
2030,sc01,08-05 11:00:00+01:00,0.303,72.64,12.107,48.427,72.64,24.213,30.267,4.54,30.267
2030,sc01,08-05 12:00:00+01:00,0.302,72.439,12.073,48.293,72.439,24.146,30.183,4.527,30.183
2030,sc01,08-05 13:00:00+01:00,0.302,72.397,12.066,48.265,72.397,24.132,30.166,4.525,30.166
2030,sc01,08-05 14:00:00+01:00,0.306,73.555,12.259,49.037,73.555,24.518,30.648,4.597,30.648
2030,sc01,08-05 15:00:00+01:00,0.321,76.922,12.82,51.281,76.922,25.641,32.051,4.808,32.051
2030,sc01,08-05 16:00:00+01:00,0.337,80.946,13.491,53.964,80.946,26.982,33.728,5.059,33.728
2030,sc01,08-05 17:00:00+01:00,0.347,83.166,13.861,55.444,83.166,27.722,34.653,5.198,34.653
2030,sc01,08-05 18:00:00+01:00,0.345,82.829,13.805,55.219,82.829,27.61,34.512,5.177,34.512
2030,sc01,08-05 19:00:00+01:00,0.34,81.632,13.605,54.422,81.632,27.211,34.014,5.102,34.014
2030,sc01,08-05 20:00:00+01:00,0.333,79.989,13.332,53.326,79.989,26.663,33.329,4.999,33.329
2030,sc01,08-05 21:00:00+01:00,0.324,77.865,12.977,51.91,77.865,25.955,32.444,4.867,32.444
2030,sc01,08-05 22:00:00+01:00,0.31,74.285,12.381,49.523,74.285,24.762,30.952,4.643,30.952
2030,sc01,08-05 23:00:00+01:00,0.293,70.3,11.717,46.866,70.3,23.433,29.292,4.394,29.292
2030,sc01,08-06 00:00:00+01:00,0.3,72.0,12.0,48.0,72.0,24.0,30.0,4.5,30.0
2030,sc01,08-06 01:00:00+01:00,0.287,68.938,11.49,45.959,68.938,22.979,28.724,4.309,28.724
2030,sc01,08-06 02:00:00+01:00,0.275,66.104,11.017,44.069,66.104,22.035,27.543,4.131,27.543
2030,sc01,08-06 03:00:00+01:00,0.267,64.133,10.689,42.755,64.133,21.378,26.722,4.008,26.722
2030,sc01,08-06 04:00:00+01:00,0.261,62.6,10.433,41.734,62.6,20.867,26.083,3.913,26.083
2030,sc01,08-06 05:00:00+01:00,0.259,62.263,10.377,41.509,62.263,20.754,25.943,3.891,25.943
2030,sc01,08-06 06:00:00+01:00,0.259,62.151,10.358,41.434,62.151,20.717,25.896,3.884,25.896
2030,sc01,08-06 07:00:00+01:00,0.262,62.822,10.47,41.881,62.822,20.941,26.176,3.926,26.176
2030,sc01,08-06 08:00:00+01:00,0.269,64.66,10.777,43.107,64.66,21.553,26.942,4.041,26.942
2030,sc01,08-06 09:00:00+01:00,0.284,68.123,11.354,45.416,68.123,22.708,28.385,4.258,28.385
2030,sc01,08-06 10:00:00+01:00,0.295,70.722,11.787,47.148,70.722,23.574,29.467,4.42,29.467
2030,sc01,08-06 11:00:00+01:00,0.303,72.64,12.107,48.427,72.64,24.213,30.267,4.54,30.267
2030,sc01,08-06 12:00:00+01:00,0.302,72.439,12.073,48.293,72.439,24.146,30.183,4.527,30.183
2030,sc01,08-06 13:00:00+01:00,0.302,72.397,12.066,48.265,72.397,24.132,30.166,4.525,30.166
2030,sc01,08-06 14:00:00+01:00,0.306,73.555,12.259,49.037,73.555,24.518,30.648,4.597,30.648
2030,sc01,08-06 15:00:00+01:00,0.321,76.922,12.82,51.281,76.922,25.641,32.051,4.808,32.051
2030,sc01,08-06 16:00:00+01:00,0.337,80.946,13.491,53.964,80.946,26.982,33.728,5.059,33.728
2030,sc01,08-06 17:00:00+01:00,0.347,83.166,13.861,55.444,83.166,27.722,34.653,5.198,34.653
2030,sc01,08-06 18:00:00+01:00,0.345,82.829,13.805,55.219,82.829,27.61,34.512,5.177,34.512
2030,sc01,08-06 19:00:00+01:00,0.34,81.632,13.605,54.422,81.632,27.211,34.014,5.102,34.014
2030,sc01,08-06 20:00:00+01:00,0.333,79.989,13.332,53.326,79.989,26.663,33.329,4.999,33.329
2030,sc01,08-06 21:00:00+01:00,0.324,77.865,12.977,51.91,77.865,25.955,32.444,4.867,32.444
2030,sc01,08-06 22:00:00+01:00,0.31,74.285,12.381,49.523,74.285,24.762,30.952,4.643,30.952
2030,sc01,08-06 23:00:00+01:00,0.293,70.3,11.717,46.866,70.3,23.433,29.292,4.394,29.292
2030,sc01,08-07 00:00:00+01:00,0.3,72.0,12.0,48.0,72.0,24.0,30.0,4.5,30.0
2030,sc01,08-07 01:00:00+01:00,0.287,68.938,11.49,45.959,68.938,22.979,28.724,4.309,28.724
2030,sc01,08-07 02:00:00+01:00,0.275,66.104,11.017,44.069,66.104,22.035,27.543,4.131,27.543
2030,sc01,08-07 03:00:00+01:00,0.267,64.133,10.689,42.755,64.133,21.378,26.722,4.008,26.722
2030,sc01,08-07 04:00:00+01:00,0.261,62.6,10.433,41.734,62.6,20.867,26.083,3.913,26.083
2030,sc01,08-07 05:00:00+01:00,0.259,62.263,10.377,41.509,62.263,20.754,25.943,3.891,25.943
2030,sc01,08-07 06:00:00+01:00,0.259,62.151,10.358,41.434,62.151,20.717,25.896,3.884,25.896
2030,sc01,08-07 07:00:00+01:00,0.262,62.822,10.47,41.881,62.822,20.941,26.176,3.926,26.176
2030,sc01,08-07 08:00:00+01:00,0.269,64.66,10.777,43.107,64.66,21.553,26.942,4.041,26.942
2030,sc01,08-07 09:00:00+01:00,0.284,68.123,11.354,45.416,68.123,22.708,28.385,4.258,28.385
2030,sc01,08-07 10:00:00+01:00,0.295,70.722,11.787,47.148,70.722,23.574,29.467,4.42,29.467
2030,sc01,08-07 11:00:00+01:00,0.303,72.64,12.107,48.427,72.64,24.213,30.267,4.54,30.267
2030,sc01,08-07 12:00:00+01:00,0.302,72.439,12.073,48.293,72.439,24.146,30.183,4.527,30.183
2030,sc01,08-07 13:00:00+01:00,0.302,72.397,12.066,48.265,72.397,24.132,30.166,4.525,30.166
2030,sc01,08-07 14:00:00+01:00,0.306,73.555,12.259,49.037,73.555,24.518,30.648,4.597,30.648
2030,sc01,08-07 15:00:00+01:00,0.321,76.922,12.82,51.281,76.922,25.641,32.051,4.808,32.051
2030,sc01,08-07 16:00:00+01:00,0.337,80.946,13.491,53.964,80.946,26.982,33.728,5.059,33.728
2030,sc01,08-07 17:00:00+01:00,0.347,83.166,13.861,55.444,83.166,27.722,34.653,5.198,34.653
2030,sc01,08-07 18:00:00+01:00,0.345,82.829,13.805,55.219,82.829,27.61,34.512,5.177,34.512
2030,sc01,08-07 19:00:00+01:00,0.34,81.632,13.605,54.422,81.632,27.211,34.014,5.102,34.014
2030,sc01,08-07 20:00:00+01:00,0.333,79.989,13.332,53.326,79.989,26.663,33.329,4.999,33.329
2030,sc01,08-07 21:00:00+01:00,0.324,77.865,12.977,51.91,77.865,25.955,32.444,4.867,32.444
2030,sc01,08-07 22:00:00+01:00,0.31,74.285,12.381,49.523,74.285,24.762,30.952,4.643,30.952
2030,sc01,08-07 23:00:00+01:00,0.293,70.3,11.717,46.866,70.3,23.433,29.292,4.394,29.292
2030,sc01,08-08 00:00:00+01:00,0.3,72.0,12.0,48.0,72.0,24.0,30.0,4.5,30.0
2030,sc01,08-08 01:00:00+01:00,0.287,68.938,11.49,45.959,68.938,22.979,28.724,4.309,28.724
2030,sc01,08-08 02:00:00+01:00,0.275,66.104,11.017,44.069,66.104,22.035,27.543,4.131,27.543
2030,sc01,08-08 03:00:00+01:00,0.267,64.133,10.689,42.755,64.133,21.378,26.722,4.008,26.722
2030,sc01,08-08 04:00:00+01:00,0.261,62.6,10.433,41.734,62.6,20.867,26.083,3.913,26.083
2030,sc01,08-08 05:00:00+01:00,0.259,62.263,10.377,41.509,62.263,20.754,25.943,3.891,25.943
2030,sc01,08-08 06:00:00+01:00,0.259,62.151,10.358,41.434,62.151,20.717,25.896,3.884,25.896
2030,sc01,08-08 07:00:00+01:00,0.262,62.822,10.47,41.881,62.822,20.941,26.176,3.926,26.176
2030,sc01,08-08 08:00:00+01:00,0.269,64.66,10.777,43.107,64.66,21.553,26.942,4.041,26.942
2030,sc01,08-08 09:00:00+01:00,0.284,68.123,11.354,45.416,68.123,22.708,28.385,4.258,28.385
2030,sc01,08-08 10:00:00+01:00,0.295,70.722,11.787,47.148,70.722,23.574,29.467,4.42,29.467
2030,sc01,08-08 11:00:00+01:00,0.303,72.64,12.107,48.427,72.64,24.213,30.267,4.54,30.267
2030,sc01,08-08 12:00:00+01:00,0.302,72.439,12.073,48.293,72.439,24.146,30.183,4.527,30.183
2030,sc01,08-08 13:00:00+01:00,0.302,72.397,12.066,48.265,72.397,24.132,30.166,4.525,30.166
2030,sc01,08-08 14:00:00+01:00,0.306,73.555,12.259,49.037,73.555,24.518,30.648,4.597,30.648
2030,sc01,08-08 15:00:00+01:00,0.321,76.922,12.82,51.281,76.922,25.641,32.051,4.808,32.051
2030,sc01,08-08 16:00:00+01:00,0.337,80.946,13.491,53.964,80.946,26.982,33.728,5.059,33.728
2030,sc01,08-08 17:00:00+01:00,0.347,83.166,13.861,55.444,83.166,27.722,34.653,5.198,34.653
2030,sc01,08-08 18:00:00+01:00,0.345,82.829,13.805,55.219,82.829,27.61,34.512,5.177,34.512
2030,sc01,08-08 19:00:00+01:00,0.34,81.632,13.605,54.422,81.632,27.211,34.014,5.102,34.014
2030,sc01,08-08 20:00:00+01:00,0.333,79.989,13.332,53.326,79.989,26.663,33.329,4.999,33.329
2030,sc01,08-08 21:00:00+01:00,0.324,77.865,12.977,51.91,77.865,25.955,32.444,4.867,32.444
2030,sc01,08-08 22:00:00+01:00,0.31,74.285,12.381,49.523,74.285,24.762,30.952,4.643,30.952
2030,sc01,08-08 23:00:00+01:00,0.293,70.3,11.717,46.866,70.3,23.433,29.292,4.394,29.292
2030,sc01,08-09 00:00:00+01:00,0.3,72.0,12.0,48.0,72.0,24.0,30.0,4.5,30.0
2030,sc01,08-09 01:00:00+01:00,0.287,68.938,11.49,45.959,68.938,22.979,28.724,4.309,28.724
2030,sc01,08-09 02:00:00+01:00,0.275,66.104,11.017,44.069,66.104,22.035,27.543,4.131,27.543
2030,sc01,08-09 03:00:00+01:00,0.267,64.133,10.689,42.755,64.133,21.378,26.722,4.008,26.722
2030,sc01,08-09 04:00:00+01:00,0.261,62.6,10.433,41.734,62.6,20.867,26.083,3.913,26.083
2030,sc01,08-09 05:00:00+01:00,0.259,62.263,10.377,41.509,62.263,20.754,25.943,3.891,25.943
2030,sc01,08-09 06:00:00+01:00,0.259,62.151,10.358,41.434,62.151,20.717,25.896,3.884,25.896
2030,sc01,08-09 07:00:00+01:00,0.262,62.822,10.47,41.881,62.822,20.941,26.176,3.926,26.176
2030,sc01,08-09 08:00:00+01:00,0.269,64.66,10.777,43.107,64.66,21.553,26.942,4.041,26.942
2030,sc01,08-09 09:00:00+01:00,0.284,68.123,11.354,45.416,68.123,22.708,28.385,4.258,28.385
2030,sc01,08-09 10:00:00+01:00,0.295,70.722,11.787,47.148,70.722,23.574,29.467,4.42,29.467
2030,sc01,08-09 11:00:00+01:00,0.303,72.64,12.107,48.427,72.64,24.213,30.267,4.54,30.267
2030,sc01,08-09 12:00:00+01:00,0.302,72.439,12.073,48.293,72.439,24.146,30.183,4.527,30.183
2030,sc01,08-09 13:00:00+01:00,0.302,72.397,12.066,48.265,72.397,24.132,30.166,4.525,30.166
2030,sc01,08-09 14:00:00+01:00,0.306,73.555,12.259,49.037,73.555,24.518,30.648,4.597,30.648
2030,sc01,08-09 15:00:00+01:00,0.321,76.922,12.82,51.281,76.922,25.641,32.051,4.808,32.051
2030,sc01,08-09 16:00:00+01:00,0.337,80.946,13.491,53.964,80.946,26.982,33.728,5.059,33.728
2030,sc01,08-09 17:00:00+01:00,0.347,83.166,13.861,55.444,83.166,27.722,34.653,5.198,34.653
2030,sc01,08-09 18:00:00+01:00,0.345,82.829,13.805,55.219,82.829,27.61,34.512,5.177,34.512
2030,sc01,08-09 19:00:00+01:00,0.34,81.632,13.605,54.422,81.632,27.211,34.014,5.102,34.014
2030,sc01,08-09 20:00:00+01:00,0.333,79.989,13.332,53.326,79.989,26.663,33.329,4.999,33.329
2030,sc01,08-09 21:00:00+01:00,0.324,77.865,12.977,51.91,77.865,25.955,32.444,4.867,32.444
2030,sc01,08-09 22:00:00+01:00,0.31,74.285,12.381,49.523,74.285,24.762,30.952,4.643,30.952
2030,sc01,08-09 23:00:00+01:00,0.293,70.3,11.717,46.866,70.3,23.433,29.292,4.394,29.292
2030,sc01,08-10 00:00:00+01:00,0.3,72.0,12.0,48.0,72.0,24.0,30.0,4.5,30.0
2030,sc01,08-10 01:00:00+01:00,0.287,68.938,11.49,45.959,68.938,22.979,28.724,4.309,28.724
2030,sc01,08-10 02:00:00+01:00,0.275,66.104,11.017,44.069,66.104,22.035,27.543,4.131,27.543
2030,sc01,08-10 03:00:00+01:00,0.267,64.133,10.689,42.755,64.133,21.378,26.722,4.008,26.722
2030,sc01,08-10 04:00:00+01:00,0.261,62.6,10.433,41.734,62.6,20.867,26.083,3.913,26.083
2030,sc01,08-10 05:00:00+01:00,0.259,62.263,10.377,41.509,62.263,20.754,25.943,3.891,25.943
2030,sc01,08-10 06:00:00+01:00,0.259,62.151,10.358,41.434,62.151,20.717,25.896,3.884,25.896
2030,sc01,08-10 07:00:00+01:00,0.262,62.822,10.47,41.881,62.822,20.941,26.176,3.926,26.176
2030,sc01,08-10 08:00:00+01:00,0.269,64.66,10.777,43.107,64.66,21.553,26.942,4.041,26.942
2030,sc01,08-10 09:00:00+01:00,0.284,68.123,11.354,45.416,68.123,22.708,28.385,4.258,28.385
2030,sc01,08-10 10:00:00+01:00,0.295,70.722,11.787,47.148,70.722,23.574,29.467,4.42,29.467
2030,sc01,08-10 11:00:00+01:00,0.303,72.64,12.107,48.427,72.64,24.213,30.267,4.54,30.267
2030,sc01,08-10 12:00:00+01:00,0.302,72.439,12.073,48.293,72.439,24.146,30.183,4.527,30.183
2030,sc01,08-10 13:00:00+01:00,0.302,72.397,12.066,48.265,72.397,24.132,30.166,4.525,30.166
2030,sc01,08-10 14:00:00+01:00,0.306,73.555,12.259,49.037,73.555,24.518,30.648,4.597,30.648
2030,sc01,08-10 15:00:00+01:00,0.321,76.922,12.82,51.281,76.922,25.641,32.051,4.808,32.051
2030,sc01,08-10 16:00:00+01:00,0.337,80.946,13.491,53.964,80.946,26.982,33.728,5.059,33.728
2030,sc01,08-10 17:00:00+01:00,0.347,83.166,13.861,55.444,83.166,27.722,34.653,5.198,34.653
2030,sc01,08-10 18:00:00+01:00,0.345,82.829,13.805,55.219,82.829,27.61,34.512,5.177,34.512
2030,sc01,08-10 19:00:00+01:00,0.34,81.632,13.605,54.422,81.632,27.211,34.014,5.102,34.014
2030,sc01,08-10 20:00:00+01:00,0.333,79.989,13.332,53.326,79.989,26.663,33.329,4.999,33.329
2030,sc01,08-10 21:00:00+01:00,0.324,77.865,12.977,51.91,77.865,25.955,32.444,4.867,32.444
2030,sc01,08-10 22:00:00+01:00,0.31,74.285,12.381,49.523,74.285,24.762,30.952,4.643,30.952
2030,sc01,08-10 23:00:00+01:00,0.293,70.3,11.717,46.866,70.3,23.433,29.292,4.394,29.292
2030,sc01,08-11 00:00:00+01:00,0.3,72.0,12.0,48.0,72.0,24.0,30.0,4.5,30.0
2030,sc01,08-11 01:00:00+01:00,0.287,68.938,11.49,45.959,68.938,22.979,28.724,4.309,28.724
2030,sc01,08-11 02:00:00+01:00,0.275,66.104,11.017,44.069,66.104,22.035,27.543,4.131,27.543
2030,sc01,08-11 03:00:00+01:00,0.267,64.133,10.689,42.755,64.133,21.378,26.722,4.008,26.722
2030,sc01,08-11 04:00:00+01:00,0.261,62.6,10.433,41.734,62.6,20.867,26.083,3.913,26.083
2030,sc01,08-11 05:00:00+01:00,0.259,62.263,10.377,41.509,62.263,20.754,25.943,3.891,25.943
2030,sc01,08-11 06:00:00+01:00,0.259,62.151,10.358,41.434,62.151,20.717,25.896,3.884,25.896
2030,sc01,08-11 07:00:00+01:00,0.262,62.822,10.47,41.881,62.822,20.941,26.176,3.926,26.176
2030,sc01,08-11 08:00:00+01:00,0.269,64.66,10.777,43.107,64.66,21.553,26.942,4.041,26.942
2030,sc01,08-11 09:00:00+01:00,0.284,68.123,11.354,45.416,68.123,22.708,28.385,4.258,28.385
2030,sc01,08-11 10:00:00+01:00,0.295,70.722,11.787,47.148,70.722,23.574,29.467,4.42,29.467
2030,sc01,08-11 11:00:00+01:00,0.303,72.64,12.107,48.427,72.64,24.213,30.267,4.54,30.267
2030,sc01,08-11 12:00:00+01:00,0.302,72.439,12.073,48.293,72.439,24.146,30.183,4.527,30.183
2030,sc01,08-11 13:00:00+01:00,0.302,72.397,12.066,48.265,72.397,24.132,30.166,4.525,30.166
2030,sc01,08-11 14:00:00+01:00,0.306,73.555,12.259,49.037,73.555,24.518,30.648,4.597,30.648
2030,sc01,08-11 15:00:00+01:00,0.321,76.922,12.82,51.281,76.922,25.641,32.051,4.808,32.051
2030,sc01,08-11 16:00:00+01:00,0.337,80.946,13.491,53.964,80.946,26.982,33.728,5.059,33.728
2030,sc01,08-11 17:00:00+01:00,0.347,83.166,13.861,55.444,83.166,27.722,34.653,5.198,34.653
2030,sc01,08-11 18:00:00+01:00,0.345,82.829,13.805,55.219,82.829,27.61,34.512,5.177,34.512
2030,sc01,08-11 19:00:00+01:00,0.34,81.632,13.605,54.422,81.632,27.211,34.014,5.102,34.014
2030,sc01,08-11 20:00:00+01:00,0.333,79.989,13.332,53.326,79.989,26.663,33.329,4.999,33.329
2030,sc01,08-11 21:00:00+01:00,0.324,77.865,12.977,51.91,77.865,25.955,32.444,4.867,32.444
2030,sc01,08-11 22:00:00+01:00,0.31,74.285,12.381,49.523,74.285,24.762,30.952,4.643,30.952
2030,sc01,08-11 23:00:00+01:00,0.293,70.3,11.717,46.866,70.3,23.433,29.292,4.394,29.292
2030,sc01,08-12 00:00:00+01:00,0.3,72.0,12.0,48.0,72.0,24.0,30.0,4.5,30.0
2030,sc01,08-12 01:00:00+01:00,0.287,68.938,11.49,45.959,68.938,22.979,28.724,4.309,28.724
2030,sc01,08-12 02:00:00+01:00,0.275,66.104,11.017,44.069,66.104,22.035,27.543,4.131,27.543
2030,sc01,08-12 03:00:00+01:00,0.267,64.133,10.689,42.755,64.133,21.378,26.722,4.008,26.722
2030,sc01,08-12 04:00:00+01:00,0.261,62.6,10.433,41.734,62.6,20.867,26.083,3.913,26.083
2030,sc01,08-12 05:00:00+01:00,0.259,62.263,10.377,41.509,62.263,20.754,25.943,3.891,25.943
2030,sc01,08-12 06:00:00+01:00,0.259,62.151,10.358,41.434,62.151,20.717,25.896,3.884,25.896
2030,sc01,08-12 07:00:00+01:00,0.262,62.822,10.47,41.881,62.822,20.941,26.176,3.926,26.176
2030,sc01,08-12 08:00:00+01:00,0.269,64.66,10.777,43.107,64.66,21.553,26.942,4.041,26.942
2030,sc01,08-12 09:00:00+01:00,0.284,68.123,11.354,45.416,68.123,22.708,28.385,4.258,28.385
2030,sc01,08-12 10:00:00+01:00,0.295,70.722,11.787,47.148,70.722,23.574,29.467,4.42,29.467
2030,sc01,08-12 11:00:00+01:00,0.303,72.64,12.107,48.427,72.64,24.213,30.267,4.54,30.267
2030,sc01,08-12 12:00:00+01:00,0.302,72.439,12.073,48.293,72.439,24.146,30.183,4.527,30.183
2030,sc01,08-12 13:00:00+01:00,0.302,72.397,12.066,48.265,72.397,24.132,30.166,4.525,30.166
2030,sc01,08-12 14:00:00+01:00,0.306,73.555,12.259,49.037,73.555,24.518,30.648,4.597,30.648
2030,sc01,08-12 15:00:00+01:00,0.321,76.922,12.82,51.281,76.922,25.641,32.051,4.808,32.051
2030,sc01,08-12 16:00:00+01:00,0.337,80.946,13.491,53.964,80.946,26.982,33.728,5.059,33.728
2030,sc01,08-12 17:00:00+01:00,0.347,83.166,13.861,55.444,83.166,27.722,34.653,5.198,34.653
2030,sc01,08-12 18:00:00+01:00,0.345,82.829,13.805,55.219,82.829,27.61,34.512,5.177,34.512
2030,sc01,08-12 19:00:00+01:00,0.34,81.632,13.605,54.422,81.632,27.211,34.014,5.102,34.014
2030,sc01,08-12 20:00:00+01:00,0.333,79.989,13.332,53.326,79.989,26.663,33.329,4.999,33.329
2030,sc01,08-12 21:00:00+01:00,0.324,77.865,12.977,51.91,77.865,25.955,32.444,4.867,32.444
2030,sc01,08-12 22:00:00+01:00,0.31,74.285,12.381,49.523,74.285,24.762,30.952,4.643,30.952
2030,sc01,08-12 23:00:00+01:00,0.293,70.3,11.717,46.866,70.3,23.433,29.292,4.394,29.292
2030,sc01,08-13 00:00:00+01:00,0.3,72.0,12.0,48.0,72.0,24.0,30.0,4.5,30.0
2030,sc01,08-13 01:00:00+01:00,0.287,68.938,11.49,45.959,68.938,22.979,28.724,4.309,28.724
2030,sc01,08-13 02:00:00+01:00,0.275,66.104,11.017,44.069,66.104,22.035,27.543,4.131,27.543
2030,sc01,08-13 03:00:00+01:00,0.267,64.133,10.689,42.755,64.133,21.378,26.722,4.008,26.722
2030,sc01,08-13 04:00:00+01:00,0.261,62.6,10.433,41.734,62.6,20.867,26.083,3.913,26.083
2030,sc01,08-13 05:00:00+01:00,0.259,62.263,10.377,41.509,62.263,20.754,25.943,3.891,25.943
2030,sc01,08-13 06:00:00+01:00,0.259,62.151,10.358,41.434,62.151,20.717,25.896,3.884,25.896
2030,sc01,08-13 07:00:00+01:00,0.262,62.822,10.47,41.881,62.822,20.941,26.176,3.926,26.176
2030,sc01,08-13 08:00:00+01:00,0.269,64.66,10.777,43.107,64.66,21.553,26.942,4.041,26.942
2030,sc01,08-13 09:00:00+01:00,0.284,68.123,11.354,45.416,68.123,22.708,28.385,4.258,28.385
2030,sc01,08-13 10:00:00+01:00,0.295,70.722,11.787,47.148,70.722,23.574,29.467,4.42,29.467
2030,sc01,08-13 11:00:00+01:00,0.303,72.64,12.107,48.427,72.64,24.213,30.267,4.54,30.267
2030,sc01,08-13 12:00:00+01:00,0.302,72.439,12.073,48.293,72.439,24.146,30.183,4.527,30.183
2030,sc01,08-13 13:00:00+01:00,0.302,72.397,12.066,48.265,72.397,24.132,30.166,4.525,30.166
2030,sc01,08-13 14:00:00+01:00,0.306,73.555,12.259,49.037,73.555,24.518,30.648,4.597,30.648
2030,sc01,08-13 15:00:00+01:00,0.321,76.922,12.82,51.281,76.922,25.641,32.051,4.808,32.051
2030,sc01,08-13 16:00:00+01:00,0.337,80.946,13.491,53.964,80.946,26.982,33.728,5.059,33.728
2030,sc01,08-13 17:00:00+01:00,0.347,83.166,13.861,55.444,83.166,27.722,34.653,5.198,34.653
2030,sc01,08-13 18:00:00+01:00,0.345,82.829,13.805,55.219,82.829,27.61,34.512,5.177,34.512
2030,sc01,08-13 19:00:00+01:00,0.34,81.632,13.605,54.422,81.632,27.211,34.014,5.102,34.014
2030,sc01,08-13 20:00:00+01:00,0.333,79.989,13.332,53.326,79.989,26.663,33.329,4.999,33.329
2030,sc01,08-13 21:00:00+01:00,0.324,77.865,12.977,51.91,77.865,25.955,32.444,4.867,32.444
2030,sc01,08-13 22:00:00+01:00,0.31,74.285,12.381,49.523,74.285,24.762,30.952,4.643,30.952
2030,sc01,08-13 23:00:00+01:00,0.293,70.3,11.717,46.866,70.3,23.433,29.292,4.394,29.292
2030,sc01,08-14 00:00:00+01:00,0.3,72.0,12.0,48.0,72.0,24.0,30.0,4.5,30.0
2030,sc01,08-14 01:00:00+01:00,0.287,68.938,11.49,45.959,68.938,22.979,28.724,4.309,28.724
2030,sc01,08-14 02:00:00+01:00,0.275,66.104,11.017,44.069,66.104,22.035,27.543,4.131,27.543
2030,sc01,08-14 03:00:00+01:00,0.267,64.133,10.689,42.755,64.133,21.378,26.722,4.008,26.722
2030,sc01,08-14 04:00:00+01:00,0.261,62.6,10.433,41.734,62.6,20.867,26.083,3.913,26.083
2030,sc01,08-14 05:00:00+01:00,0.259,62.263,10.377,41.509,62.263,20.754,25.943,3.891,25.943
2030,sc01,08-14 06:00:00+01:00,0.259,62.151,10.358,41.434,62.151,20.717,25.896,3.884,25.896
2030,sc01,08-14 07:00:00+01:00,0.262,62.822,10.47,41.881,62.822,20.941,26.176,3.926,26.176
2030,sc01,08-14 08:00:00+01:00,0.269,64.66,10.777,43.107,64.66,21.553,26.942,4.041,26.942
2030,sc01,08-14 09:00:00+01:00,0.284,68.123,11.354,45.416,68.123,22.708,28.385,4.258,28.385
2030,sc01,08-14 10:00:00+01:00,0.295,70.722,11.787,47.148,70.722,23.574,29.467,4.42,29.467
2030,sc01,08-14 11:00:00+01:00,0.303,72.64,12.107,48.427,72.64,24.213,30.267,4.54,30.267
2030,sc01,08-14 12:00:00+01:00,0.302,72.439,12.073,48.293,72.439,24.146,30.183,4.527,30.183
2030,sc01,08-14 13:00:00+01:00,0.302,72.397,12.066,48.265,72.397,24.132,30.166,4.525,30.166
2030,sc01,08-14 14:00:00+01:00,0.306,73.555,12.259,49.037,73.555,24.518,30.648,4.597,30.648
2030,sc01,08-14 15:00:00+01:00,0.321,76.922,12.82,51.281,76.922,25.641,32.051,4.808,32.051
2030,sc01,08-14 16:00:00+01:00,0.337,80.946,13.491,53.964,80.946,26.982,33.728,5.059,33.728
2030,sc01,08-14 17:00:00+01:00,0.347,83.166,13.861,55.444,83.166,27.722,34.653,5.198,34.653
2030,sc01,08-14 18:00:00+01:00,0.345,82.829,13.805,55.219,82.829,27.61,34.512,5.177,34.512
2030,sc01,08-14 19:00:00+01:00,0.34,81.632,13.605,54.422,81.632,27.211,34.014,5.102,34.014
2030,sc01,08-14 20:00:00+01:00,0.333,79.989,13.332,53.326,79.989,26.663,33.329,4.999,33.329
2030,sc01,08-14 21:00:00+01:00,0.324,77.865,12.977,51.91,77.865,25.955,32.444,4.867,32.444
2030,sc01,08-14 22:00:00+01:00,0.31,74.285,12.381,49.523,74.285,24.762,30.952,4.643,30.952
2030,sc01,08-14 23:00:00+01:00,0.293,70.3,11.717,46.866,70.3,23.433,29.292,4.394,29.292
2030,sc01,08-15 00:00:00+01:00,0.3,72.0,12.0,48.0,72.0,24.0,30.0,4.5,30.0
2030,sc01,08-15 01:00:00+01:00,0.287,68.938,11.49,45.959,68.938,22.979,28.724,4.309,28.724
2030,sc01,08-15 02:00:00+01:00,0.275,66.104,11.017,44.069,66.104,22.035,27.543,4.131,27.543
2030,sc01,08-15 03:00:00+01:00,0.267,64.133,10.689,42.755,64.133,21.378,26.722,4.008,26.722
2030,sc01,08-15 04:00:00+01:00,0.261,62.6,10.433,41.734,62.6,20.867,26.083,3.913,26.083
2030,sc01,08-15 05:00:00+01:00,0.259,62.263,10.377,41.509,62.263,20.754,25.943,3.891,25.943
2030,sc01,08-15 06:00:00+01:00,0.259,62.151,10.358,41.434,62.151,20.717,25.896,3.884,25.896
2030,sc01,08-15 07:00:00+01:00,0.262,62.822,10.47,41.881,62.822,20.941,26.176,3.926,26.176
2030,sc01,08-15 08:00:00+01:00,0.269,64.66,10.777,43.107,64.66,21.553,26.942,4.041,26.942
2030,sc01,08-15 09:00:00+01:00,0.284,68.123,11.354,45.416,68.123,22.708,28.385,4.258,28.385
2030,sc01,08-15 10:00:00+01:00,0.295,70.722,11.787,47.148,70.722,23.574,29.467,4.42,29.467
2030,sc01,08-15 11:00:00+01:00,0.303,72.64,12.107,48.427,72.64,24.213,30.267,4.54,30.267
2030,sc01,08-15 12:00:00+01:00,0.302,72.439,12.073,48.293,72.439,24.146,30.183,4.527,30.183
2030,sc01,08-15 13:00:00+01:00,0.302,72.397,12.066,48.265,72.397,24.132,30.166,4.525,30.166
2030,sc01,08-15 14:00:00+01:00,0.306,73.555,12.259,49.037,73.555,24.518,30.648,4.597,30.648
2030,sc01,08-15 15:00:00+01:00,0.321,76.922,12.82,51.281,76.922,25.641,32.051,4.808,32.051
2030,sc01,08-15 16:00:00+01:00,0.337,80.946,13.491,53.964,80.946,26.982,33.728,5.059,33.728
2030,sc01,08-15 17:00:00+01:00,0.347,83.166,13.861,55.444,83.166,27.722,34.653,5.198,34.653
2030,sc01,08-15 18:00:00+01:00,0.345,82.829,13.805,55.219,82.829,27.61,34.512,5.177,34.512
2030,sc01,08-15 19:00:00+01:00,0.34,81.632,13.605,54.422,81.632,27.211,34.014,5.102,34.014
2030,sc01,08-15 20:00:00+01:00,0.333,79.989,13.332,53.326,79.989,26.663,33.329,4.999,33.329
2030,sc01,08-15 21:00:00+01:00,0.324,77.865,12.977,51.91,77.865,25.955,32.444,4.867,32.444
2030,sc01,08-15 22:00:00+01:00,0.31,74.285,12.381,49.523,74.285,24.762,30.952,4.643,30.952
2030,sc01,08-15 23:00:00+01:00,0.293,70.3,11.717,46.866,70.3,23.433,29.292,4.394,29.292
2030,sc01,08-16 00:00:00+01:00,0.3,72.0,12.0,48.0,72.0,24.0,30.0,4.5,30.0
2030,sc01,08-16 01:00:00+01:00,0.287,68.938,11.49,45.959,68.938,22.979,28.724,4.309,28.724
2030,sc01,08-16 02:00:00+01:00,0.275,66.104,11.017,44.069,66.104,22.035,27.543,4.131,27.543
2030,sc01,08-16 03:00:00+01:00,0.267,64.133,10.689,42.755,64.133,21.378,26.722,4.008,26.722
2030,sc01,08-16 04:00:00+01:00,0.261,62.6,10.433,41.734,62.6,20.867,26.083,3.913,26.083
2030,sc01,08-16 05:00:00+01:00,0.259,62.263,10.377,41.509,62.263,20.754,25.943,3.891,25.943
2030,sc01,08-16 06:00:00+01:00,0.259,62.151,10.358,41.434,62.151,20.717,25.896,3.884,25.896
2030,sc01,08-16 07:00:00+01:00,0.262,62.822,10.47,41.881,62.822,20.941,26.176,3.926,26.176
2030,sc01,08-16 08:00:00+01:00,0.269,64.66,10.777,43.107,64.66,21.553,26.942,4.041,26.942
2030,sc01,08-16 09:00:00+01:00,0.284,68.123,11.354,45.416,68.123,22.708,28.385,4.258,28.385
2030,sc01,08-16 10:00:00+01:00,0.295,70.722,11.787,47.148,70.722,23.574,29.467,4.42,29.467
2030,sc01,08-16 11:00:00+01:00,0.303,72.64,12.107,48.427,72.64,24.213,30.267,4.54,30.267
2030,sc01,08-16 12:00:00+01:00,0.302,72.439,12.073,48.293,72.439,24.146,30.183,4.527,30.183
2030,sc01,08-16 13:00:00+01:00,0.302,72.397,12.066,48.265,72.397,24.132,30.166,4.525,30.166
2030,sc01,08-16 14:00:00+01:00,0.306,73.555,12.259,49.037,73.555,24.518,30.648,4.597,30.648
2030,sc01,08-16 15:00:00+01:00,0.321,76.922,12.82,51.281,76.922,25.641,32.051,4.808,32.051
2030,sc01,08-16 16:00:00+01:00,0.337,80.946,13.491,53.964,80.946,26.982,33.728,5.059,33.728
2030,sc01,08-16 17:00:00+01:00,0.347,83.166,13.861,55.444,83.166,27.722,34.653,5.198,34.653
2030,sc01,08-16 18:00:00+01:00,0.345,82.829,13.805,55.219,82.829,27.61,34.512,5.177,34.512
2030,sc01,08-16 19:00:00+01:00,0.34,81.632,13.605,54.422,81.632,27.211,34.014,5.102,34.014
2030,sc01,08-16 20:00:00+01:00,0.333,79.989,13.332,53.326,79.989,26.663,33.329,4.999,33.329
2030,sc01,08-16 21:00:00+01:00,0.324,77.865,12.977,51.91,77.865,25.955,32.444,4.867,32.444
2030,sc01,08-16 22:00:00+01:00,0.31,74.285,12.381,49.523,74.285,24.762,30.952,4.643,30.952
2030,sc01,08-16 23:00:00+01:00,0.293,70.3,11.717,46.866,70.3,23.433,29.292,4.394,29.292
2030,sc01,08-17 00:00:00+01:00,0.3,72.0,12.0,48.0,72.0,24.0,30.0,4.5,30.0
2030,sc01,08-17 01:00:00+01:00,0.287,68.938,11.49,45.959,68.938,22.979,28.724,4.309,28.724
2030,sc01,08-17 02:00:00+01:00,0.275,66.104,11.017,44.069,66.104,22.035,27.543,4.131,27.543
2030,sc01,08-17 03:00:00+01:00,0.267,64.133,10.689,42.755,64.133,21.378,26.722,4.008,26.722
2030,sc01,08-17 04:00:00+01:00,0.261,62.6,10.433,41.734,62.6,20.867,26.083,3.913,26.083
2030,sc01,08-17 05:00:00+01:00,0.259,62.263,10.377,41.509,62.263,20.754,25.943,3.891,25.943
2030,sc01,08-17 06:00:00+01:00,0.259,62.151,10.358,41.434,62.151,20.717,25.896,3.884,25.896
2030,sc01,08-17 07:00:00+01:00,0.262,62.822,10.47,41.881,62.822,20.941,26.176,3.926,26.176
2030,sc01,08-17 08:00:00+01:00,0.269,64.66,10.777,43.107,64.66,21.553,26.942,4.041,26.942
2030,sc01,08-17 09:00:00+01:00,0.284,68.123,11.354,45.416,68.123,22.708,28.385,4.258,28.385
2030,sc01,08-17 10:00:00+01:00,0.295,70.722,11.787,47.148,70.722,23.574,29.467,4.42,29.467
2030,sc01,08-17 11:00:00+01:00,0.303,72.64,12.107,48.427,72.64,24.213,30.267,4.54,30.267
2030,sc01,08-17 12:00:00+01:00,0.302,72.439,12.073,48.293,72.439,24.146,30.183,4.527,30.183
2030,sc01,08-17 13:00:00+01:00,0.302,72.397,12.066,48.265,72.397,24.132,30.166,4.525,30.166
2030,sc01,08-17 14:00:00+01:00,0.306,73.555,12.259,49.037,73.555,24.518,30.648,4.597,30.648
2030,sc01,08-17 15:00:00+01:00,0.321,76.922,12.82,51.281,76.922,25.641,32.051,4.808,32.051
2030,sc01,08-17 16:00:00+01:00,0.337,80.946,13.491,53.964,80.946,26.982,33.728,5.059,33.728
2030,sc01,08-17 17:00:00+01:00,0.347,83.166,13.861,55.444,83.166,27.722,34.653,5.198,34.653
2030,sc01,08-17 18:00:00+01:00,0.345,82.829,13.805,55.219,82.829,27.61,34.512,5.177,34.512
2030,sc01,08-17 19:00:00+01:00,0.34,81.632,13.605,54.422,81.632,27.211,34.014,5.102,34.014
2030,sc01,08-17 20:00:00+01:00,0.333,79.989,13.332,53.326,79.989,26.663,33.329,4.999,33.329
2030,sc01,08-17 21:00:00+01:00,0.324,77.865,12.977,51.91,77.865,25.955,32.444,4.867,32.444
2030,sc01,08-17 22:00:00+01:00,0.31,74.285,12.381,49.523,74.285,24.762,30.952,4.643,30.952
2030,sc01,08-17 23:00:00+01:00,0.293,70.3,11.717,46.866,70.3,23.433,29.292,4.394,29.292
2030,sc01,08-18 00:00:00+01:00,0.3,72.0,12.0,48.0,72.0,24.0,30.0,4.5,30.0
2030,sc01,08-18 01:00:00+01:00,0.287,68.938,11.49,45.959,68.938,22.979,28.724,4.309,28.724
2030,sc01,08-18 02:00:00+01:00,0.275,66.104,11.017,44.069,66.104,22.035,27.543,4.131,27.543
2030,sc01,08-18 03:00:00+01:00,0.267,64.133,10.689,42.755,64.133,21.378,26.722,4.008,26.722
2030,sc01,08-18 04:00:00+01:00,0.261,62.6,10.433,41.734,62.6,20.867,26.083,3.913,26.083
2030,sc01,08-18 05:00:00+01:00,0.259,62.263,10.377,41.509,62.263,20.754,25.943,3.891,25.943
2030,sc01,08-18 06:00:00+01:00,0.259,62.151,10.358,41.434,62.151,20.717,25.896,3.884,25.896
2030,sc01,08-18 07:00:00+01:00,0.262,62.822,10.47,41.881,62.822,20.941,26.176,3.926,26.176
2030,sc01,08-18 08:00:00+01:00,0.269,64.66,10.777,43.107,64.66,21.553,26.942,4.041,26.942
2030,sc01,08-18 09:00:00+01:00,0.284,68.123,11.354,45.416,68.123,22.708,28.385,4.258,28.385
2030,sc01,08-18 10:00:00+01:00,0.295,70.722,11.787,47.148,70.722,23.574,29.467,4.42,29.467
2030,sc01,08-18 11:00:00+01:00,0.303,72.64,12.107,48.427,72.64,24.213,30.267,4.54,30.267
2030,sc01,08-18 12:00:00+01:00,0.302,72.439,12.073,48.293,72.439,24.146,30.183,4.527,30.183
2030,sc01,08-18 13:00:00+01:00,0.302,72.397,12.066,48.265,72.397,24.132,30.166,4.525,30.166
2030,sc01,08-18 14:00:00+01:00,0.306,73.555,12.259,49.037,73.555,24.518,30.648,4.597,30.648
2030,sc01,08-18 15:00:00+01:00,0.321,76.922,12.82,51.281,76.922,25.641,32.051,4.808,32.051
2030,sc01,08-18 16:00:00+01:00,0.337,80.946,13.491,53.964,80.946,26.982,33.728,5.059,33.728
2030,sc01,08-18 17:00:00+01:00,0.347,83.166,13.861,55.444,83.166,27.722,34.653,5.198,34.653
2030,sc01,08-18 18:00:00+01:00,0.345,82.829,13.805,55.219,82.829,27.61,34.512,5.177,34.512
2030,sc01,08-18 19:00:00+01:00,0.34,81.632,13.605,54.422,81.632,27.211,34.014,5.102,34.014
2030,sc01,08-18 20:00:00+01:00,0.333,79.989,13.332,53.326,79.989,26.663,33.329,4.999,33.329
2030,sc01,08-18 21:00:00+01:00,0.324,77.865,12.977,51.91,77.865,25.955,32.444,4.867,32.444
2030,sc01,08-18 22:00:00+01:00,0.31,74.285,12.381,49.523,74.285,24.762,30.952,4.643,30.952
2030,sc01,08-18 23:00:00+01:00,0.293,70.3,11.717,46.866,70.3,23.433,29.292,4.394,29.292
2030,sc01,08-19 00:00:00+01:00,0.3,72.0,12.0,48.0,72.0,24.0,30.0,4.5,30.0
2030,sc01,08-19 01:00:00+01:00,0.287,68.938,11.49,45.959,68.938,22.979,28.724,4.309,28.724
2030,sc01,08-19 02:00:00+01:00,0.275,66.104,11.017,44.069,66.104,22.035,27.543,4.131,27.543
2030,sc01,08-19 03:00:00+01:00,0.267,64.133,10.689,42.755,64.133,21.378,26.722,4.008,26.722
2030,sc01,08-19 04:00:00+01:00,0.261,62.6,10.433,41.734,62.6,20.867,26.083,3.913,26.083
2030,sc01,08-19 05:00:00+01:00,0.259,62.263,10.377,41.509,62.263,20.754,25.943,3.891,25.943
2030,sc01,08-19 06:00:00+01:00,0.259,62.151,10.358,41.434,62.151,20.717,25.896,3.884,25.896
2030,sc01,08-19 07:00:00+01:00,0.262,62.822,10.47,41.881,62.822,20.941,26.176,3.926,26.176
2030,sc01,08-19 08:00:00+01:00,0.269,64.66,10.777,43.107,64.66,21.553,26.942,4.041,26.942
2030,sc01,08-19 09:00:00+01:00,0.284,68.123,11.354,45.416,68.123,22.708,28.385,4.258,28.385
2030,sc01,08-19 10:00:00+01:00,0.295,70.722,11.787,47.148,70.722,23.574,29.467,4.42,29.467
2030,sc01,08-19 11:00:00+01:00,0.303,72.64,12.107,48.427,72.64,24.213,30.267,4.54,30.267
2030,sc01,08-19 12:00:00+01:00,0.302,72.439,12.073,48.293,72.439,24.146,30.183,4.527,30.183
2030,sc01,08-19 13:00:00+01:00,0.302,72.397,12.066,48.265,72.397,24.132,30.166,4.525,30.166
2030,sc01,08-19 14:00:00+01:00,0.306,73.555,12.259,49.037,73.555,24.518,30.648,4.597,30.648
2030,sc01,08-19 15:00:00+01:00,0.321,76.922,12.82,51.281,76.922,25.641,32.051,4.808,32.051
2030,sc01,08-19 16:00:00+01:00,0.337,80.946,13.491,53.964,80.946,26.982,33.728,5.059,33.728
2030,sc01,08-19 17:00:00+01:00,0.347,83.166,13.861,55.444,83.166,27.722,34.653,5.198,34.653
2030,sc01,08-19 18:00:00+01:00,0.345,82.829,13.805,55.219,82.829,27.61,34.512,5.177,34.512
2030,sc01,08-19 19:00:00+01:00,0.34,81.632,13.605,54.422,81.632,27.211,34.014,5.102,34.014
2030,sc01,08-19 20:00:00+01:00,0.333,79.989,13.332,53.326,79.989,26.663,33.329,4.999,33.329
2030,sc01,08-19 21:00:00+01:00,0.324,77.865,12.977,51.91,77.865,25.955,32.444,4.867,32.444
2030,sc01,08-19 22:00:00+01:00,0.31,74.285,12.381,49.523,74.285,24.762,30.952,4.643,30.952
2030,sc01,08-19 23:00:00+01:00,0.293,70.3,11.717,46.866,70.3,23.433,29.292,4.394,29.292
2030,sc01,08-20 00:00:00+01:00,0.3,72.0,12.0,48.0,72.0,24.0,30.0,4.5,30.0
2030,sc01,08-20 01:00:00+01:00,0.287,68.938,11.49,45.959,68.938,22.979,28.724,4.309,28.724
2030,sc01,08-20 02:00:00+01:00,0.275,66.104,11.017,44.069,66.104,22.035,27.543,4.131,27.543
2030,sc01,08-20 03:00:00+01:00,0.267,64.133,10.689,42.755,64.133,21.378,26.722,4.008,26.722
2030,sc01,08-20 04:00:00+01:00,0.261,62.6,10.433,41.734,62.6,20.867,26.083,3.913,26.083
2030,sc01,08-20 05:00:00+01:00,0.259,62.263,10.377,41.509,62.263,20.754,25.943,3.891,25.943
2030,sc01,08-20 06:00:00+01:00,0.259,62.151,10.358,41.434,62.151,20.717,25.896,3.884,25.896
2030,sc01,08-20 07:00:00+01:00,0.262,62.822,10.47,41.881,62.822,20.941,26.176,3.926,26.176
2030,sc01,08-20 08:00:00+01:00,0.269,64.66,10.777,43.107,64.66,21.553,26.942,4.041,26.942
2030,sc01,08-20 09:00:00+01:00,0.284,68.123,11.354,45.416,68.123,22.708,28.385,4.258,28.385
2030,sc01,08-20 10:00:00+01:00,0.295,70.722,11.787,47.148,70.722,23.574,29.467,4.42,29.467
2030,sc01,08-20 11:00:00+01:00,0.303,72.64,12.107,48.427,72.64,24.213,30.267,4.54,30.267
2030,sc01,08-20 12:00:00+01:00,0.302,72.439,12.073,48.293,72.439,24.146,30.183,4.527,30.183
2030,sc01,08-20 13:00:00+01:00,0.302,72.397,12.066,48.265,72.397,24.132,30.166,4.525,30.166
2030,sc01,08-20 14:00:00+01:00,0.306,73.555,12.259,49.037,73.555,24.518,30.648,4.597,30.648
2030,sc01,08-20 15:00:00+01:00,0.321,76.922,12.82,51.281,76.922,25.641,32.051,4.808,32.051
2030,sc01,08-20 16:00:00+01:00,0.337,80.946,13.491,53.964,80.946,26.982,33.728,5.059,33.728
2030,sc01,08-20 17:00:00+01:00,0.347,83.166,13.861,55.444,83.166,27.722,34.653,5.198,34.653
2030,sc01,08-20 18:00:00+01:00,0.345,82.829,13.805,55.219,82.829,27.61,34.512,5.177,34.512
2030,sc01,08-20 19:00:00+01:00,0.34,81.632,13.605,54.422,81.632,27.211,34.014,5.102,34.014
2030,sc01,08-20 20:00:00+01:00,0.333,79.989,13.332,53.326,79.989,26.663,33.329,4.999,33.329
2030,sc01,08-20 21:00:00+01:00,0.324,77.865,12.977,51.91,77.865,25.955,32.444,4.867,32.444
2030,sc01,08-20 22:00:00+01:00,0.31,74.285,12.381,49.523,74.285,24.762,30.952,4.643,30.952
2030,sc01,08-20 23:00:00+01:00,0.293,70.3,11.717,46.866,70.3,23.433,29.292,4.394,29.292
2030,sc01,08-21 00:00:00+01:00,0.3,72.0,12.0,48.0,72.0,24.0,30.0,4.5,30.0
2030,sc01,08-21 01:00:00+01:00,0.287,68.938,11.49,45.959,68.938,22.979,28.724,4.309,28.724
2030,sc01,08-21 02:00:00+01:00,0.275,66.104,11.017,44.069,66.104,22.035,27.543,4.131,27.543
2030,sc01,08-21 03:00:00+01:00,0.267,64.133,10.689,42.755,64.133,21.378,26.722,4.008,26.722
2030,sc01,08-21 04:00:00+01:00,0.261,62.6,10.433,41.734,62.6,20.867,26.083,3.913,26.083
2030,sc01,08-21 05:00:00+01:00,0.259,62.263,10.377,41.509,62.263,20.754,25.943,3.891,25.943
2030,sc01,08-21 06:00:00+01:00,0.259,62.151,10.358,41.434,62.151,20.717,25.896,3.884,25.896
2030,sc01,08-21 07:00:00+01:00,0.262,62.822,10.47,41.881,62.822,20.941,26.176,3.926,26.176
2030,sc01,08-21 08:00:00+01:00,0.269,64.66,10.777,43.107,64.66,21.553,26.942,4.041,26.942
2030,sc01,08-21 09:00:00+01:00,0.284,68.123,11.354,45.416,68.123,22.708,28.385,4.258,28.385
2030,sc01,08-21 10:00:00+01:00,0.295,70.722,11.787,47.148,70.722,23.574,29.467,4.42,29.467
2030,sc01,08-21 11:00:00+01:00,0.303,72.64,12.107,48.427,72.64,24.213,30.267,4.54,30.267
2030,sc01,08-21 12:00:00+01:00,0.302,72.439,12.073,48.293,72.439,24.146,30.183,4.527,30.183
2030,sc01,08-21 13:00:00+01:00,0.302,72.397,12.066,48.265,72.397,24.132,30.166,4.525,30.166
2030,sc01,08-21 14:00:00+01:00,0.306,73.555,12.259,49.037,73.555,24.518,30.648,4.597,30.648
2030,sc01,08-21 15:00:00+01:00,0.321,76.922,12.82,51.281,76.922,25.641,32.051,4.808,32.051
2030,sc01,08-21 16:00:00+01:00,0.337,80.946,13.491,53.964,80.946,26.982,33.728,5.059,33.728
2030,sc01,08-21 17:00:00+01:00,0.347,83.166,13.861,55.444,83.166,27.722,34.653,5.198,34.653
2030,sc01,08-21 18:00:00+01:00,0.345,82.829,13.805,55.219,82.829,27.61,34.512,5.177,34.512
2030,sc01,08-21 19:00:00+01:00,0.34,81.632,13.605,54.422,81.632,27.211,34.014,5.102,34.014
2030,sc01,08-21 20:00:00+01:00,0.333,79.989,13.332,53.326,79.989,26.663,33.329,4.999,33.329
2030,sc01,08-21 21:00:00+01:00,0.324,77.865,12.977,51.91,77.865,25.955,32.444,4.867,32.444
2030,sc01,08-21 22:00:00+01:00,0.31,74.285,12.381,49.523,74.285,24.762,30.952,4.643,30.952
2030,sc01,08-21 23:00:00+01:00,0.293,70.3,11.717,46.866,70.3,23.433,29.292,4.394,29.292
2030,sc01,08-22 00:00:00+01:00,0.3,72.0,12.0,48.0,72.0,24.0,30.0,4.5,30.0
2030,sc01,08-22 01:00:00+01:00,0.287,68.938,11.49,45.959,68.938,22.979,28.724,4.309,28.724
2030,sc01,08-22 02:00:00+01:00,0.275,66.104,11.017,44.069,66.104,22.035,27.543,4.131,27.543
2030,sc01,08-22 03:00:00+01:00,0.267,64.133,10.689,42.755,64.133,21.378,26.722,4.008,26.722
2030,sc01,08-22 04:00:00+01:00,0.261,62.6,10.433,41.734,62.6,20.867,26.083,3.913,26.083
2030,sc01,08-22 05:00:00+01:00,0.259,62.263,10.377,41.509,62.263,20.754,25.943,3.891,25.943
2030,sc01,08-22 06:00:00+01:00,0.259,62.151,10.358,41.434,62.151,20.717,25.896,3.884,25.896
2030,sc01,08-22 07:00:00+01:00,0.262,62.822,10.47,41.881,62.822,20.941,26.176,3.926,26.176
2030,sc01,08-22 08:00:00+01:00,0.269,64.66,10.777,43.107,64.66,21.553,26.942,4.041,26.942
2030,sc01,08-22 09:00:00+01:00,0.284,68.123,11.354,45.416,68.123,22.708,28.385,4.258,28.385
2030,sc01,08-22 10:00:00+01:00,0.295,70.722,11.787,47.148,70.722,23.574,29.467,4.42,29.467
2030,sc01,08-22 11:00:00+01:00,0.303,72.64,12.107,48.427,72.64,24.213,30.267,4.54,30.267
2030,sc01,08-22 12:00:00+01:00,0.302,72.439,12.073,48.293,72.439,24.146,30.183,4.527,30.183
2030,sc01,08-22 13:00:00+01:00,0.302,72.397,12.066,48.265,72.397,24.132,30.166,4.525,30.166
2030,sc01,08-22 14:00:00+01:00,0.306,73.555,12.259,49.037,73.555,24.518,30.648,4.597,30.648
2030,sc01,08-22 15:00:00+01:00,0.321,76.922,12.82,51.281,76.922,25.641,32.051,4.808,32.051
2030,sc01,08-22 16:00:00+01:00,0.337,80.946,13.491,53.964,80.946,26.982,33.728,5.059,33.728
2030,sc01,08-22 17:00:00+01:00,0.347,83.166,13.861,55.444,83.166,27.722,34.653,5.198,34.653
2030,sc01,08-22 18:00:00+01:00,0.345,82.829,13.805,55.219,82.829,27.61,34.512,5.177,34.512
2030,sc01,08-22 19:00:00+01:00,0.34,81.632,13.605,54.422,81.632,27.211,34.014,5.102,34.014
2030,sc01,08-22 20:00:00+01:00,0.333,79.989,13.332,53.326,79.989,26.663,33.329,4.999,33.329
2030,sc01,08-22 21:00:00+01:00,0.324,77.865,12.977,51.91,77.865,25.955,32.444,4.867,32.444
2030,sc01,08-22 22:00:00+01:00,0.31,74.285,12.381,49.523,74.285,24.762,30.952,4.643,30.952
2030,sc01,08-22 23:00:00+01:00,0.293,70.3,11.717,46.866,70.3,23.433,29.292,4.394,29.292
2030,sc01,08-23 00:00:00+01:00,0.3,72.0,12.0,48.0,72.0,24.0,30.0,4.5,30.0
2030,sc01,08-23 01:00:00+01:00,0.287,68.938,11.49,45.959,68.938,22.979,28.724,4.309,28.724
2030,sc01,08-23 02:00:00+01:00,0.275,66.104,11.017,44.069,66.104,22.035,27.543,4.131,27.543
2030,sc01,08-23 03:00:00+01:00,0.267,64.133,10.689,42.755,64.133,21.378,26.722,4.008,26.722
2030,sc01,08-23 04:00:00+01:00,0.261,62.6,10.433,41.734,62.6,20.867,26.083,3.913,26.083
2030,sc01,08-23 05:00:00+01:00,0.259,62.263,10.377,41.509,62.263,20.754,25.943,3.891,25.943
2030,sc01,08-23 06:00:00+01:00,0.259,62.151,10.358,41.434,62.151,20.717,25.896,3.884,25.896
2030,sc01,08-23 07:00:00+01:00,0.262,62.822,10.47,41.881,62.822,20.941,26.176,3.926,26.176
2030,sc01,08-23 08:00:00+01:00,0.269,64.66,10.777,43.107,64.66,21.553,26.942,4.041,26.942
2030,sc01,08-23 09:00:00+01:00,0.284,68.123,11.354,45.416,68.123,22.708,28.385,4.258,28.385
2030,sc01,08-23 10:00:00+01:00,0.295,70.722,11.787,47.148,70.722,23.574,29.467,4.42,29.467
2030,sc01,08-23 11:00:00+01:00,0.303,72.64,12.107,48.427,72.64,24.213,30.267,4.54,30.267
2030,sc01,08-23 12:00:00+01:00,0.302,72.439,12.073,48.293,72.439,24.146,30.183,4.527,30.183
2030,sc01,08-23 13:00:00+01:00,0.302,72.397,12.066,48.265,72.397,24.132,30.166,4.525,30.166
2030,sc01,08-23 14:00:00+01:00,0.306,73.555,12.259,49.037,73.555,24.518,30.648,4.597,30.648
2030,sc01,08-23 15:00:00+01:00,0.321,76.922,12.82,51.281,76.922,25.641,32.051,4.808,32.051
2030,sc01,08-23 16:00:00+01:00,0.337,80.946,13.491,53.964,80.946,26.982,33.728,5.059,33.728
2030,sc01,08-23 17:00:00+01:00,0.347,83.166,13.861,55.444,83.166,27.722,34.653,5.198,34.653
2030,sc01,08-23 18:00:00+01:00,0.345,82.829,13.805,55.219,82.829,27.61,34.512,5.177,34.512
2030,sc01,08-23 19:00:00+01:00,0.34,81.632,13.605,54.422,81.632,27.211,34.014,5.102,34.014
2030,sc01,08-23 20:00:00+01:00,0.333,79.989,13.332,53.326,79.989,26.663,33.329,4.999,33.329
2030,sc01,08-23 21:00:00+01:00,0.324,77.865,12.977,51.91,77.865,25.955,32.444,4.867,32.444
2030,sc01,08-23 22:00:00+01:00,0.31,74.285,12.381,49.523,74.285,24.762,30.952,4.643,30.952
2030,sc01,08-23 23:00:00+01:00,0.293,70.3,11.717,46.866,70.3,23.433,29.292,4.394,29.292
2030,sc01,08-24 00:00:00+01:00,0.3,72.0,12.0,48.0,72.0,24.0,30.0,4.5,30.0
2030,sc01,08-24 01:00:00+01:00,0.287,68.938,11.49,45.959,68.938,22.979,28.724,4.309,28.724
2030,sc01,08-24 02:00:00+01:00,0.275,66.104,11.017,44.069,66.104,22.035,27.543,4.131,27.543
2030,sc01,08-24 03:00:00+01:00,0.267,64.133,10.689,42.755,64.133,21.378,26.722,4.008,26.722
2030,sc01,08-24 04:00:00+01:00,0.261,62.6,10.433,41.734,62.6,20.867,26.083,3.913,26.083
2030,sc01,08-24 05:00:00+01:00,0.259,62.263,10.377,41.509,62.263,20.754,25.943,3.891,25.943
2030,sc01,08-24 06:00:00+01:00,0.259,62.151,10.358,41.434,62.151,20.717,25.896,3.884,25.896
2030,sc01,08-24 07:00:00+01:00,0.262,62.822,10.47,41.881,62.822,20.941,26.176,3.926,26.176
2030,sc01,08-24 08:00:00+01:00,0.269,64.66,10.777,43.107,64.66,21.553,26.942,4.041,26.942
2030,sc01,08-24 09:00:00+01:00,0.284,68.123,11.354,45.416,68.123,22.708,28.385,4.258,28.385
2030,sc01,08-24 10:00:00+01:00,0.295,70.722,11.787,47.148,70.722,23.574,29.467,4.42,29.467
2030,sc01,08-24 11:00:00+01:00,0.303,72.64,12.107,48.427,72.64,24.213,30.267,4.54,30.267
2030,sc01,08-24 12:00:00+01:00,0.302,72.439,12.073,48.293,72.439,24.146,30.183,4.527,30.183
2030,sc01,08-24 13:00:00+01:00,0.302,72.397,12.066,48.265,72.397,24.132,30.166,4.525,30.166
2030,sc01,08-24 14:00:00+01:00,0.306,73.555,12.259,49.037,73.555,24.518,30.648,4.597,30.648
2030,sc01,08-24 15:00:00+01:00,0.321,76.922,12.82,51.281,76.922,25.641,32.051,4.808,32.051
2030,sc01,08-24 16:00:00+01:00,0.337,80.946,13.491,53.964,80.946,26.982,33.728,5.059,33.728
2030,sc01,08-24 17:00:00+01:00,0.347,83.166,13.861,55.444,83.166,27.722,34.653,5.198,34.653
2030,sc01,08-24 18:00:00+01:00,0.345,82.829,13.805,55.219,82.829,27.61,34.512,5.177,34.512
2030,sc01,08-24 19:00:00+01:00,0.34,81.632,13.605,54.422,81.632,27.211,34.014,5.102,34.014
2030,sc01,08-24 20:00:00+01:00,0.333,79.989,13.332,53.326,79.989,26.663,33.329,4.999,33.329
2030,sc01,08-24 21:00:00+01:00,0.324,77.865,12.977,51.91,77.865,25.955,32.444,4.867,32.444
2030,sc01,08-24 22:00:00+01:00,0.31,74.285,12.381,49.523,74.285,24.762,30.952,4.643,30.952
2030,sc01,08-24 23:00:00+01:00,0.293,70.3,11.717,46.866,70.3,23.433,29.292,4.394,29.292
2030,sc01,08-25 00:00:00+01:00,0.3,72.0,12.0,48.0,72.0,24.0,30.0,4.5,30.0
2030,sc01,08-25 01:00:00+01:00,0.287,68.938,11.49,45.959,68.938,22.979,28.724,4.309,28.724
2030,sc01,08-25 02:00:00+01:00,0.275,66.104,11.017,44.069,66.104,22.035,27.543,4.131,27.543
2030,sc01,08-25 03:00:00+01:00,0.267,64.133,10.689,42.755,64.133,21.378,26.722,4.008,26.722
2030,sc01,08-25 04:00:00+01:00,0.261,62.6,10.433,41.734,62.6,20.867,26.083,3.913,26.083
2030,sc01,08-25 05:00:00+01:00,0.259,62.263,10.377,41.509,62.263,20.754,25.943,3.891,25.943
2030,sc01,08-25 06:00:00+01:00,0.259,62.151,10.358,41.434,62.151,20.717,25.896,3.884,25.896
2030,sc01,08-25 07:00:00+01:00,0.262,62.822,10.47,41.881,62.822,20.941,26.176,3.926,26.176
2030,sc01,08-25 08:00:00+01:00,0.269,64.66,10.777,43.107,64.66,21.553,26.942,4.041,26.942
2030,sc01,08-25 09:00:00+01:00,0.284,68.123,11.354,45.416,68.123,22.708,28.385,4.258,28.385
2030,sc01,08-25 10:00:00+01:00,0.295,70.722,11.787,47.148,70.722,23.574,29.467,4.42,29.467
2030,sc01,08-25 11:00:00+01:00,0.303,72.64,12.107,48.427,72.64,24.213,30.267,4.54,30.267
2030,sc01,08-25 12:00:00+01:00,0.302,72.439,12.073,48.293,72.439,24.146,30.183,4.527,30.183
2030,sc01,08-25 13:00:00+01:00,0.302,72.397,12.066,48.265,72.397,24.132,30.166,4.525,30.166
2030,sc01,08-25 14:00:00+01:00,0.306,73.555,12.259,49.037,73.555,24.518,30.648,4.597,30.648
2030,sc01,08-25 15:00:00+01:00,0.321,76.922,12.82,51.281,76.922,25.641,32.051,4.808,32.051
2030,sc01,08-25 16:00:00+01:00,0.337,80.946,13.491,53.964,80.946,26.982,33.728,5.059,33.728
2030,sc01,08-25 17:00:00+01:00,0.347,83.166,13.861,55.444,83.166,27.722,34.653,5.198,34.653
2030,sc01,08-25 18:00:00+01:00,0.345,82.829,13.805,55.219,82.829,27.61,34.512,5.177,34.512
2030,sc01,08-25 19:00:00+01:00,0.34,81.632,13.605,54.422,81.632,27.211,34.014,5.102,34.014
2030,sc01,08-25 20:00:00+01:00,0.333,79.989,13.332,53.326,79.989,26.663,33.329,4.999,33.329
2030,sc01,08-25 21:00:00+01:00,0.324,77.865,12.977,51.91,77.865,25.955,32.444,4.867,32.444
2030,sc01,08-25 22:00:00+01:00,0.31,74.285,12.381,49.523,74.285,24.762,30.952,4.643,30.952
2030,sc01,08-25 23:00:00+01:00,0.293,70.3,11.717,46.866,70.3,23.433,29.292,4.394,29.292
2030,sc01,08-26 00:00:00+01:00,0.3,72.0,12.0,48.0,72.0,24.0,30.0,4.5,30.0
2030,sc01,08-26 01:00:00+01:00,0.287,68.938,11.49,45.959,68.938,22.979,28.724,4.309,28.724
2030,sc01,08-26 02:00:00+01:00,0.275,66.104,11.017,44.069,66.104,22.035,27.543,4.131,27.543
2030,sc01,08-26 03:00:00+01:00,0.267,64.133,10.689,42.755,64.133,21.378,26.722,4.008,26.722
2030,sc01,08-26 04:00:00+01:00,0.261,62.6,10.433,41.734,62.6,20.867,26.083,3.913,26.083
2030,sc01,08-26 05:00:00+01:00,0.259,62.263,10.377,41.509,62.263,20.754,25.943,3.891,25.943
2030,sc01,08-26 06:00:00+01:00,0.259,62.151,10.358,41.434,62.151,20.717,25.896,3.884,25.896
2030,sc01,08-26 07:00:00+01:00,0.262,62.822,10.47,41.881,62.822,20.941,26.176,3.926,26.176
2030,sc01,08-26 08:00:00+01:00,0.269,64.66,10.777,43.107,64.66,21.553,26.942,4.041,26.942
2030,sc01,08-26 09:00:00+01:00,0.284,68.123,11.354,45.416,68.123,22.708,28.385,4.258,28.385
2030,sc01,08-26 10:00:00+01:00,0.295,70.722,11.787,47.148,70.722,23.574,29.467,4.42,29.467
2030,sc01,08-26 11:00:00+01:00,0.303,72.64,12.107,48.427,72.64,24.213,30.267,4.54,30.267
2030,sc01,08-26 12:00:00+01:00,0.302,72.439,12.073,48.293,72.439,24.146,30.183,4.527,30.183
2030,sc01,08-26 13:00:00+01:00,0.302,72.397,12.066,48.265,72.397,24.132,30.166,4.525,30.166
2030,sc01,08-26 14:00:00+01:00,0.306,73.555,12.259,49.037,73.555,24.518,30.648,4.597,30.648
2030,sc01,08-26 15:00:00+01:00,0.321,76.922,12.82,51.281,76.922,25.641,32.051,4.808,32.051
2030,sc01,08-26 16:00:00+01:00,0.337,80.946,13.491,53.964,80.946,26.982,33.728,5.059,33.728
2030,sc01,08-26 17:00:00+01:00,0.347,83.166,13.861,55.444,83.166,27.722,34.653,5.198,34.653
2030,sc01,08-26 18:00:00+01:00,0.345,82.829,13.805,55.219,82.829,27.61,34.512,5.177,34.512
2030,sc01,08-26 19:00:00+01:00,0.34,81.632,13.605,54.422,81.632,27.211,34.014,5.102,34.014
2030,sc01,08-26 20:00:00+01:00,0.333,79.989,13.332,53.326,79.989,26.663,33.329,4.999,33.329
2030,sc01,08-26 21:00:00+01:00,0.324,77.865,12.977,51.91,77.865,25.955,32.444,4.867,32.444
2030,sc01,08-26 22:00:00+01:00,0.31,74.285,12.381,49.523,74.285,24.762,30.952,4.643,30.952
2030,sc01,08-26 23:00:00+01:00,0.293,70.3,11.717,46.866,70.3,23.433,29.292,4.394,29.292
2030,sc01,08-27 00:00:00+01:00,0.3,72.0,12.0,48.0,72.0,24.0,30.0,4.5,30.0
2030,sc01,08-27 01:00:00+01:00,0.287,68.938,11.49,45.959,68.938,22.979,28.724,4.309,28.724
2030,sc01,08-27 02:00:00+01:00,0.275,66.104,11.017,44.069,66.104,22.035,27.543,4.131,27.543
2030,sc01,08-27 03:00:00+01:00,0.267,64.133,10.689,42.755,64.133,21.378,26.722,4.008,26.722
2030,sc01,08-27 04:00:00+01:00,0.261,62.6,10.433,41.734,62.6,20.867,26.083,3.913,26.083
2030,sc01,08-27 05:00:00+01:00,0.259,62.263,10.377,41.509,62.263,20.754,25.943,3.891,25.943
2030,sc01,08-27 06:00:00+01:00,0.259,62.151,10.358,41.434,62.151,20.717,25.896,3.884,25.896
2030,sc01,08-27 07:00:00+01:00,0.262,62.822,10.47,41.881,62.822,20.941,26.176,3.926,26.176
2030,sc01,08-27 08:00:00+01:00,0.269,64.66,10.777,43.107,64.66,21.553,26.942,4.041,26.942
2030,sc01,08-27 09:00:00+01:00,0.284,68.123,11.354,45.416,68.123,22.708,28.385,4.258,28.385
2030,sc01,08-27 10:00:00+01:00,0.295,70.722,11.787,47.148,70.722,23.574,29.467,4.42,29.467
2030,sc01,08-27 11:00:00+01:00,0.303,72.64,12.107,48.427,72.64,24.213,30.267,4.54,30.267
2030,sc01,08-27 12:00:00+01:00,0.302,72.439,12.073,48.293,72.439,24.146,30.183,4.527,30.183
2030,sc01,08-27 13:00:00+01:00,0.302,72.397,12.066,48.265,72.397,24.132,30.166,4.525,30.166
2030,sc01,08-27 14:00:00+01:00,0.306,73.555,12.259,49.037,73.555,24.518,30.648,4.597,30.648
2030,sc01,08-27 15:00:00+01:00,0.321,76.922,12.82,51.281,76.922,25.641,32.051,4.808,32.051
2030,sc01,08-27 16:00:00+01:00,0.337,80.946,13.491,53.964,80.946,26.982,33.728,5.059,33.728
2030,sc01,08-27 17:00:00+01:00,0.347,83.166,13.861,55.444,83.166,27.722,34.653,5.198,34.653
2030,sc01,08-27 18:00:00+01:00,0.345,82.829,13.805,55.219,82.829,27.61,34.512,5.177,34.512
2030,sc01,08-27 19:00:00+01:00,0.34,81.632,13.605,54.422,81.632,27.211,34.014,5.102,34.014
2030,sc01,08-27 20:00:00+01:00,0.333,79.989,13.332,53.326,79.989,26.663,33.329,4.999,33.329
2030,sc01,08-27 21:00:00+01:00,0.324,77.865,12.977,51.91,77.865,25.955,32.444,4.867,32.444
2030,sc01,08-27 22:00:00+01:00,0.31,74.285,12.381,49.523,74.285,24.762,30.952,4.643,30.952
2030,sc01,08-27 23:00:00+01:00,0.293,70.3,11.717,46.866,70.3,23.433,29.292,4.394,29.292
2030,sc01,08-28 00:00:00+01:00,0.3,72.0,12.0,48.0,72.0,24.0,30.0,4.5,30.0
2030,sc01,08-28 01:00:00+01:00,0.287,68.938,11.49,45.959,68.938,22.979,28.724,4.309,28.724
2030,sc01,08-28 02:00:00+01:00,0.275,66.104,11.017,44.069,66.104,22.035,27.543,4.131,27.543
2030,sc01,08-28 03:00:00+01:00,0.267,64.133,10.689,42.755,64.133,21.378,26.722,4.008,26.722
2030,sc01,08-28 04:00:00+01:00,0.261,62.6,10.433,41.734,62.6,20.867,26.083,3.913,26.083
2030,sc01,08-28 05:00:00+01:00,0.259,62.263,10.377,41.509,62.263,20.754,25.943,3.891,25.943
2030,sc01,08-28 06:00:00+01:00,0.259,62.151,10.358,41.434,62.151,20.717,25.896,3.884,25.896
2030,sc01,08-28 07:00:00+01:00,0.262,62.822,10.47,41.881,62.822,20.941,26.176,3.926,26.176
2030,sc01,08-28 08:00:00+01:00,0.269,64.66,10.777,43.107,64.66,21.553,26.942,4.041,26.942
2030,sc01,08-28 09:00:00+01:00,0.284,68.123,11.354,45.416,68.123,22.708,28.385,4.258,28.385
2030,sc01,08-28 10:00:00+01:00,0.295,70.722,11.787,47.148,70.722,23.574,29.467,4.42,29.467
2030,sc01,08-28 11:00:00+01:00,0.303,72.64,12.107,48.427,72.64,24.213,30.267,4.54,30.267
2030,sc01,08-28 12:00:00+01:00,0.302,72.439,12.073,48.293,72.439,24.146,30.183,4.527,30.183
2030,sc01,08-28 13:00:00+01:00,0.302,72.397,12.066,48.265,72.397,24.132,30.166,4.525,30.166
2030,sc01,08-28 14:00:00+01:00,0.306,73.555,12.259,49.037,73.555,24.518,30.648,4.597,30.648
2030,sc01,08-28 15:00:00+01:00,0.321,76.922,12.82,51.281,76.922,25.641,32.051,4.808,32.051
2030,sc01,08-28 16:00:00+01:00,0.337,80.946,13.491,53.964,80.946,26.982,33.728,5.059,33.728
2030,sc01,08-28 17:00:00+01:00,0.347,83.166,13.861,55.444,83.166,27.722,34.653,5.198,34.653
2030,sc01,08-28 18:00:00+01:00,0.345,82.829,13.805,55.219,82.829,27.61,34.512,5.177,34.512
2030,sc01,08-28 19:00:00+01:00,0.34,81.632,13.605,54.422,81.632,27.211,34.014,5.102,34.014
2030,sc01,08-28 20:00:00+01:00,0.333,79.989,13.332,53.326,79.989,26.663,33.329,4.999,33.329
2030,sc01,08-28 21:00:00+01:00,0.324,77.865,12.977,51.91,77.865,25.955,32.444,4.867,32.444
2030,sc01,08-28 22:00:00+01:00,0.31,74.285,12.381,49.523,74.285,24.762,30.952,4.643,30.952
2030,sc01,08-28 23:00:00+01:00,0.293,70.3,11.717,46.866,70.3,23.433,29.292,4.394,29.292
2030,sc01,08-29 00:00:00+01:00,0.3,72.0,12.0,48.0,72.0,24.0,30.0,4.5,30.0
2030,sc01,08-29 01:00:00+01:00,0.287,68.938,11.49,45.959,68.938,22.979,28.724,4.309,28.724
2030,sc01,08-29 02:00:00+01:00,0.275,66.104,11.017,44.069,66.104,22.035,27.543,4.131,27.543
2030,sc01,08-29 03:00:00+01:00,0.267,64.133,10.689,42.755,64.133,21.378,26.722,4.008,26.722
2030,sc01,08-29 04:00:00+01:00,0.261,62.6,10.433,41.734,62.6,20.867,26.083,3.913,26.083
2030,sc01,08-29 05:00:00+01:00,0.259,62.263,10.377,41.509,62.263,20.754,25.943,3.891,25.943
2030,sc01,08-29 06:00:00+01:00,0.259,62.151,10.358,41.434,62.151,20.717,25.896,3.884,25.896
2030,sc01,08-29 07:00:00+01:00,0.262,62.822,10.47,41.881,62.822,20.941,26.176,3.926,26.176
2030,sc01,08-29 08:00:00+01:00,0.269,64.66,10.777,43.107,64.66,21.553,26.942,4.041,26.942
2030,sc01,08-29 09:00:00+01:00,0.284,68.123,11.354,45.416,68.123,22.708,28.385,4.258,28.385
2030,sc01,08-29 10:00:00+01:00,0.295,70.722,11.787,47.148,70.722,23.574,29.467,4.42,29.467
2030,sc01,08-29 11:00:00+01:00,0.303,72.64,12.107,48.427,72.64,24.213,30.267,4.54,30.267
2030,sc01,08-29 12:00:00+01:00,0.302,72.439,12.073,48.293,72.439,24.146,30.183,4.527,30.183
2030,sc01,08-29 13:00:00+01:00,0.302,72.397,12.066,48.265,72.397,24.132,30.166,4.525,30.166
2030,sc01,08-29 14:00:00+01:00,0.306,73.555,12.259,49.037,73.555,24.518,30.648,4.597,30.648
2030,sc01,08-29 15:00:00+01:00,0.321,76.922,12.82,51.281,76.922,25.641,32.051,4.808,32.051
2030,sc01,08-29 16:00:00+01:00,0.337,80.946,13.491,53.964,80.946,26.982,33.728,5.059,33.728
2030,sc01,08-29 17:00:00+01:00,0.347,83.166,13.861,55.444,83.166,27.722,34.653,5.198,34.653
2030,sc01,08-29 18:00:00+01:00,0.345,82.829,13.805,55.219,82.829,27.61,34.512,5.177,34.512
2030,sc01,08-29 19:00:00+01:00,0.34,81.632,13.605,54.422,81.632,27.211,34.014,5.102,34.014
2030,sc01,08-29 20:00:00+01:00,0.333,79.989,13.332,53.326,79.989,26.663,33.329,4.999,33.329
2030,sc01,08-29 21:00:00+01:00,0.324,77.865,12.977,51.91,77.865,25.955,32.444,4.867,32.444
2030,sc01,08-29 22:00:00+01:00,0.31,74.285,12.381,49.523,74.285,24.762,30.952,4.643,30.952
2030,sc01,08-29 23:00:00+01:00,0.293,70.3,11.717,46.866,70.3,23.433,29.292,4.394,29.292
2030,sc01,08-30 00:00:00+01:00,0.3,72.0,12.0,48.0,72.0,24.0,30.0,4.5,30.0
2030,sc01,08-30 01:00:00+01:00,0.287,68.938,11.49,45.959,68.938,22.979,28.724,4.309,28.724
2030,sc01,08-30 02:00:00+01:00,0.275,66.104,11.017,44.069,66.104,22.035,27.543,4.131,27.543
2030,sc01,08-30 03:00:00+01:00,0.267,64.133,10.689,42.755,64.133,21.378,26.722,4.008,26.722
2030,sc01,08-30 04:00:00+01:00,0.261,62.6,10.433,41.734,62.6,20.867,26.083,3.913,26.083
2030,sc01,08-30 05:00:00+01:00,0.259,62.263,10.377,41.509,62.263,20.754,25.943,3.891,25.943
2030,sc01,08-30 06:00:00+01:00,0.259,62.151,10.358,41.434,62.151,20.717,25.896,3.884,25.896
2030,sc01,08-30 07:00:00+01:00,0.262,62.822,10.47,41.881,62.822,20.941,26.176,3.926,26.176
2030,sc01,08-30 08:00:00+01:00,0.269,64.66,10.777,43.107,64.66,21.553,26.942,4.041,26.942
2030,sc01,08-30 09:00:00+01:00,0.284,68.123,11.354,45.416,68.123,22.708,28.385,4.258,28.385
2030,sc01,08-30 10:00:00+01:00,0.295,70.722,11.787,47.148,70.722,23.574,29.467,4.42,29.467
2030,sc01,08-30 11:00:00+01:00,0.303,72.64,12.107,48.427,72.64,24.213,30.267,4.54,30.267
2030,sc01,08-30 12:00:00+01:00,0.302,72.439,12.073,48.293,72.439,24.146,30.183,4.527,30.183
2030,sc01,08-30 13:00:00+01:00,0.302,72.397,12.066,48.265,72.397,24.132,30.166,4.525,30.166
2030,sc01,08-30 14:00:00+01:00,0.306,73.555,12.259,49.037,73.555,24.518,30.648,4.597,30.648
2030,sc01,08-30 15:00:00+01:00,0.321,76.922,12.82,51.281,76.922,25.641,32.051,4.808,32.051
2030,sc01,08-30 16:00:00+01:00,0.337,80.946,13.491,53.964,80.946,26.982,33.728,5.059,33.728
2030,sc01,08-30 17:00:00+01:00,0.347,83.166,13.861,55.444,83.166,27.722,34.653,5.198,34.653
2030,sc01,08-30 18:00:00+01:00,0.345,82.829,13.805,55.219,82.829,27.61,34.512,5.177,34.512
2030,sc01,08-30 19:00:00+01:00,0.34,81.632,13.605,54.422,81.632,27.211,34.014,5.102,34.014
2030,sc01,08-30 20:00:00+01:00,0.333,79.989,13.332,53.326,79.989,26.663,33.329,4.999,33.329
2030,sc01,08-30 21:00:00+01:00,0.324,77.865,12.977,51.91,77.865,25.955,32.444,4.867,32.444
2030,sc01,08-30 22:00:00+01:00,0.31,74.285,12.381,49.523,74.285,24.762,30.952,4.643,30.952
2030,sc01,08-30 23:00:00+01:00,0.293,70.3,11.717,46.866,70.3,23.433,29.292,4.394,29.292
2030,sc01,08-31 00:00:00+01:00,0.3,72.0,12.0,48.0,72.0,24.0,30.0,4.5,30.0
2030,sc01,08-31 01:00:00+01:00,0.287,68.938,11.49,45.959,68.938,22.979,28.724,4.309,28.724
2030,sc01,08-31 02:00:00+01:00,0.275,66.104,11.017,44.069,66.104,22.035,27.543,4.131,27.543
2030,sc01,08-31 03:00:00+01:00,0.267,64.133,10.689,42.755,64.133,21.378,26.722,4.008,26.722
2030,sc01,08-31 04:00:00+01:00,0.261,62.6,10.433,41.734,62.6,20.867,26.083,3.913,26.083
2030,sc01,08-31 05:00:00+01:00,0.259,62.263,10.377,41.509,62.263,20.754,25.943,3.891,25.943
2030,sc01,08-31 06:00:00+01:00,0.259,62.151,10.358,41.434,62.151,20.717,25.896,3.884,25.896
2030,sc01,08-31 07:00:00+01:00,0.262,62.822,10.47,41.881,62.822,20.941,26.176,3.926,26.176
2030,sc01,08-31 08:00:00+01:00,0.269,64.66,10.777,43.107,64.66,21.553,26.942,4.041,26.942
2030,sc01,08-31 09:00:00+01:00,0.284,68.123,11.354,45.416,68.123,22.708,28.385,4.258,28.385
2030,sc01,08-31 10:00:00+01:00,0.295,70.722,11.787,47.148,70.722,23.574,29.467,4.42,29.467
2030,sc01,08-31 11:00:00+01:00,0.303,72.64,12.107,48.427,72.64,24.213,30.267,4.54,30.267
2030,sc01,08-31 12:00:00+01:00,0.302,72.439,12.073,48.293,72.439,24.146,30.183,4.527,30.183
2030,sc01,08-31 13:00:00+01:00,0.302,72.397,12.066,48.265,72.397,24.132,30.166,4.525,30.166
2030,sc01,08-31 14:00:00+01:00,0.306,73.555,12.259,49.037,73.555,24.518,30.648,4.597,30.648
2030,sc01,08-31 15:00:00+01:00,0.321,76.922,12.82,51.281,76.922,25.641,32.051,4.808,32.051
2030,sc01,08-31 16:00:00+01:00,0.337,80.946,13.491,53.964,80.946,26.982,33.728,5.059,33.728
2030,sc01,08-31 17:00:00+01:00,0.347,83.166,13.861,55.444,83.166,27.722,34.653,5.198,34.653
2030,sc01,08-31 18:00:00+01:00,0.345,82.829,13.805,55.219,82.829,27.61,34.512,5.177,34.512
2030,sc01,08-31 19:00:00+01:00,0.34,81.632,13.605,54.422,81.632,27.211,34.014,5.102,34.014
2030,sc01,08-31 20:00:00+01:00,0.333,79.989,13.332,53.326,79.989,26.663,33.329,4.999,33.329
2030,sc01,08-31 21:00:00+01:00,0.324,77.865,12.977,51.91,77.865,25.955,32.444,4.867,32.444
2030,sc01,08-31 22:00:00+01:00,0.31,74.285,12.381,49.523,74.285,24.762,30.952,4.643,30.952
2030,sc01,08-31 23:00:00+01:00,0.293,70.3,11.717,46.866,70.3,23.433,29.292,4.394,29.292
2030,sc01,09-01 00:00:00+01:00,0.3,72.0,12.0,48.0,72.0,24.0,30.0,4.5,30.0
2030,sc01,09-01 01:00:00+01:00,0.287,68.938,11.49,45.959,68.938,22.979,28.724,4.309,28.724
2030,sc01,09-01 02:00:00+01:00,0.275,66.104,11.017,44.069,66.104,22.035,27.543,4.131,27.543
2030,sc01,09-01 03:00:00+01:00,0.267,64.133,10.689,42.755,64.133,21.378,26.722,4.008,26.722
2030,sc01,09-01 04:00:00+01:00,0.261,62.6,10.433,41.734,62.6,20.867,26.083,3.913,26.083
2030,sc01,09-01 05:00:00+01:00,0.259,62.263,10.377,41.509,62.263,20.754,25.943,3.891,25.943
2030,sc01,09-01 06:00:00+01:00,0.259,62.151,10.358,41.434,62.151,20.717,25.896,3.884,25.896
2030,sc01,09-01 07:00:00+01:00,0.262,62.822,10.47,41.881,62.822,20.941,26.176,3.926,26.176
2030,sc01,09-01 08:00:00+01:00,0.269,64.66,10.777,43.107,64.66,21.553,26.942,4.041,26.942
2030,sc01,09-01 09:00:00+01:00,0.284,68.123,11.354,45.416,68.123,22.708,28.385,4.258,28.385
2030,sc01,09-01 10:00:00+01:00,0.295,70.722,11.787,47.148,70.722,23.574,29.467,4.42,29.467
2030,sc01,09-01 11:00:00+01:00,0.303,72.64,12.107,48.427,72.64,24.213,30.267,4.54,30.267
2030,sc01,09-01 12:00:00+01:00,0.302,72.439,12.073,48.293,72.439,24.146,30.183,4.527,30.183
2030,sc01,09-01 13:00:00+01:00,0.302,72.397,12.066,48.265,72.397,24.132,30.166,4.525,30.166
2030,sc01,09-01 14:00:00+01:00,0.306,73.555,12.259,49.037,73.555,24.518,30.648,4.597,30.648
2030,sc01,09-01 15:00:00+01:00,0.321,76.922,12.82,51.281,76.922,25.641,32.051,4.808,32.051
2030,sc01,09-01 16:00:00+01:00,0.337,80.946,13.491,53.964,80.946,26.982,33.728,5.059,33.728
2030,sc01,09-01 17:00:00+01:00,0.347,83.166,13.861,55.444,83.166,27.722,34.653,5.198,34.653
2030,sc01,09-01 18:00:00+01:00,0.345,82.829,13.805,55.219,82.829,27.61,34.512,5.177,34.512
2030,sc01,09-01 19:00:00+01:00,0.34,81.632,13.605,54.422,81.632,27.211,34.014,5.102,34.014
2030,sc01,09-01 20:00:00+01:00,0.333,79.989,13.332,53.326,79.989,26.663,33.329,4.999,33.329
2030,sc01,09-01 21:00:00+01:00,0.324,77.865,12.977,51.91,77.865,25.955,32.444,4.867,32.444
2030,sc01,09-01 22:00:00+01:00,0.31,74.285,12.381,49.523,74.285,24.762,30.952,4.643,30.952
2030,sc01,09-01 23:00:00+01:00,0.293,70.3,11.717,46.866,70.3,23.433,29.292,4.394,29.292
2030,sc01,09-02 00:00:00+01:00,0.3,72.0,12.0,48.0,72.0,24.0,30.0,4.5,30.0
2030,sc01,09-02 01:00:00+01:00,0.287,68.938,11.49,45.959,68.938,22.979,28.724,4.309,28.724
2030,sc01,09-02 02:00:00+01:00,0.275,66.104,11.017,44.069,66.104,22.035,27.543,4.131,27.543
2030,sc01,09-02 03:00:00+01:00,0.267,64.133,10.689,42.755,64.133,21.378,26.722,4.008,26.722
2030,sc01,09-02 04:00:00+01:00,0.261,62.6,10.433,41.734,62.6,20.867,26.083,3.913,26.083
2030,sc01,09-02 05:00:00+01:00,0.259,62.263,10.377,41.509,62.263,20.754,25.943,3.891,25.943
2030,sc01,09-02 06:00:00+01:00,0.259,62.151,10.358,41.434,62.151,20.717,25.896,3.884,25.896
2030,sc01,09-02 07:00:00+01:00,0.262,62.822,10.47,41.881,62.822,20.941,26.176,3.926,26.176
2030,sc01,09-02 08:00:00+01:00,0.269,64.66,10.777,43.107,64.66,21.553,26.942,4.041,26.942
2030,sc01,09-02 09:00:00+01:00,0.284,68.123,11.354,45.416,68.123,22.708,28.385,4.258,28.385
2030,sc01,09-02 10:00:00+01:00,0.295,70.722,11.787,47.148,70.722,23.574,29.467,4.42,29.467
2030,sc01,09-02 11:00:00+01:00,0.303,72.64,12.107,48.427,72.64,24.213,30.267,4.54,30.267
2030,sc01,09-02 12:00:00+01:00,0.302,72.439,12.073,48.293,72.439,24.146,30.183,4.527,30.183
2030,sc01,09-02 13:00:00+01:00,0.302,72.397,12.066,48.265,72.397,24.132,30.166,4.525,30.166
2030,sc01,09-02 14:00:00+01:00,0.306,73.555,12.259,49.037,73.555,24.518,30.648,4.597,30.648
2030,sc01,09-02 15:00:00+01:00,0.321,76.922,12.82,51.281,76.922,25.641,32.051,4.808,32.051
2030,sc01,09-02 16:00:00+01:00,0.337,80.946,13.491,53.964,80.946,26.982,33.728,5.059,33.728
2030,sc01,09-02 17:00:00+01:00,0.347,83.166,13.861,55.444,83.166,27.722,34.653,5.198,34.653
2030,sc01,09-02 18:00:00+01:00,0.345,82.829,13.805,55.219,82.829,27.61,34.512,5.177,34.512
2030,sc01,09-02 19:00:00+01:00,0.34,81.632,13.605,54.422,81.632,27.211,34.014,5.102,34.014
2030,sc01,09-02 20:00:00+01:00,0.333,79.989,13.332,53.326,79.989,26.663,33.329,4.999,33.329
2030,sc01,09-02 21:00:00+01:00,0.324,77.865,12.977,51.91,77.865,25.955,32.444,4.867,32.444
2030,sc01,09-02 22:00:00+01:00,0.31,74.285,12.381,49.523,74.285,24.762,30.952,4.643,30.952
2030,sc01,09-02 23:00:00+01:00,0.293,70.3,11.717,46.866,70.3,23.433,29.292,4.394,29.292
2030,sc01,09-03 00:00:00+01:00,0.3,72.0,12.0,48.0,72.0,24.0,30.0,4.5,30.0
2030,sc01,09-03 01:00:00+01:00,0.287,68.938,11.49,45.959,68.938,22.979,28.724,4.309,28.724
2030,sc01,09-03 02:00:00+01:00,0.275,66.104,11.017,44.069,66.104,22.035,27.543,4.131,27.543
2030,sc01,09-03 03:00:00+01:00,0.267,64.133,10.689,42.755,64.133,21.378,26.722,4.008,26.722
2030,sc01,09-03 04:00:00+01:00,0.261,62.6,10.433,41.734,62.6,20.867,26.083,3.913,26.083
2030,sc01,09-03 05:00:00+01:00,0.259,62.263,10.377,41.509,62.263,20.754,25.943,3.891,25.943
2030,sc01,09-03 06:00:00+01:00,0.259,62.151,10.358,41.434,62.151,20.717,25.896,3.884,25.896
2030,sc01,09-03 07:00:00+01:00,0.262,62.822,10.47,41.881,62.822,20.941,26.176,3.926,26.176
2030,sc01,09-03 08:00:00+01:00,0.269,64.66,10.777,43.107,64.66,21.553,26.942,4.041,26.942
2030,sc01,09-03 09:00:00+01:00,0.284,68.123,11.354,45.416,68.123,22.708,28.385,4.258,28.385
2030,sc01,09-03 10:00:00+01:00,0.295,70.722,11.787,47.148,70.722,23.574,29.467,4.42,29.467
2030,sc01,09-03 11:00:00+01:00,0.303,72.64,12.107,48.427,72.64,24.213,30.267,4.54,30.267
2030,sc01,09-03 12:00:00+01:00,0.302,72.439,12.073,48.293,72.439,24.146,30.183,4.527,30.183
2030,sc01,09-03 13:00:00+01:00,0.302,72.397,12.066,48.265,72.397,24.132,30.166,4.525,30.166
2030,sc01,09-03 14:00:00+01:00,0.306,73.555,12.259,49.037,73.555,24.518,30.648,4.597,30.648
2030,sc01,09-03 15:00:00+01:00,0.321,76.922,12.82,51.281,76.922,25.641,32.051,4.808,32.051
2030,sc01,09-03 16:00:00+01:00,0.337,80.946,13.491,53.964,80.946,26.982,33.728,5.059,33.728
2030,sc01,09-03 17:00:00+01:00,0.347,83.166,13.861,55.444,83.166,27.722,34.653,5.198,34.653
2030,sc01,09-03 18:00:00+01:00,0.345,82.829,13.805,55.219,82.829,27.61,34.512,5.177,34.512
2030,sc01,09-03 19:00:00+01:00,0.34,81.632,13.605,54.422,81.632,27.211,34.014,5.102,34.014
2030,sc01,09-03 20:00:00+01:00,0.333,79.989,13.332,53.326,79.989,26.663,33.329,4.999,33.329
2030,sc01,09-03 21:00:00+01:00,0.324,77.865,12.977,51.91,77.865,25.955,32.444,4.867,32.444
2030,sc01,09-03 22:00:00+01:00,0.31,74.285,12.381,49.523,74.285,24.762,30.952,4.643,30.952
2030,sc01,09-03 23:00:00+01:00,0.293,70.3,11.717,46.866,70.3,23.433,29.292,4.394,29.292
2030,sc01,09-04 00:00:00+01:00,0.3,72.0,12.0,48.0,72.0,24.0,30.0,4.5,30.0
2030,sc01,09-04 01:00:00+01:00,0.287,68.938,11.49,45.959,68.938,22.979,28.724,4.309,28.724
2030,sc01,09-04 02:00:00+01:00,0.275,66.104,11.017,44.069,66.104,22.035,27.543,4.131,27.543
2030,sc01,09-04 03:00:00+01:00,0.267,64.133,10.689,42.755,64.133,21.378,26.722,4.008,26.722
2030,sc01,09-04 04:00:00+01:00,0.261,62.6,10.433,41.734,62.6,20.867,26.083,3.913,26.083
2030,sc01,09-04 05:00:00+01:00,0.259,62.263,10.377,41.509,62.263,20.754,25.943,3.891,25.943
2030,sc01,09-04 06:00:00+01:00,0.259,62.151,10.358,41.434,62.151,20.717,25.896,3.884,25.896
2030,sc01,09-04 07:00:00+01:00,0.262,62.822,10.47,41.881,62.822,20.941,26.176,3.926,26.176
2030,sc01,09-04 08:00:00+01:00,0.269,64.66,10.777,43.107,64.66,21.553,26.942,4.041,26.942
2030,sc01,09-04 09:00:00+01:00,0.284,68.123,11.354,45.416,68.123,22.708,28.385,4.258,28.385
2030,sc01,09-04 10:00:00+01:00,0.295,70.722,11.787,47.148,70.722,23.574,29.467,4.42,29.467
2030,sc01,09-04 11:00:00+01:00,0.303,72.64,12.107,48.427,72.64,24.213,30.267,4.54,30.267
2030,sc01,09-04 12:00:00+01:00,0.302,72.439,12.073,48.293,72.439,24.146,30.183,4.527,30.183
2030,sc01,09-04 13:00:00+01:00,0.302,72.397,12.066,48.265,72.397,24.132,30.166,4.525,30.166
2030,sc01,09-04 14:00:00+01:00,0.306,73.555,12.259,49.037,73.555,24.518,30.648,4.597,30.648
2030,sc01,09-04 15:00:00+01:00,0.321,76.922,12.82,51.281,76.922,25.641,32.051,4.808,32.051
2030,sc01,09-04 16:00:00+01:00,0.337,80.946,13.491,53.964,80.946,26.982,33.728,5.059,33.728
2030,sc01,09-04 17:00:00+01:00,0.347,83.166,13.861,55.444,83.166,27.722,34.653,5.198,34.653
2030,sc01,09-04 18:00:00+01:00,0.345,82.829,13.805,55.219,82.829,27.61,34.512,5.177,34.512
2030,sc01,09-04 19:00:00+01:00,0.34,81.632,13.605,54.422,81.632,27.211,34.014,5.102,34.014
2030,sc01,09-04 20:00:00+01:00,0.333,79.989,13.332,53.326,79.989,26.663,33.329,4.999,33.329
2030,sc01,09-04 21:00:00+01:00,0.324,77.865,12.977,51.91,77.865,25.955,32.444,4.867,32.444
2030,sc01,09-04 22:00:00+01:00,0.31,74.285,12.381,49.523,74.285,24.762,30.952,4.643,30.952
2030,sc01,09-04 23:00:00+01:00,0.293,70.3,11.717,46.866,70.3,23.433,29.292,4.394,29.292
2030,sc01,09-05 00:00:00+01:00,0.3,72.0,12.0,48.0,72.0,24.0,30.0,4.5,30.0
2030,sc01,09-05 01:00:00+01:00,0.287,68.938,11.49,45.959,68.938,22.979,28.724,4.309,28.724
2030,sc01,09-05 02:00:00+01:00,0.275,66.104,11.017,44.069,66.104,22.035,27.543,4.131,27.543
2030,sc01,09-05 03:00:00+01:00,0.267,64.133,10.689,42.755,64.133,21.378,26.722,4.008,26.722
2030,sc01,09-05 04:00:00+01:00,0.261,62.6,10.433,41.734,62.6,20.867,26.083,3.913,26.083
2030,sc01,09-05 05:00:00+01:00,0.259,62.263,10.377,41.509,62.263,20.754,25.943,3.891,25.943
2030,sc01,09-05 06:00:00+01:00,0.259,62.151,10.358,41.434,62.151,20.717,25.896,3.884,25.896
2030,sc01,09-05 07:00:00+01:00,0.262,62.822,10.47,41.881,62.822,20.941,26.176,3.926,26.176
2030,sc01,09-05 08:00:00+01:00,0.269,64.66,10.777,43.107,64.66,21.553,26.942,4.041,26.942
2030,sc01,09-05 09:00:00+01:00,0.284,68.123,11.354,45.416,68.123,22.708,28.385,4.258,28.385
2030,sc01,09-05 10:00:00+01:00,0.295,70.722,11.787,47.148,70.722,23.574,29.467,4.42,29.467
2030,sc01,09-05 11:00:00+01:00,0.303,72.64,12.107,48.427,72.64,24.213,30.267,4.54,30.267
2030,sc01,09-05 12:00:00+01:00,0.302,72.439,12.073,48.293,72.439,24.146,30.183,4.527,30.183
2030,sc01,09-05 13:00:00+01:00,0.302,72.397,12.066,48.265,72.397,24.132,30.166,4.525,30.166
2030,sc01,09-05 14:00:00+01:00,0.306,73.555,12.259,49.037,73.555,24.518,30.648,4.597,30.648
2030,sc01,09-05 15:00:00+01:00,0.321,76.922,12.82,51.281,76.922,25.641,32.051,4.808,32.051
2030,sc01,09-05 16:00:00+01:00,0.337,80.946,13.491,53.964,80.946,26.982,33.728,5.059,33.728
2030,sc01,09-05 17:00:00+01:00,0.347,83.166,13.861,55.444,83.166,27.722,34.653,5.198,34.653
2030,sc01,09-05 18:00:00+01:00,0.345,82.829,13.805,55.219,82.829,27.61,34.512,5.177,34.512
2030,sc01,09-05 19:00:00+01:00,0.34,81.632,13.605,54.422,81.632,27.211,34.014,5.102,34.014
2030,sc01,09-05 20:00:00+01:00,0.333,79.989,13.332,53.326,79.989,26.663,33.329,4.999,33.329
2030,sc01,09-05 21:00:00+01:00,0.324,77.865,12.977,51.91,77.865,25.955,32.444,4.867,32.444
2030,sc01,09-05 22:00:00+01:00,0.31,74.285,12.381,49.523,74.285,24.762,30.952,4.643,30.952
2030,sc01,09-05 23:00:00+01:00,0.293,70.3,11.717,46.866,70.3,23.433,29.292,4.394,29.292
2030,sc01,09-06 00:00:00+01:00,0.3,72.0,12.0,48.0,72.0,24.0,30.0,4.5,30.0
2030,sc01,09-06 01:00:00+01:00,0.287,68.938,11.49,45.959,68.938,22.979,28.724,4.309,28.724
2030,sc01,09-06 02:00:00+01:00,0.275,66.104,11.017,44.069,66.104,22.035,27.543,4.131,27.543
2030,sc01,09-06 03:00:00+01:00,0.267,64.133,10.689,42.755,64.133,21.378,26.722,4.008,26.722
2030,sc01,09-06 04:00:00+01:00,0.261,62.6,10.433,41.734,62.6,20.867,26.083,3.913,26.083
2030,sc01,09-06 05:00:00+01:00,0.259,62.263,10.377,41.509,62.263,20.754,25.943,3.891,25.943
2030,sc01,09-06 06:00:00+01:00,0.259,62.151,10.358,41.434,62.151,20.717,25.896,3.884,25.896
2030,sc01,09-06 07:00:00+01:00,0.262,62.822,10.47,41.881,62.822,20.941,26.176,3.926,26.176
2030,sc01,09-06 08:00:00+01:00,0.269,64.66,10.777,43.107,64.66,21.553,26.942,4.041,26.942
2030,sc01,09-06 09:00:00+01:00,0.284,68.123,11.354,45.416,68.123,22.708,28.385,4.258,28.385
2030,sc01,09-06 10:00:00+01:00,0.295,70.722,11.787,47.148,70.722,23.574,29.467,4.42,29.467
2030,sc01,09-06 11:00:00+01:00,0.303,72.64,12.107,48.427,72.64,24.213,30.267,4.54,30.267
2030,sc01,09-06 12:00:00+01:00,0.302,72.439,12.073,48.293,72.439,24.146,30.183,4.527,30.183
2030,sc01,09-06 13:00:00+01:00,0.302,72.397,12.066,48.265,72.397,24.132,30.166,4.525,30.166
2030,sc01,09-06 14:00:00+01:00,0.306,73.555,12.259,49.037,73.555,24.518,30.648,4.597,30.648
2030,sc01,09-06 15:00:00+01:00,0.321,76.922,12.82,51.281,76.922,25.641,32.051,4.808,32.051
2030,sc01,09-06 16:00:00+01:00,0.337,80.946,13.491,53.964,80.946,26.982,33.728,5.059,33.728
2030,sc01,09-06 17:00:00+01:00,0.347,83.166,13.861,55.444,83.166,27.722,34.653,5.198,34.653
2030,sc01,09-06 18:00:00+01:00,0.345,82.829,13.805,55.219,82.829,27.61,34.512,5.177,34.512
2030,sc01,09-06 19:00:00+01:00,0.34,81.632,13.605,54.422,81.632,27.211,34.014,5.102,34.014
2030,sc01,09-06 20:00:00+01:00,0.333,79.989,13.332,53.326,79.989,26.663,33.329,4.999,33.329
2030,sc01,09-06 21:00:00+01:00,0.324,77.865,12.977,51.91,77.865,25.955,32.444,4.867,32.444
2030,sc01,09-06 22:00:00+01:00,0.31,74.285,12.381,49.523,74.285,24.762,30.952,4.643,30.952
2030,sc01,09-06 23:00:00+01:00,0.293,70.3,11.717,46.866,70.3,23.433,29.292,4.394,29.292
2030,sc01,09-07 00:00:00+01:00,0.3,72.0,12.0,48.0,72.0,24.0,30.0,4.5,30.0
2030,sc01,09-07 01:00:00+01:00,0.287,68.938,11.49,45.959,68.938,22.979,28.724,4.309,28.724
2030,sc01,09-07 02:00:00+01:00,0.275,66.104,11.017,44.069,66.104,22.035,27.543,4.131,27.543
2030,sc01,09-07 03:00:00+01:00,0.267,64.133,10.689,42.755,64.133,21.378,26.722,4.008,26.722
2030,sc01,09-07 04:00:00+01:00,0.261,62.6,10.433,41.734,62.6,20.867,26.083,3.913,26.083
2030,sc01,09-07 05:00:00+01:00,0.259,62.263,10.377,41.509,62.263,20.754,25.943,3.891,25.943
2030,sc01,09-07 06:00:00+01:00,0.259,62.151,10.358,41.434,62.151,20.717,25.896,3.884,25.896
2030,sc01,09-07 07:00:00+01:00,0.262,62.822,10.47,41.881,62.822,20.941,26.176,3.926,26.176
2030,sc01,09-07 08:00:00+01:00,0.269,64.66,10.777,43.107,64.66,21.553,26.942,4.041,26.942
2030,sc01,09-07 09:00:00+01:00,0.284,68.123,11.354,45.416,68.123,22.708,28.385,4.258,28.385
2030,sc01,09-07 10:00:00+01:00,0.295,70.722,11.787,47.148,70.722,23.574,29.467,4.42,29.467
2030,sc01,09-07 11:00:00+01:00,0.303,72.64,12.107,48.427,72.64,24.213,30.267,4.54,30.267
2030,sc01,09-07 12:00:00+01:00,0.302,72.439,12.073,48.293,72.439,24.146,30.183,4.527,30.183
2030,sc01,09-07 13:00:00+01:00,0.302,72.397,12.066,48.265,72.397,24.132,30.166,4.525,30.166
2030,sc01,09-07 14:00:00+01:00,0.306,73.555,12.259,49.037,73.555,24.518,30.648,4.597,30.648
2030,sc01,09-07 15:00:00+01:00,0.321,76.922,12.82,51.281,76.922,25.641,32.051,4.808,32.051
2030,sc01,09-07 16:00:00+01:00,0.337,80.946,13.491,53.964,80.946,26.982,33.728,5.059,33.728
2030,sc01,09-07 17:00:00+01:00,0.347,83.166,13.861,55.444,83.166,27.722,34.653,5.198,34.653
2030,sc01,09-07 18:00:00+01:00,0.345,82.829,13.805,55.219,82.829,27.61,34.512,5.177,34.512
2030,sc01,09-07 19:00:00+01:00,0.34,81.632,13.605,54.422,81.632,27.211,34.014,5.102,34.014
2030,sc01,09-07 20:00:00+01:00,0.333,79.989,13.332,53.326,79.989,26.663,33.329,4.999,33.329
2030,sc01,09-07 21:00:00+01:00,0.324,77.865,12.977,51.91,77.865,25.955,32.444,4.867,32.444
2030,sc01,09-07 22:00:00+01:00,0.31,74.285,12.381,49.523,74.285,24.762,30.952,4.643,30.952
2030,sc01,09-07 23:00:00+01:00,0.293,70.3,11.717,46.866,70.3,23.433,29.292,4.394,29.292
2030,sc01,09-08 00:00:00+01:00,0.3,72.0,12.0,48.0,72.0,24.0,30.0,4.5,30.0
2030,sc01,09-08 01:00:00+01:00,0.287,68.938,11.49,45.959,68.938,22.979,28.724,4.309,28.724
2030,sc01,09-08 02:00:00+01:00,0.275,66.104,11.017,44.069,66.104,22.035,27.543,4.131,27.543
2030,sc01,09-08 03:00:00+01:00,0.267,64.133,10.689,42.755,64.133,21.378,26.722,4.008,26.722
2030,sc01,09-08 04:00:00+01:00,0.261,62.6,10.433,41.734,62.6,20.867,26.083,3.913,26.083
2030,sc01,09-08 05:00:00+01:00,0.259,62.263,10.377,41.509,62.263,20.754,25.943,3.891,25.943
2030,sc01,09-08 06:00:00+01:00,0.259,62.151,10.358,41.434,62.151,20.717,25.896,3.884,25.896
2030,sc01,09-08 07:00:00+01:00,0.262,62.822,10.47,41.881,62.822,20.941,26.176,3.926,26.176
2030,sc01,09-08 08:00:00+01:00,0.269,64.66,10.777,43.107,64.66,21.553,26.942,4.041,26.942
2030,sc01,09-08 09:00:00+01:00,0.284,68.123,11.354,45.416,68.123,22.708,28.385,4.258,28.385
2030,sc01,09-08 10:00:00+01:00,0.295,70.722,11.787,47.148,70.722,23.574,29.467,4.42,29.467
2030,sc01,09-08 11:00:00+01:00,0.303,72.64,12.107,48.427,72.64,24.213,30.267,4.54,30.267
2030,sc01,09-08 12:00:00+01:00,0.302,72.439,12.073,48.293,72.439,24.146,30.183,4.527,30.183
2030,sc01,09-08 13:00:00+01:00,0.302,72.397,12.066,48.265,72.397,24.132,30.166,4.525,30.166
2030,sc01,09-08 14:00:00+01:00,0.306,73.555,12.259,49.037,73.555,24.518,30.648,4.597,30.648
2030,sc01,09-08 15:00:00+01:00,0.321,76.922,12.82,51.281,76.922,25.641,32.051,4.808,32.051
2030,sc01,09-08 16:00:00+01:00,0.337,80.946,13.491,53.964,80.946,26.982,33.728,5.059,33.728
2030,sc01,09-08 17:00:00+01:00,0.347,83.166,13.861,55.444,83.166,27.722,34.653,5.198,34.653
2030,sc01,09-08 18:00:00+01:00,0.345,82.829,13.805,55.219,82.829,27.61,34.512,5.177,34.512
2030,sc01,09-08 19:00:00+01:00,0.34,81.632,13.605,54.422,81.632,27.211,34.014,5.102,34.014
2030,sc01,09-08 20:00:00+01:00,0.333,79.989,13.332,53.326,79.989,26.663,33.329,4.999,33.329
2030,sc01,09-08 21:00:00+01:00,0.324,77.865,12.977,51.91,77.865,25.955,32.444,4.867,32.444
2030,sc01,09-08 22:00:00+01:00,0.31,74.285,12.381,49.523,74.285,24.762,30.952,4.643,30.952
2030,sc01,09-08 23:00:00+01:00,0.293,70.3,11.717,46.866,70.3,23.433,29.292,4.394,29.292
2030,sc01,09-09 00:00:00+01:00,0.3,72.0,12.0,48.0,72.0,24.0,30.0,4.5,30.0
2030,sc01,09-09 01:00:00+01:00,0.287,68.938,11.49,45.959,68.938,22.979,28.724,4.309,28.724
2030,sc01,09-09 02:00:00+01:00,0.275,66.104,11.017,44.069,66.104,22.035,27.543,4.131,27.543
2030,sc01,09-09 03:00:00+01:00,0.267,64.133,10.689,42.755,64.133,21.378,26.722,4.008,26.722
2030,sc01,09-09 04:00:00+01:00,0.261,62.6,10.433,41.734,62.6,20.867,26.083,3.913,26.083
2030,sc01,09-09 05:00:00+01:00,0.259,62.263,10.377,41.509,62.263,20.754,25.943,3.891,25.943
2030,sc01,09-09 06:00:00+01:00,0.259,62.151,10.358,41.434,62.151,20.717,25.896,3.884,25.896
2030,sc01,09-09 07:00:00+01:00,0.262,62.822,10.47,41.881,62.822,20.941,26.176,3.926,26.176
2030,sc01,09-09 08:00:00+01:00,0.269,64.66,10.777,43.107,64.66,21.553,26.942,4.041,26.942
2030,sc01,09-09 09:00:00+01:00,0.284,68.123,11.354,45.416,68.123,22.708,28.385,4.258,28.385
2030,sc01,09-09 10:00:00+01:00,0.295,70.722,11.787,47.148,70.722,23.574,29.467,4.42,29.467
2030,sc01,09-09 11:00:00+01:00,0.303,72.64,12.107,48.427,72.64,24.213,30.267,4.54,30.267
2030,sc01,09-09 12:00:00+01:00,0.302,72.439,12.073,48.293,72.439,24.146,30.183,4.527,30.183
2030,sc01,09-09 13:00:00+01:00,0.302,72.397,12.066,48.265,72.397,24.132,30.166,4.525,30.166
2030,sc01,09-09 14:00:00+01:00,0.306,73.555,12.259,49.037,73.555,24.518,30.648,4.597,30.648
2030,sc01,09-09 15:00:00+01:00,0.321,76.922,12.82,51.281,76.922,25.641,32.051,4.808,32.051
2030,sc01,09-09 16:00:00+01:00,0.337,80.946,13.491,53.964,80.946,26.982,33.728,5.059,33.728
2030,sc01,09-09 17:00:00+01:00,0.347,83.166,13.861,55.444,83.166,27.722,34.653,5.198,34.653
2030,sc01,09-09 18:00:00+01:00,0.345,82.829,13.805,55.219,82.829,27.61,34.512,5.177,34.512
2030,sc01,09-09 19:00:00+01:00,0.34,81.632,13.605,54.422,81.632,27.211,34.014,5.102,34.014
2030,sc01,09-09 20:00:00+01:00,0.333,79.989,13.332,53.326,79.989,26.663,33.329,4.999,33.329
2030,sc01,09-09 21:00:00+01:00,0.324,77.865,12.977,51.91,77.865,25.955,32.444,4.867,32.444
2030,sc01,09-09 22:00:00+01:00,0.31,74.285,12.381,49.523,74.285,24.762,30.952,4.643,30.952
2030,sc01,09-09 23:00:00+01:00,0.293,70.3,11.717,46.866,70.3,23.433,29.292,4.394,29.292
2030,sc01,09-10 00:00:00+01:00,0.3,72.0,12.0,48.0,72.0,24.0,30.0,4.5,30.0
2030,sc01,09-10 01:00:00+01:00,0.287,68.938,11.49,45.959,68.938,22.979,28.724,4.309,28.724
2030,sc01,09-10 02:00:00+01:00,0.275,66.104,11.017,44.069,66.104,22.035,27.543,4.131,27.543
2030,sc01,09-10 03:00:00+01:00,0.267,64.133,10.689,42.755,64.133,21.378,26.722,4.008,26.722
2030,sc01,09-10 04:00:00+01:00,0.261,62.6,10.433,41.734,62.6,20.867,26.083,3.913,26.083
2030,sc01,09-10 05:00:00+01:00,0.259,62.263,10.377,41.509,62.263,20.754,25.943,3.891,25.943
2030,sc01,09-10 06:00:00+01:00,0.259,62.151,10.358,41.434,62.151,20.717,25.896,3.884,25.896
2030,sc01,09-10 07:00:00+01:00,0.262,62.822,10.47,41.881,62.822,20.941,26.176,3.926,26.176
2030,sc01,09-10 08:00:00+01:00,0.269,64.66,10.777,43.107,64.66,21.553,26.942,4.041,26.942
2030,sc01,09-10 09:00:00+01:00,0.284,68.123,11.354,45.416,68.123,22.708,28.385,4.258,28.385
2030,sc01,09-10 10:00:00+01:00,0.295,70.722,11.787,47.148,70.722,23.574,29.467,4.42,29.467
2030,sc01,09-10 11:00:00+01:00,0.303,72.64,12.107,48.427,72.64,24.213,30.267,4.54,30.267
2030,sc01,09-10 12:00:00+01:00,0.302,72.439,12.073,48.293,72.439,24.146,30.183,4.527,30.183
2030,sc01,09-10 13:00:00+01:00,0.302,72.397,12.066,48.265,72.397,24.132,30.166,4.525,30.166
2030,sc01,09-10 14:00:00+01:00,0.306,73.555,12.259,49.037,73.555,24.518,30.648,4.597,30.648
2030,sc01,09-10 15:00:00+01:00,0.321,76.922,12.82,51.281,76.922,25.641,32.051,4.808,32.051
2030,sc01,09-10 16:00:00+01:00,0.337,80.946,13.491,53.964,80.946,26.982,33.728,5.059,33.728
2030,sc01,09-10 17:00:00+01:00,0.347,83.166,13.861,55.444,83.166,27.722,34.653,5.198,34.653
2030,sc01,09-10 18:00:00+01:00,0.345,82.829,13.805,55.219,82.829,27.61,34.512,5.177,34.512
2030,sc01,09-10 19:00:00+01:00,0.34,81.632,13.605,54.422,81.632,27.211,34.014,5.102,34.014
2030,sc01,09-10 20:00:00+01:00,0.333,79.989,13.332,53.326,79.989,26.663,33.329,4.999,33.329
2030,sc01,09-10 21:00:00+01:00,0.324,77.865,12.977,51.91,77.865,25.955,32.444,4.867,32.444
2030,sc01,09-10 22:00:00+01:00,0.31,74.285,12.381,49.523,74.285,24.762,30.952,4.643,30.952
2030,sc01,09-10 23:00:00+01:00,0.293,70.3,11.717,46.866,70.3,23.433,29.292,4.394,29.292
2030,sc01,09-11 00:00:00+01:00,0.3,72.0,12.0,48.0,72.0,24.0,30.0,4.5,30.0
2030,sc01,09-11 01:00:00+01:00,0.287,68.938,11.49,45.959,68.938,22.979,28.724,4.309,28.724
2030,sc01,09-11 02:00:00+01:00,0.275,66.104,11.017,44.069,66.104,22.035,27.543,4.131,27.543
2030,sc01,09-11 03:00:00+01:00,0.267,64.133,10.689,42.755,64.133,21.378,26.722,4.008,26.722
2030,sc01,09-11 04:00:00+01:00,0.261,62.6,10.433,41.734,62.6,20.867,26.083,3.913,26.083
2030,sc01,09-11 05:00:00+01:00,0.259,62.263,10.377,41.509,62.263,20.754,25.943,3.891,25.943
2030,sc01,09-11 06:00:00+01:00,0.259,62.151,10.358,41.434,62.151,20.717,25.896,3.884,25.896
2030,sc01,09-11 07:00:00+01:00,0.262,62.822,10.47,41.881,62.822,20.941,26.176,3.926,26.176
2030,sc01,09-11 08:00:00+01:00,0.269,64.66,10.777,43.107,64.66,21.553,26.942,4.041,26.942
2030,sc01,09-11 09:00:00+01:00,0.284,68.123,11.354,45.416,68.123,22.708,28.385,4.258,28.385
2030,sc01,09-11 10:00:00+01:00,0.295,70.722,11.787,47.148,70.722,23.574,29.467,4.42,29.467
2030,sc01,09-11 11:00:00+01:00,0.303,72.64,12.107,48.427,72.64,24.213,30.267,4.54,30.267
2030,sc01,09-11 12:00:00+01:00,0.302,72.439,12.073,48.293,72.439,24.146,30.183,4.527,30.183
2030,sc01,09-11 13:00:00+01:00,0.302,72.397,12.066,48.265,72.397,24.132,30.166,4.525,30.166
2030,sc01,09-11 14:00:00+01:00,0.306,73.555,12.259,49.037,73.555,24.518,30.648,4.597,30.648
2030,sc01,09-11 15:00:00+01:00,0.321,76.922,12.82,51.281,76.922,25.641,32.051,4.808,32.051
2030,sc01,09-11 16:00:00+01:00,0.337,80.946,13.491,53.964,80.946,26.982,33.728,5.059,33.728
2030,sc01,09-11 17:00:00+01:00,0.347,83.166,13.861,55.444,83.166,27.722,34.653,5.198,34.653
2030,sc01,09-11 18:00:00+01:00,0.345,82.829,13.805,55.219,82.829,27.61,34.512,5.177,34.512
2030,sc01,09-11 19:00:00+01:00,0.34,81.632,13.605,54.422,81.632,27.211,34.014,5.102,34.014
2030,sc01,09-11 20:00:00+01:00,0.333,79.989,13.332,53.326,79.989,26.663,33.329,4.999,33.329
2030,sc01,09-11 21:00:00+01:00,0.324,77.865,12.977,51.91,77.865,25.955,32.444,4.867,32.444
2030,sc01,09-11 22:00:00+01:00,0.31,74.285,12.381,49.523,74.285,24.762,30.952,4.643,30.952
2030,sc01,09-11 23:00:00+01:00,0.293,70.3,11.717,46.866,70.3,23.433,29.292,4.394,29.292
2030,sc01,09-12 00:00:00+01:00,0.3,72.0,12.0,48.0,72.0,24.0,30.0,4.5,30.0
2030,sc01,09-12 01:00:00+01:00,0.287,68.938,11.49,45.959,68.938,22.979,28.724,4.309,28.724
2030,sc01,09-12 02:00:00+01:00,0.275,66.104,11.017,44.069,66.104,22.035,27.543,4.131,27.543
2030,sc01,09-12 03:00:00+01:00,0.267,64.133,10.689,42.755,64.133,21.378,26.722,4.008,26.722
2030,sc01,09-12 04:00:00+01:00,0.261,62.6,10.433,41.734,62.6,20.867,26.083,3.913,26.083
2030,sc01,09-12 05:00:00+01:00,0.259,62.263,10.377,41.509,62.263,20.754,25.943,3.891,25.943
2030,sc01,09-12 06:00:00+01:00,0.259,62.151,10.358,41.434,62.151,20.717,25.896,3.884,25.896
2030,sc01,09-12 07:00:00+01:00,0.262,62.822,10.47,41.881,62.822,20.941,26.176,3.926,26.176
2030,sc01,09-12 08:00:00+01:00,0.269,64.66,10.777,43.107,64.66,21.553,26.942,4.041,26.942
2030,sc01,09-12 09:00:00+01:00,0.284,68.123,11.354,45.416,68.123,22.708,28.385,4.258,28.385
2030,sc01,09-12 10:00:00+01:00,0.295,70.722,11.787,47.148,70.722,23.574,29.467,4.42,29.467
2030,sc01,09-12 11:00:00+01:00,0.303,72.64,12.107,48.427,72.64,24.213,30.267,4.54,30.267
2030,sc01,09-12 12:00:00+01:00,0.302,72.439,12.073,48.293,72.439,24.146,30.183,4.527,30.183
2030,sc01,09-12 13:00:00+01:00,0.302,72.397,12.066,48.265,72.397,24.132,30.166,4.525,30.166
2030,sc01,09-12 14:00:00+01:00,0.306,73.555,12.259,49.037,73.555,24.518,30.648,4.597,30.648
2030,sc01,09-12 15:00:00+01:00,0.321,76.922,12.82,51.281,76.922,25.641,32.051,4.808,32.051
2030,sc01,09-12 16:00:00+01:00,0.337,80.946,13.491,53.964,80.946,26.982,33.728,5.059,33.728
2030,sc01,09-12 17:00:00+01:00,0.347,83.166,13.861,55.444,83.166,27.722,34.653,5.198,34.653
2030,sc01,09-12 18:00:00+01:00,0.345,82.829,13.805,55.219,82.829,27.61,34.512,5.177,34.512
2030,sc01,09-12 19:00:00+01:00,0.34,81.632,13.605,54.422,81.632,27.211,34.014,5.102,34.014
2030,sc01,09-12 20:00:00+01:00,0.333,79.989,13.332,53.326,79.989,26.663,33.329,4.999,33.329
2030,sc01,09-12 21:00:00+01:00,0.324,77.865,12.977,51.91,77.865,25.955,32.444,4.867,32.444
2030,sc01,09-12 22:00:00+01:00,0.31,74.285,12.381,49.523,74.285,24.762,30.952,4.643,30.952
2030,sc01,09-12 23:00:00+01:00,0.293,70.3,11.717,46.866,70.3,23.433,29.292,4.394,29.292
2030,sc01,09-13 00:00:00+01:00,0.3,72.0,12.0,48.0,72.0,24.0,30.0,4.5,30.0
2030,sc01,09-13 01:00:00+01:00,0.287,68.938,11.49,45.959,68.938,22.979,28.724,4.309,28.724
2030,sc01,09-13 02:00:00+01:00,0.275,66.104,11.017,44.069,66.104,22.035,27.543,4.131,27.543
2030,sc01,09-13 03:00:00+01:00,0.267,64.133,10.689,42.755,64.133,21.378,26.722,4.008,26.722
2030,sc01,09-13 04:00:00+01:00,0.261,62.6,10.433,41.734,62.6,20.867,26.083,3.913,26.083
2030,sc01,09-13 05:00:00+01:00,0.259,62.263,10.377,41.509,62.263,20.754,25.943,3.891,25.943
2030,sc01,09-13 06:00:00+01:00,0.259,62.151,10.358,41.434,62.151,20.717,25.896,3.884,25.896
2030,sc01,09-13 07:00:00+01:00,0.262,62.822,10.47,41.881,62.822,20.941,26.176,3.926,26.176
2030,sc01,09-13 08:00:00+01:00,0.269,64.66,10.777,43.107,64.66,21.553,26.942,4.041,26.942
2030,sc01,09-13 09:00:00+01:00,0.284,68.123,11.354,45.416,68.123,22.708,28.385,4.258,28.385
2030,sc01,09-13 10:00:00+01:00,0.295,70.722,11.787,47.148,70.722,23.574,29.467,4.42,29.467
2030,sc01,09-13 11:00:00+01:00,0.303,72.64,12.107,48.427,72.64,24.213,30.267,4.54,30.267
2030,sc01,09-13 12:00:00+01:00,0.302,72.439,12.073,48.293,72.439,24.146,30.183,4.527,30.183
2030,sc01,09-13 13:00:00+01:00,0.302,72.397,12.066,48.265,72.397,24.132,30.166,4.525,30.166
2030,sc01,09-13 14:00:00+01:00,0.306,73.555,12.259,49.037,73.555,24.518,30.648,4.597,30.648
2030,sc01,09-13 15:00:00+01:00,0.321,76.922,12.82,51.281,76.922,25.641,32.051,4.808,32.051
2030,sc01,09-13 16:00:00+01:00,0.337,80.946,13.491,53.964,80.946,26.982,33.728,5.059,33.728
2030,sc01,09-13 17:00:00+01:00,0.347,83.166,13.861,55.444,83.166,27.722,34.653,5.198,34.653
2030,sc01,09-13 18:00:00+01:00,0.345,82.829,13.805,55.219,82.829,27.61,34.512,5.177,34.512
2030,sc01,09-13 19:00:00+01:00,0.34,81.632,13.605,54.422,81.632,27.211,34.014,5.102,34.014
2030,sc01,09-13 20:00:00+01:00,0.333,79.989,13.332,53.326,79.989,26.663,33.329,4.999,33.329
2030,sc01,09-13 21:00:00+01:00,0.324,77.865,12.977,51.91,77.865,25.955,32.444,4.867,32.444
2030,sc01,09-13 22:00:00+01:00,0.31,74.285,12.381,49.523,74.285,24.762,30.952,4.643,30.952
2030,sc01,09-13 23:00:00+01:00,0.293,70.3,11.717,46.866,70.3,23.433,29.292,4.394,29.292
2030,sc01,09-14 00:00:00+01:00,0.3,72.0,12.0,48.0,72.0,24.0,30.0,4.5,30.0
2030,sc01,09-14 01:00:00+01:00,0.287,68.938,11.49,45.959,68.938,22.979,28.724,4.309,28.724
2030,sc01,09-14 02:00:00+01:00,0.275,66.104,11.017,44.069,66.104,22.035,27.543,4.131,27.543
2030,sc01,09-14 03:00:00+01:00,0.267,64.133,10.689,42.755,64.133,21.378,26.722,4.008,26.722
2030,sc01,09-14 04:00:00+01:00,0.261,62.6,10.433,41.734,62.6,20.867,26.083,3.913,26.083
2030,sc01,09-14 05:00:00+01:00,0.259,62.263,10.377,41.509,62.263,20.754,25.943,3.891,25.943
2030,sc01,09-14 06:00:00+01:00,0.259,62.151,10.358,41.434,62.151,20.717,25.896,3.884,25.896
2030,sc01,09-14 07:00:00+01:00,0.262,62.822,10.47,41.881,62.822,20.941,26.176,3.926,26.176
2030,sc01,09-14 08:00:00+01:00,0.269,64.66,10.777,43.107,64.66,21.553,26.942,4.041,26.942
2030,sc01,09-14 09:00:00+01:00,0.284,68.123,11.354,45.416,68.123,22.708,28.385,4.258,28.385
2030,sc01,09-14 10:00:00+01:00,0.295,70.722,11.787,47.148,70.722,23.574,29.467,4.42,29.467
2030,sc01,09-14 11:00:00+01:00,0.303,72.64,12.107,48.427,72.64,24.213,30.267,4.54,30.267
2030,sc01,09-14 12:00:00+01:00,0.302,72.439,12.073,48.293,72.439,24.146,30.183,4.527,30.183
2030,sc01,09-14 13:00:00+01:00,0.302,72.397,12.066,48.265,72.397,24.132,30.166,4.525,30.166
2030,sc01,09-14 14:00:00+01:00,0.306,73.555,12.259,49.037,73.555,24.518,30.648,4.597,30.648
2030,sc01,09-14 15:00:00+01:00,0.321,76.922,12.82,51.281,76.922,25.641,32.051,4.808,32.051
2030,sc01,09-14 16:00:00+01:00,0.337,80.946,13.491,53.964,80.946,26.982,33.728,5.059,33.728
2030,sc01,09-14 17:00:00+01:00,0.347,83.166,13.861,55.444,83.166,27.722,34.653,5.198,34.653
2030,sc01,09-14 18:00:00+01:00,0.345,82.829,13.805,55.219,82.829,27.61,34.512,5.177,34.512
2030,sc01,09-14 19:00:00+01:00,0.34,81.632,13.605,54.422,81.632,27.211,34.014,5.102,34.014
2030,sc01,09-14 20:00:00+01:00,0.333,79.989,13.332,53.326,79.989,26.663,33.329,4.999,33.329
2030,sc01,09-14 21:00:00+01:00,0.324,77.865,12.977,51.91,77.865,25.955,32.444,4.867,32.444
2030,sc01,09-14 22:00:00+01:00,0.31,74.285,12.381,49.523,74.285,24.762,30.952,4.643,30.952
2030,sc01,09-14 23:00:00+01:00,0.293,70.3,11.717,46.866,70.3,23.433,29.292,4.394,29.292
2030,sc01,09-15 00:00:00+01:00,0.3,72.0,12.0,48.0,72.0,24.0,30.0,4.5,30.0
2030,sc01,09-15 01:00:00+01:00,0.287,68.938,11.49,45.959,68.938,22.979,28.724,4.309,28.724
2030,sc01,09-15 02:00:00+01:00,0.275,66.104,11.017,44.069,66.104,22.035,27.543,4.131,27.543
2030,sc01,09-15 03:00:00+01:00,0.267,64.133,10.689,42.755,64.133,21.378,26.722,4.008,26.722
2030,sc01,09-15 04:00:00+01:00,0.261,62.6,10.433,41.734,62.6,20.867,26.083,3.913,26.083
2030,sc01,09-15 05:00:00+01:00,0.259,62.263,10.377,41.509,62.263,20.754,25.943,3.891,25.943
2030,sc01,09-15 06:00:00+01:00,0.259,62.151,10.358,41.434,62.151,20.717,25.896,3.884,25.896
2030,sc01,09-15 07:00:00+01:00,0.262,62.822,10.47,41.881,62.822,20.941,26.176,3.926,26.176
2030,sc01,09-15 08:00:00+01:00,0.269,64.66,10.777,43.107,64.66,21.553,26.942,4.041,26.942
2030,sc01,09-15 09:00:00+01:00,0.284,68.123,11.354,45.416,68.123,22.708,28.385,4.258,28.385
2030,sc01,09-15 10:00:00+01:00,0.295,70.722,11.787,47.148,70.722,23.574,29.467,4.42,29.467
2030,sc01,09-15 11:00:00+01:00,0.303,72.64,12.107,48.427,72.64,24.213,30.267,4.54,30.267
2030,sc01,09-15 12:00:00+01:00,0.302,72.439,12.073,48.293,72.439,24.146,30.183,4.527,30.183
2030,sc01,09-15 13:00:00+01:00,0.302,72.397,12.066,48.265,72.397,24.132,30.166,4.525,30.166
2030,sc01,09-15 14:00:00+01:00,0.306,73.555,12.259,49.037,73.555,24.518,30.648,4.597,30.648
2030,sc01,09-15 15:00:00+01:00,0.321,76.922,12.82,51.281,76.922,25.641,32.051,4.808,32.051
2030,sc01,09-15 16:00:00+01:00,0.337,80.946,13.491,53.964,80.946,26.982,33.728,5.059,33.728
2030,sc01,09-15 17:00:00+01:00,0.347,83.166,13.861,55.444,83.166,27.722,34.653,5.198,34.653
2030,sc01,09-15 18:00:00+01:00,0.345,82.829,13.805,55.219,82.829,27.61,34.512,5.177,34.512
2030,sc01,09-15 19:00:00+01:00,0.34,81.632,13.605,54.422,81.632,27.211,34.014,5.102,34.014
2030,sc01,09-15 20:00:00+01:00,0.333,79.989,13.332,53.326,79.989,26.663,33.329,4.999,33.329
2030,sc01,09-15 21:00:00+01:00,0.324,77.865,12.977,51.91,77.865,25.955,32.444,4.867,32.444
2030,sc01,09-15 22:00:00+01:00,0.31,74.285,12.381,49.523,74.285,24.762,30.952,4.643,30.952
2030,sc01,09-15 23:00:00+01:00,0.293,70.3,11.717,46.866,70.3,23.433,29.292,4.394,29.292
2030,sc01,09-16 00:00:00+01:00,0.3,72.0,12.0,48.0,72.0,24.0,30.0,4.5,30.0
2030,sc01,09-16 01:00:00+01:00,0.287,68.938,11.49,45.959,68.938,22.979,28.724,4.309,28.724
2030,sc01,09-16 02:00:00+01:00,0.275,66.104,11.017,44.069,66.104,22.035,27.543,4.131,27.543
2030,sc01,09-16 03:00:00+01:00,0.267,64.133,10.689,42.755,64.133,21.378,26.722,4.008,26.722
2030,sc01,09-16 04:00:00+01:00,0.261,62.6,10.433,41.734,62.6,20.867,26.083,3.913,26.083
2030,sc01,09-16 05:00:00+01:00,0.259,62.263,10.377,41.509,62.263,20.754,25.943,3.891,25.943
2030,sc01,09-16 06:00:00+01:00,0.259,62.151,10.358,41.434,62.151,20.717,25.896,3.884,25.896
2030,sc01,09-16 07:00:00+01:00,0.262,62.822,10.47,41.881,62.822,20.941,26.176,3.926,26.176
2030,sc01,09-16 08:00:00+01:00,0.269,64.66,10.777,43.107,64.66,21.553,26.942,4.041,26.942
2030,sc01,09-16 09:00:00+01:00,0.284,68.123,11.354,45.416,68.123,22.708,28.385,4.258,28.385
2030,sc01,09-16 10:00:00+01:00,0.295,70.722,11.787,47.148,70.722,23.574,29.467,4.42,29.467
2030,sc01,09-16 11:00:00+01:00,0.303,72.64,12.107,48.427,72.64,24.213,30.267,4.54,30.267
2030,sc01,09-16 12:00:00+01:00,0.302,72.439,12.073,48.293,72.439,24.146,30.183,4.527,30.183
2030,sc01,09-16 13:00:00+01:00,0.302,72.397,12.066,48.265,72.397,24.132,30.166,4.525,30.166
2030,sc01,09-16 14:00:00+01:00,0.306,73.555,12.259,49.037,73.555,24.518,30.648,4.597,30.648
2030,sc01,09-16 15:00:00+01:00,0.321,76.922,12.82,51.281,76.922,25.641,32.051,4.808,32.051
2030,sc01,09-16 16:00:00+01:00,0.337,80.946,13.491,53.964,80.946,26.982,33.728,5.059,33.728
2030,sc01,09-16 17:00:00+01:00,0.347,83.166,13.861,55.444,83.166,27.722,34.653,5.198,34.653
2030,sc01,09-16 18:00:00+01:00,0.345,82.829,13.805,55.219,82.829,27.61,34.512,5.177,34.512
2030,sc01,09-16 19:00:00+01:00,0.34,81.632,13.605,54.422,81.632,27.211,34.014,5.102,34.014
2030,sc01,09-16 20:00:00+01:00,0.333,79.989,13.332,53.326,79.989,26.663,33.329,4.999,33.329
2030,sc01,09-16 21:00:00+01:00,0.324,77.865,12.977,51.91,77.865,25.955,32.444,4.867,32.444
2030,sc01,09-16 22:00:00+01:00,0.31,74.285,12.381,49.523,74.285,24.762,30.952,4.643,30.952
2030,sc01,09-16 23:00:00+01:00,0.293,70.3,11.717,46.866,70.3,23.433,29.292,4.394,29.292
2030,sc01,09-17 00:00:00+01:00,0.3,72.0,12.0,48.0,72.0,24.0,30.0,4.5,30.0
2030,sc01,09-17 01:00:00+01:00,0.287,68.938,11.49,45.959,68.938,22.979,28.724,4.309,28.724
2030,sc01,09-17 02:00:00+01:00,0.275,66.104,11.017,44.069,66.104,22.035,27.543,4.131,27.543
2030,sc01,09-17 03:00:00+01:00,0.267,64.133,10.689,42.755,64.133,21.378,26.722,4.008,26.722
2030,sc01,09-17 04:00:00+01:00,0.261,62.6,10.433,41.734,62.6,20.867,26.083,3.913,26.083
2030,sc01,09-17 05:00:00+01:00,0.259,62.263,10.377,41.509,62.263,20.754,25.943,3.891,25.943
2030,sc01,09-17 06:00:00+01:00,0.259,62.151,10.358,41.434,62.151,20.717,25.896,3.884,25.896
2030,sc01,09-17 07:00:00+01:00,0.262,62.822,10.47,41.881,62.822,20.941,26.176,3.926,26.176
2030,sc01,09-17 08:00:00+01:00,0.269,64.66,10.777,43.107,64.66,21.553,26.942,4.041,26.942
2030,sc01,09-17 09:00:00+01:00,0.284,68.123,11.354,45.416,68.123,22.708,28.385,4.258,28.385
2030,sc01,09-17 10:00:00+01:00,0.295,70.722,11.787,47.148,70.722,23.574,29.467,4.42,29.467
2030,sc01,09-17 11:00:00+01:00,0.303,72.64,12.107,48.427,72.64,24.213,30.267,4.54,30.267
2030,sc01,09-17 12:00:00+01:00,0.302,72.439,12.073,48.293,72.439,24.146,30.183,4.527,30.183
2030,sc01,09-17 13:00:00+01:00,0.302,72.397,12.066,48.265,72.397,24.132,30.166,4.525,30.166
2030,sc01,09-17 14:00:00+01:00,0.306,73.555,12.259,49.037,73.555,24.518,30.648,4.597,30.648
2030,sc01,09-17 15:00:00+01:00,0.321,76.922,12.82,51.281,76.922,25.641,32.051,4.808,32.051
2030,sc01,09-17 16:00:00+01:00,0.337,80.946,13.491,53.964,80.946,26.982,33.728,5.059,33.728
2030,sc01,09-17 17:00:00+01:00,0.347,83.166,13.861,55.444,83.166,27.722,34.653,5.198,34.653
2030,sc01,09-17 18:00:00+01:00,0.345,82.829,13.805,55.219,82.829,27.61,34.512,5.177,34.512
2030,sc01,09-17 19:00:00+01:00,0.34,81.632,13.605,54.422,81.632,27.211,34.014,5.102,34.014
2030,sc01,09-17 20:00:00+01:00,0.333,79.989,13.332,53.326,79.989,26.663,33.329,4.999,33.329
2030,sc01,09-17 21:00:00+01:00,0.324,77.865,12.977,51.91,77.865,25.955,32.444,4.867,32.444
2030,sc01,09-17 22:00:00+01:00,0.31,74.285,12.381,49.523,74.285,24.762,30.952,4.643,30.952
2030,sc01,09-17 23:00:00+01:00,0.293,70.3,11.717,46.866,70.3,23.433,29.292,4.394,29.292
2030,sc01,09-18 00:00:00+01:00,0.3,72.0,12.0,48.0,72.0,24.0,30.0,4.5,30.0
2030,sc01,09-18 01:00:00+01:00,0.287,68.938,11.49,45.959,68.938,22.979,28.724,4.309,28.724
2030,sc01,09-18 02:00:00+01:00,0.275,66.104,11.017,44.069,66.104,22.035,27.543,4.131,27.543
2030,sc01,09-18 03:00:00+01:00,0.267,64.133,10.689,42.755,64.133,21.378,26.722,4.008,26.722
2030,sc01,09-18 04:00:00+01:00,0.261,62.6,10.433,41.734,62.6,20.867,26.083,3.913,26.083
2030,sc01,09-18 05:00:00+01:00,0.259,62.263,10.377,41.509,62.263,20.754,25.943,3.891,25.943
2030,sc01,09-18 06:00:00+01:00,0.259,62.151,10.358,41.434,62.151,20.717,25.896,3.884,25.896
2030,sc01,09-18 07:00:00+01:00,0.262,62.822,10.47,41.881,62.822,20.941,26.176,3.926,26.176
2030,sc01,09-18 08:00:00+01:00,0.269,64.66,10.777,43.107,64.66,21.553,26.942,4.041,26.942
2030,sc01,09-18 09:00:00+01:00,0.284,68.123,11.354,45.416,68.123,22.708,28.385,4.258,28.385
2030,sc01,09-18 10:00:00+01:00,0.295,70.722,11.787,47.148,70.722,23.574,29.467,4.42,29.467
2030,sc01,09-18 11:00:00+01:00,0.303,72.64,12.107,48.427,72.64,24.213,30.267,4.54,30.267
2030,sc01,09-18 12:00:00+01:00,0.302,72.439,12.073,48.293,72.439,24.146,30.183,4.527,30.183
2030,sc01,09-18 13:00:00+01:00,0.302,72.397,12.066,48.265,72.397,24.132,30.166,4.525,30.166
2030,sc01,09-18 14:00:00+01:00,0.306,73.555,12.259,49.037,73.555,24.518,30.648,4.597,30.648
2030,sc01,09-18 15:00:00+01:00,0.321,76.922,12.82,51.281,76.922,25.641,32.051,4.808,32.051
2030,sc01,09-18 16:00:00+01:00,0.337,80.946,13.491,53.964,80.946,26.982,33.728,5.059,33.728
2030,sc01,09-18 17:00:00+01:00,0.347,83.166,13.861,55.444,83.166,27.722,34.653,5.198,34.653
2030,sc01,09-18 18:00:00+01:00,0.345,82.829,13.805,55.219,82.829,27.61,34.512,5.177,34.512
2030,sc01,09-18 19:00:00+01:00,0.34,81.632,13.605,54.422,81.632,27.211,34.014,5.102,34.014
2030,sc01,09-18 20:00:00+01:00,0.333,79.989,13.332,53.326,79.989,26.663,33.329,4.999,33.329
2030,sc01,09-18 21:00:00+01:00,0.324,77.865,12.977,51.91,77.865,25.955,32.444,4.867,32.444
2030,sc01,09-18 22:00:00+01:00,0.31,74.285,12.381,49.523,74.285,24.762,30.952,4.643,30.952
2030,sc01,09-18 23:00:00+01:00,0.293,70.3,11.717,46.866,70.3,23.433,29.292,4.394,29.292
2030,sc01,09-19 00:00:00+01:00,0.3,72.0,12.0,48.0,72.0,24.0,30.0,4.5,30.0
2030,sc01,09-19 01:00:00+01:00,0.287,68.938,11.49,45.959,68.938,22.979,28.724,4.309,28.724
2030,sc01,09-19 02:00:00+01:00,0.275,66.104,11.017,44.069,66.104,22.035,27.543,4.131,27.543
2030,sc01,09-19 03:00:00+01:00,0.267,64.133,10.689,42.755,64.133,21.378,26.722,4.008,26.722
2030,sc01,09-19 04:00:00+01:00,0.261,62.6,10.433,41.734,62.6,20.867,26.083,3.913,26.083
2030,sc01,09-19 05:00:00+01:00,0.259,62.263,10.377,41.509,62.263,20.754,25.943,3.891,25.943
2030,sc01,09-19 06:00:00+01:00,0.259,62.151,10.358,41.434,62.151,20.717,25.896,3.884,25.896
2030,sc01,09-19 07:00:00+01:00,0.262,62.822,10.47,41.881,62.822,20.941,26.176,3.926,26.176
2030,sc01,09-19 08:00:00+01:00,0.269,64.66,10.777,43.107,64.66,21.553,26.942,4.041,26.942
2030,sc01,09-19 09:00:00+01:00,0.284,68.123,11.354,45.416,68.123,22.708,28.385,4.258,28.385
2030,sc01,09-19 10:00:00+01:00,0.295,70.722,11.787,47.148,70.722,23.574,29.467,4.42,29.467
2030,sc01,09-19 11:00:00+01:00,0.303,72.64,12.107,48.427,72.64,24.213,30.267,4.54,30.267
2030,sc01,09-19 12:00:00+01:00,0.302,72.439,12.073,48.293,72.439,24.146,30.183,4.527,30.183
2030,sc01,09-19 13:00:00+01:00,0.302,72.397,12.066,48.265,72.397,24.132,30.166,4.525,30.166
2030,sc01,09-19 14:00:00+01:00,0.306,73.555,12.259,49.037,73.555,24.518,30.648,4.597,30.648
2030,sc01,09-19 15:00:00+01:00,0.321,76.922,12.82,51.281,76.922,25.641,32.051,4.808,32.051
2030,sc01,09-19 16:00:00+01:00,0.337,80.946,13.491,53.964,80.946,26.982,33.728,5.059,33.728
2030,sc01,09-19 17:00:00+01:00,0.347,83.166,13.861,55.444,83.166,27.722,34.653,5.198,34.653
2030,sc01,09-19 18:00:00+01:00,0.345,82.829,13.805,55.219,82.829,27.61,34.512,5.177,34.512
2030,sc01,09-19 19:00:00+01:00,0.34,81.632,13.605,54.422,81.632,27.211,34.014,5.102,34.014
2030,sc01,09-19 20:00:00+01:00,0.333,79.989,13.332,53.326,79.989,26.663,33.329,4.999,33.329
2030,sc01,09-19 21:00:00+01:00,0.324,77.865,12.977,51.91,77.865,25.955,32.444,4.867,32.444
2030,sc01,09-19 22:00:00+01:00,0.31,74.285,12.381,49.523,74.285,24.762,30.952,4.643,30.952
2030,sc01,09-19 23:00:00+01:00,0.293,70.3,11.717,46.866,70.3,23.433,29.292,4.394,29.292
2030,sc01,09-20 00:00:00+01:00,0.3,72.0,12.0,48.0,72.0,24.0,30.0,4.5,30.0
2030,sc01,09-20 01:00:00+01:00,0.287,68.938,11.49,45.959,68.938,22.979,28.724,4.309,28.724
2030,sc01,09-20 02:00:00+01:00,0.275,66.104,11.017,44.069,66.104,22.035,27.543,4.131,27.543
2030,sc01,09-20 03:00:00+01:00,0.267,64.133,10.689,42.755,64.133,21.378,26.722,4.008,26.722
2030,sc01,09-20 04:00:00+01:00,0.261,62.6,10.433,41.734,62.6,20.867,26.083,3.913,26.083
2030,sc01,09-20 05:00:00+01:00,0.259,62.263,10.377,41.509,62.263,20.754,25.943,3.891,25.943
2030,sc01,09-20 06:00:00+01:00,0.259,62.151,10.358,41.434,62.151,20.717,25.896,3.884,25.896
2030,sc01,09-20 07:00:00+01:00,0.262,62.822,10.47,41.881,62.822,20.941,26.176,3.926,26.176
2030,sc01,09-20 08:00:00+01:00,0.269,64.66,10.777,43.107,64.66,21.553,26.942,4.041,26.942
2030,sc01,09-20 09:00:00+01:00,0.284,68.123,11.354,45.416,68.123,22.708,28.385,4.258,28.385
2030,sc01,09-20 10:00:00+01:00,0.295,70.722,11.787,47.148,70.722,23.574,29.467,4.42,29.467
2030,sc01,09-20 11:00:00+01:00,0.303,72.64,12.107,48.427,72.64,24.213,30.267,4.54,30.267
2030,sc01,09-20 12:00:00+01:00,0.302,72.439,12.073,48.293,72.439,24.146,30.183,4.527,30.183
2030,sc01,09-20 13:00:00+01:00,0.302,72.397,12.066,48.265,72.397,24.132,30.166,4.525,30.166
2030,sc01,09-20 14:00:00+01:00,0.306,73.555,12.259,49.037,73.555,24.518,30.648,4.597,30.648
2030,sc01,09-20 15:00:00+01:00,0.321,76.922,12.82,51.281,76.922,25.641,32.051,4.808,32.051
2030,sc01,09-20 16:00:00+01:00,0.337,80.946,13.491,53.964,80.946,26.982,33.728,5.059,33.728
2030,sc01,09-20 17:00:00+01:00,0.347,83.166,13.861,55.444,83.166,27.722,34.653,5.198,34.653
2030,sc01,09-20 18:00:00+01:00,0.345,82.829,13.805,55.219,82.829,27.61,34.512,5.177,34.512
2030,sc01,09-20 19:00:00+01:00,0.34,81.632,13.605,54.422,81.632,27.211,34.014,5.102,34.014
2030,sc01,09-20 20:00:00+01:00,0.333,79.989,13.332,53.326,79.989,26.663,33.329,4.999,33.329
2030,sc01,09-20 21:00:00+01:00,0.324,77.865,12.977,51.91,77.865,25.955,32.444,4.867,32.444
2030,sc01,09-20 22:00:00+01:00,0.31,74.285,12.381,49.523,74.285,24.762,30.952,4.643,30.952
2030,sc01,09-20 23:00:00+01:00,0.293,70.3,11.717,46.866,70.3,23.433,29.292,4.394,29.292
2030,sc01,09-21 00:00:00+01:00,0.3,72.0,12.0,48.0,72.0,24.0,30.0,4.5,30.0
2030,sc01,09-21 01:00:00+01:00,0.287,68.938,11.49,45.959,68.938,22.979,28.724,4.309,28.724
2030,sc01,09-21 02:00:00+01:00,0.275,66.104,11.017,44.069,66.104,22.035,27.543,4.131,27.543
2030,sc01,09-21 03:00:00+01:00,0.267,64.133,10.689,42.755,64.133,21.378,26.722,4.008,26.722
2030,sc01,09-21 04:00:00+01:00,0.261,62.6,10.433,41.734,62.6,20.867,26.083,3.913,26.083
2030,sc01,09-21 05:00:00+01:00,0.259,62.263,10.377,41.509,62.263,20.754,25.943,3.891,25.943
2030,sc01,09-21 06:00:00+01:00,0.259,62.151,10.358,41.434,62.151,20.717,25.896,3.884,25.896
2030,sc01,09-21 07:00:00+01:00,0.262,62.822,10.47,41.881,62.822,20.941,26.176,3.926,26.176
2030,sc01,09-21 08:00:00+01:00,0.269,64.66,10.777,43.107,64.66,21.553,26.942,4.041,26.942
2030,sc01,09-21 09:00:00+01:00,0.284,68.123,11.354,45.416,68.123,22.708,28.385,4.258,28.385
2030,sc01,09-21 10:00:00+01:00,0.295,70.722,11.787,47.148,70.722,23.574,29.467,4.42,29.467
2030,sc01,09-21 11:00:00+01:00,0.303,72.64,12.107,48.427,72.64,24.213,30.267,4.54,30.267
2030,sc01,09-21 12:00:00+01:00,0.302,72.439,12.073,48.293,72.439,24.146,30.183,4.527,30.183
2030,sc01,09-21 13:00:00+01:00,0.302,72.397,12.066,48.265,72.397,24.132,30.166,4.525,30.166
2030,sc01,09-21 14:00:00+01:00,0.306,73.555,12.259,49.037,73.555,24.518,30.648,4.597,30.648
2030,sc01,09-21 15:00:00+01:00,0.321,76.922,12.82,51.281,76.922,25.641,32.051,4.808,32.051
2030,sc01,09-21 16:00:00+01:00,0.337,80.946,13.491,53.964,80.946,26.982,33.728,5.059,33.728
2030,sc01,09-21 17:00:00+01:00,0.347,83.166,13.861,55.444,83.166,27.722,34.653,5.198,34.653
2030,sc01,09-21 18:00:00+01:00,0.345,82.829,13.805,55.219,82.829,27.61,34.512,5.177,34.512
2030,sc01,09-21 19:00:00+01:00,0.34,81.632,13.605,54.422,81.632,27.211,34.014,5.102,34.014
2030,sc01,09-21 20:00:00+01:00,0.333,79.989,13.332,53.326,79.989,26.663,33.329,4.999,33.329
2030,sc01,09-21 21:00:00+01:00,0.324,77.865,12.977,51.91,77.865,25.955,32.444,4.867,32.444
2030,sc01,09-21 22:00:00+01:00,0.31,74.285,12.381,49.523,74.285,24.762,30.952,4.643,30.952
2030,sc01,09-21 23:00:00+01:00,0.293,70.3,11.717,46.866,70.3,23.433,29.292,4.394,29.292
2030,sc01,09-22 00:00:00+01:00,0.3,72.0,12.0,48.0,72.0,24.0,30.0,4.5,30.0
2030,sc01,09-22 01:00:00+01:00,0.287,68.938,11.49,45.959,68.938,22.979,28.724,4.309,28.724
2030,sc01,09-22 02:00:00+01:00,0.275,66.104,11.017,44.069,66.104,22.035,27.543,4.131,27.543
2030,sc01,09-22 03:00:00+01:00,0.267,64.133,10.689,42.755,64.133,21.378,26.722,4.008,26.722
2030,sc01,09-22 04:00:00+01:00,0.261,62.6,10.433,41.734,62.6,20.867,26.083,3.913,26.083
2030,sc01,09-22 05:00:00+01:00,0.259,62.263,10.377,41.509,62.263,20.754,25.943,3.891,25.943
2030,sc01,09-22 06:00:00+01:00,0.259,62.151,10.358,41.434,62.151,20.717,25.896,3.884,25.896
2030,sc01,09-22 07:00:00+01:00,0.262,62.822,10.47,41.881,62.822,20.941,26.176,3.926,26.176
2030,sc01,09-22 08:00:00+01:00,0.269,64.66,10.777,43.107,64.66,21.553,26.942,4.041,26.942
2030,sc01,09-22 09:00:00+01:00,0.284,68.123,11.354,45.416,68.123,22.708,28.385,4.258,28.385
2030,sc01,09-22 10:00:00+01:00,0.295,70.722,11.787,47.148,70.722,23.574,29.467,4.42,29.467
2030,sc01,09-22 11:00:00+01:00,0.303,72.64,12.107,48.427,72.64,24.213,30.267,4.54,30.267
2030,sc01,09-22 12:00:00+01:00,0.302,72.439,12.073,48.293,72.439,24.146,30.183,4.527,30.183
2030,sc01,09-22 13:00:00+01:00,0.302,72.397,12.066,48.265,72.397,24.132,30.166,4.525,30.166
2030,sc01,09-22 14:00:00+01:00,0.306,73.555,12.259,49.037,73.555,24.518,30.648,4.597,30.648
2030,sc01,09-22 15:00:00+01:00,0.321,76.922,12.82,51.281,76.922,25.641,32.051,4.808,32.051
2030,sc01,09-22 16:00:00+01:00,0.337,80.946,13.491,53.964,80.946,26.982,33.728,5.059,33.728
2030,sc01,09-22 17:00:00+01:00,0.347,83.166,13.861,55.444,83.166,27.722,34.653,5.198,34.653
2030,sc01,09-22 18:00:00+01:00,0.345,82.829,13.805,55.219,82.829,27.61,34.512,5.177,34.512
2030,sc01,09-22 19:00:00+01:00,0.34,81.632,13.605,54.422,81.632,27.211,34.014,5.102,34.014
2030,sc01,09-22 20:00:00+01:00,0.333,79.989,13.332,53.326,79.989,26.663,33.329,4.999,33.329
2030,sc01,09-22 21:00:00+01:00,0.324,77.865,12.977,51.91,77.865,25.955,32.444,4.867,32.444
2030,sc01,09-22 22:00:00+01:00,0.31,74.285,12.381,49.523,74.285,24.762,30.952,4.643,30.952
2030,sc01,09-22 23:00:00+01:00,0.293,70.3,11.717,46.866,70.3,23.433,29.292,4.394,29.292
2030,sc01,09-23 00:00:00+01:00,0.3,72.0,12.0,48.0,72.0,24.0,30.0,4.5,30.0
2030,sc01,09-23 01:00:00+01:00,0.287,68.938,11.49,45.959,68.938,22.979,28.724,4.309,28.724
2030,sc01,09-23 02:00:00+01:00,0.275,66.104,11.017,44.069,66.104,22.035,27.543,4.131,27.543
2030,sc01,09-23 03:00:00+01:00,0.267,64.133,10.689,42.755,64.133,21.378,26.722,4.008,26.722
2030,sc01,09-23 04:00:00+01:00,0.261,62.6,10.433,41.734,62.6,20.867,26.083,3.913,26.083
2030,sc01,09-23 05:00:00+01:00,0.259,62.263,10.377,41.509,62.263,20.754,25.943,3.891,25.943
2030,sc01,09-23 06:00:00+01:00,0.259,62.151,10.358,41.434,62.151,20.717,25.896,3.884,25.896
2030,sc01,09-23 07:00:00+01:00,0.262,62.822,10.47,41.881,62.822,20.941,26.176,3.926,26.176
2030,sc01,09-23 08:00:00+01:00,0.269,64.66,10.777,43.107,64.66,21.553,26.942,4.041,26.942
2030,sc01,09-23 09:00:00+01:00,0.284,68.123,11.354,45.416,68.123,22.708,28.385,4.258,28.385
2030,sc01,09-23 10:00:00+01:00,0.295,70.722,11.787,47.148,70.722,23.574,29.467,4.42,29.467
2030,sc01,09-23 11:00:00+01:00,0.303,72.64,12.107,48.427,72.64,24.213,30.267,4.54,30.267
2030,sc01,09-23 12:00:00+01:00,0.302,72.439,12.073,48.293,72.439,24.146,30.183,4.527,30.183
2030,sc01,09-23 13:00:00+01:00,0.302,72.397,12.066,48.265,72.397,24.132,30.166,4.525,30.166
2030,sc01,09-23 14:00:00+01:00,0.306,73.555,12.259,49.037,73.555,24.518,30.648,4.597,30.648
2030,sc01,09-23 15:00:00+01:00,0.321,76.922,12.82,51.281,76.922,25.641,32.051,4.808,32.051
2030,sc01,09-23 16:00:00+01:00,0.337,80.946,13.491,53.964,80.946,26.982,33.728,5.059,33.728
2030,sc01,09-23 17:00:00+01:00,0.347,83.166,13.861,55.444,83.166,27.722,34.653,5.198,34.653
2030,sc01,09-23 18:00:00+01:00,0.345,82.829,13.805,55.219,82.829,27.61,34.512,5.177,34.512
2030,sc01,09-23 19:00:00+01:00,0.34,81.632,13.605,54.422,81.632,27.211,34.014,5.102,34.014
2030,sc01,09-23 20:00:00+01:00,0.333,79.989,13.332,53.326,79.989,26.663,33.329,4.999,33.329
2030,sc01,09-23 21:00:00+01:00,0.324,77.865,12.977,51.91,77.865,25.955,32.444,4.867,32.444
2030,sc01,09-23 22:00:00+01:00,0.31,74.285,12.381,49.523,74.285,24.762,30.952,4.643,30.952
2030,sc01,09-23 23:00:00+01:00,0.293,70.3,11.717,46.866,70.3,23.433,29.292,4.394,29.292
2030,sc01,09-24 00:00:00+01:00,0.3,72.0,12.0,48.0,72.0,24.0,30.0,4.5,30.0
2030,sc01,09-24 01:00:00+01:00,0.287,68.938,11.49,45.959,68.938,22.979,28.724,4.309,28.724
2030,sc01,09-24 02:00:00+01:00,0.275,66.104,11.017,44.069,66.104,22.035,27.543,4.131,27.543
2030,sc01,09-24 03:00:00+01:00,0.267,64.133,10.689,42.755,64.133,21.378,26.722,4.008,26.722
2030,sc01,09-24 04:00:00+01:00,0.261,62.6,10.433,41.734,62.6,20.867,26.083,3.913,26.083
2030,sc01,09-24 05:00:00+01:00,0.259,62.263,10.377,41.509,62.263,20.754,25.943,3.891,25.943
2030,sc01,09-24 06:00:00+01:00,0.259,62.151,10.358,41.434,62.151,20.717,25.896,3.884,25.896
2030,sc01,09-24 07:00:00+01:00,0.262,62.822,10.47,41.881,62.822,20.941,26.176,3.926,26.176
2030,sc01,09-24 08:00:00+01:00,0.269,64.66,10.777,43.107,64.66,21.553,26.942,4.041,26.942
2030,sc01,09-24 09:00:00+01:00,0.284,68.123,11.354,45.416,68.123,22.708,28.385,4.258,28.385
2030,sc01,09-24 10:00:00+01:00,0.295,70.722,11.787,47.148,70.722,23.574,29.467,4.42,29.467
2030,sc01,09-24 11:00:00+01:00,0.303,72.64,12.107,48.427,72.64,24.213,30.267,4.54,30.267
2030,sc01,09-24 12:00:00+01:00,0.302,72.439,12.073,48.293,72.439,24.146,30.183,4.527,30.183
2030,sc01,09-24 13:00:00+01:00,0.302,72.397,12.066,48.265,72.397,24.132,30.166,4.525,30.166
2030,sc01,09-24 14:00:00+01:00,0.306,73.555,12.259,49.037,73.555,24.518,30.648,4.597,30.648
2030,sc01,09-24 15:00:00+01:00,0.321,76.922,12.82,51.281,76.922,25.641,32.051,4.808,32.051
2030,sc01,09-24 16:00:00+01:00,0.337,80.946,13.491,53.964,80.946,26.982,33.728,5.059,33.728
2030,sc01,09-24 17:00:00+01:00,0.347,83.166,13.861,55.444,83.166,27.722,34.653,5.198,34.653
2030,sc01,09-24 18:00:00+01:00,0.345,82.829,13.805,55.219,82.829,27.61,34.512,5.177,34.512
2030,sc01,09-24 19:00:00+01:00,0.34,81.632,13.605,54.422,81.632,27.211,34.014,5.102,34.014
2030,sc01,09-24 20:00:00+01:00,0.333,79.989,13.332,53.326,79.989,26.663,33.329,4.999,33.329
2030,sc01,09-24 21:00:00+01:00,0.324,77.865,12.977,51.91,77.865,25.955,32.444,4.867,32.444
2030,sc01,09-24 22:00:00+01:00,0.31,74.285,12.381,49.523,74.285,24.762,30.952,4.643,30.952
2030,sc01,09-24 23:00:00+01:00,0.293,70.3,11.717,46.866,70.3,23.433,29.292,4.394,29.292
2030,sc01,09-25 00:00:00+01:00,0.3,72.0,12.0,48.0,72.0,24.0,30.0,4.5,30.0
2030,sc01,09-25 01:00:00+01:00,0.287,68.938,11.49,45.959,68.938,22.979,28.724,4.309,28.724
2030,sc01,09-25 02:00:00+01:00,0.275,66.104,11.017,44.069,66.104,22.035,27.543,4.131,27.543
2030,sc01,09-25 03:00:00+01:00,0.267,64.133,10.689,42.755,64.133,21.378,26.722,4.008,26.722
2030,sc01,09-25 04:00:00+01:00,0.261,62.6,10.433,41.734,62.6,20.867,26.083,3.913,26.083
2030,sc01,09-25 05:00:00+01:00,0.259,62.263,10.377,41.509,62.263,20.754,25.943,3.891,25.943
2030,sc01,09-25 06:00:00+01:00,0.259,62.151,10.358,41.434,62.151,20.717,25.896,3.884,25.896
2030,sc01,09-25 07:00:00+01:00,0.262,62.822,10.47,41.881,62.822,20.941,26.176,3.926,26.176
2030,sc01,09-25 08:00:00+01:00,0.269,64.66,10.777,43.107,64.66,21.553,26.942,4.041,26.942
2030,sc01,09-25 09:00:00+01:00,0.284,68.123,11.354,45.416,68.123,22.708,28.385,4.258,28.385
2030,sc01,09-25 10:00:00+01:00,0.295,70.722,11.787,47.148,70.722,23.574,29.467,4.42,29.467
2030,sc01,09-25 11:00:00+01:00,0.303,72.64,12.107,48.427,72.64,24.213,30.267,4.54,30.267
2030,sc01,09-25 12:00:00+01:00,0.302,72.439,12.073,48.293,72.439,24.146,30.183,4.527,30.183
2030,sc01,09-25 13:00:00+01:00,0.302,72.397,12.066,48.265,72.397,24.132,30.166,4.525,30.166
2030,sc01,09-25 14:00:00+01:00,0.306,73.555,12.259,49.037,73.555,24.518,30.648,4.597,30.648
2030,sc01,09-25 15:00:00+01:00,0.321,76.922,12.82,51.281,76.922,25.641,32.051,4.808,32.051
2030,sc01,09-25 16:00:00+01:00,0.337,80.946,13.491,53.964,80.946,26.982,33.728,5.059,33.728
2030,sc01,09-25 17:00:00+01:00,0.347,83.166,13.861,55.444,83.166,27.722,34.653,5.198,34.653
2030,sc01,09-25 18:00:00+01:00,0.345,82.829,13.805,55.219,82.829,27.61,34.512,5.177,34.512
2030,sc01,09-25 19:00:00+01:00,0.34,81.632,13.605,54.422,81.632,27.211,34.014,5.102,34.014
2030,sc01,09-25 20:00:00+01:00,0.333,79.989,13.332,53.326,79.989,26.663,33.329,4.999,33.329
2030,sc01,09-25 21:00:00+01:00,0.324,77.865,12.977,51.91,77.865,25.955,32.444,4.867,32.444
2030,sc01,09-25 22:00:00+01:00,0.31,74.285,12.381,49.523,74.285,24.762,30.952,4.643,30.952
2030,sc01,09-25 23:00:00+01:00,0.293,70.3,11.717,46.866,70.3,23.433,29.292,4.394,29.292
2030,sc01,09-26 00:00:00+01:00,0.3,72.0,12.0,48.0,72.0,24.0,30.0,4.5,30.0
2030,sc01,09-26 01:00:00+01:00,0.287,68.938,11.49,45.959,68.938,22.979,28.724,4.309,28.724
2030,sc01,09-26 02:00:00+01:00,0.275,66.104,11.017,44.069,66.104,22.035,27.543,4.131,27.543
2030,sc01,09-26 03:00:00+01:00,0.267,64.133,10.689,42.755,64.133,21.378,26.722,4.008,26.722
2030,sc01,09-26 04:00:00+01:00,0.261,62.6,10.433,41.734,62.6,20.867,26.083,3.913,26.083
2030,sc01,09-26 05:00:00+01:00,0.259,62.263,10.377,41.509,62.263,20.754,25.943,3.891,25.943
2030,sc01,09-26 06:00:00+01:00,0.259,62.151,10.358,41.434,62.151,20.717,25.896,3.884,25.896
2030,sc01,09-26 07:00:00+01:00,0.262,62.822,10.47,41.881,62.822,20.941,26.176,3.926,26.176
2030,sc01,09-26 08:00:00+01:00,0.269,64.66,10.777,43.107,64.66,21.553,26.942,4.041,26.942
2030,sc01,09-26 09:00:00+01:00,0.284,68.123,11.354,45.416,68.123,22.708,28.385,4.258,28.385
2030,sc01,09-26 10:00:00+01:00,0.295,70.722,11.787,47.148,70.722,23.574,29.467,4.42,29.467
2030,sc01,09-26 11:00:00+01:00,0.303,72.64,12.107,48.427,72.64,24.213,30.267,4.54,30.267
2030,sc01,09-26 12:00:00+01:00,0.302,72.439,12.073,48.293,72.439,24.146,30.183,4.527,30.183
2030,sc01,09-26 13:00:00+01:00,0.302,72.397,12.066,48.265,72.397,24.132,30.166,4.525,30.166
2030,sc01,09-26 14:00:00+01:00,0.306,73.555,12.259,49.037,73.555,24.518,30.648,4.597,30.648
2030,sc01,09-26 15:00:00+01:00,0.321,76.922,12.82,51.281,76.922,25.641,32.051,4.808,32.051
2030,sc01,09-26 16:00:00+01:00,0.337,80.946,13.491,53.964,80.946,26.982,33.728,5.059,33.728
2030,sc01,09-26 17:00:00+01:00,0.347,83.166,13.861,55.444,83.166,27.722,34.653,5.198,34.653
2030,sc01,09-26 18:00:00+01:00,0.345,82.829,13.805,55.219,82.829,27.61,34.512,5.177,34.512
2030,sc01,09-26 19:00:00+01:00,0.34,81.632,13.605,54.422,81.632,27.211,34.014,5.102,34.014
2030,sc01,09-26 20:00:00+01:00,0.333,79.989,13.332,53.326,79.989,26.663,33.329,4.999,33.329
2030,sc01,09-26 21:00:00+01:00,0.324,77.865,12.977,51.91,77.865,25.955,32.444,4.867,32.444
2030,sc01,09-26 22:00:00+01:00,0.31,74.285,12.381,49.523,74.285,24.762,30.952,4.643,30.952
2030,sc01,09-26 23:00:00+01:00,0.293,70.3,11.717,46.866,70.3,23.433,29.292,4.394,29.292
2030,sc01,09-27 00:00:00+01:00,0.3,72.0,12.0,48.0,72.0,24.0,30.0,4.5,30.0
2030,sc01,09-27 01:00:00+01:00,0.287,68.938,11.49,45.959,68.938,22.979,28.724,4.309,28.724
2030,sc01,09-27 02:00:00+01:00,0.275,66.104,11.017,44.069,66.104,22.035,27.543,4.131,27.543
2030,sc01,09-27 03:00:00+01:00,0.267,64.133,10.689,42.755,64.133,21.378,26.722,4.008,26.722
2030,sc01,09-27 04:00:00+01:00,0.261,62.6,10.433,41.734,62.6,20.867,26.083,3.913,26.083
2030,sc01,09-27 05:00:00+01:00,0.259,62.263,10.377,41.509,62.263,20.754,25.943,3.891,25.943
2030,sc01,09-27 06:00:00+01:00,0.259,62.151,10.358,41.434,62.151,20.717,25.896,3.884,25.896
2030,sc01,09-27 07:00:00+01:00,0.262,62.822,10.47,41.881,62.822,20.941,26.176,3.926,26.176
2030,sc01,09-27 08:00:00+01:00,0.269,64.66,10.777,43.107,64.66,21.553,26.942,4.041,26.942
2030,sc01,09-27 09:00:00+01:00,0.284,68.123,11.354,45.416,68.123,22.708,28.385,4.258,28.385
2030,sc01,09-27 10:00:00+01:00,0.295,70.722,11.787,47.148,70.722,23.574,29.467,4.42,29.467
2030,sc01,09-27 11:00:00+01:00,0.303,72.64,12.107,48.427,72.64,24.213,30.267,4.54,30.267
2030,sc01,09-27 12:00:00+01:00,0.302,72.439,12.073,48.293,72.439,24.146,30.183,4.527,30.183
2030,sc01,09-27 13:00:00+01:00,0.302,72.397,12.066,48.265,72.397,24.132,30.166,4.525,30.166
2030,sc01,09-27 14:00:00+01:00,0.306,73.555,12.259,49.037,73.555,24.518,30.648,4.597,30.648
2030,sc01,09-27 15:00:00+01:00,0.321,76.922,12.82,51.281,76.922,25.641,32.051,4.808,32.051
2030,sc01,09-27 16:00:00+01:00,0.337,80.946,13.491,53.964,80.946,26.982,33.728,5.059,33.728
2030,sc01,09-27 17:00:00+01:00,0.347,83.166,13.861,55.444,83.166,27.722,34.653,5.198,34.653
2030,sc01,09-27 18:00:00+01:00,0.345,82.829,13.805,55.219,82.829,27.61,34.512,5.177,34.512
2030,sc01,09-27 19:00:00+01:00,0.34,81.632,13.605,54.422,81.632,27.211,34.014,5.102,34.014
2030,sc01,09-27 20:00:00+01:00,0.333,79.989,13.332,53.326,79.989,26.663,33.329,4.999,33.329
2030,sc01,09-27 21:00:00+01:00,0.324,77.865,12.977,51.91,77.865,25.955,32.444,4.867,32.444
2030,sc01,09-27 22:00:00+01:00,0.31,74.285,12.381,49.523,74.285,24.762,30.952,4.643,30.952
2030,sc01,09-27 23:00:00+01:00,0.293,70.3,11.717,46.866,70.3,23.433,29.292,4.394,29.292
2030,sc01,09-28 00:00:00+01:00,0.3,72.0,12.0,48.0,72.0,24.0,30.0,4.5,30.0
2030,sc01,09-28 01:00:00+01:00,0.287,68.938,11.49,45.959,68.938,22.979,28.724,4.309,28.724
2030,sc01,09-28 02:00:00+01:00,0.275,66.104,11.017,44.069,66.104,22.035,27.543,4.131,27.543
2030,sc01,09-28 03:00:00+01:00,0.267,64.133,10.689,42.755,64.133,21.378,26.722,4.008,26.722
2030,sc01,09-28 04:00:00+01:00,0.261,62.6,10.433,41.734,62.6,20.867,26.083,3.913,26.083
2030,sc01,09-28 05:00:00+01:00,0.259,62.263,10.377,41.509,62.263,20.754,25.943,3.891,25.943
2030,sc01,09-28 06:00:00+01:00,0.259,62.151,10.358,41.434,62.151,20.717,25.896,3.884,25.896
2030,sc01,09-28 07:00:00+01:00,0.262,62.822,10.47,41.881,62.822,20.941,26.176,3.926,26.176
2030,sc01,09-28 08:00:00+01:00,0.269,64.66,10.777,43.107,64.66,21.553,26.942,4.041,26.942
2030,sc01,09-28 09:00:00+01:00,0.284,68.123,11.354,45.416,68.123,22.708,28.385,4.258,28.385
2030,sc01,09-28 10:00:00+01:00,0.295,70.722,11.787,47.148,70.722,23.574,29.467,4.42,29.467
2030,sc01,09-28 11:00:00+01:00,0.303,72.64,12.107,48.427,72.64,24.213,30.267,4.54,30.267
2030,sc01,09-28 12:00:00+01:00,0.302,72.439,12.073,48.293,72.439,24.146,30.183,4.527,30.183
2030,sc01,09-28 13:00:00+01:00,0.302,72.397,12.066,48.265,72.397,24.132,30.166,4.525,30.166
2030,sc01,09-28 14:00:00+01:00,0.306,73.555,12.259,49.037,73.555,24.518,30.648,4.597,30.648
2030,sc01,09-28 15:00:00+01:00,0.321,76.922,12.82,51.281,76.922,25.641,32.051,4.808,32.051
2030,sc01,09-28 16:00:00+01:00,0.337,80.946,13.491,53.964,80.946,26.982,33.728,5.059,33.728
2030,sc01,09-28 17:00:00+01:00,0.347,83.166,13.861,55.444,83.166,27.722,34.653,5.198,34.653
2030,sc01,09-28 18:00:00+01:00,0.345,82.829,13.805,55.219,82.829,27.61,34.512,5.177,34.512
2030,sc01,09-28 19:00:00+01:00,0.34,81.632,13.605,54.422,81.632,27.211,34.014,5.102,34.014
2030,sc01,09-28 20:00:00+01:00,0.333,79.989,13.332,53.326,79.989,26.663,33.329,4.999,33.329
2030,sc01,09-28 21:00:00+01:00,0.324,77.865,12.977,51.91,77.865,25.955,32.444,4.867,32.444
2030,sc01,09-28 22:00:00+01:00,0.31,74.285,12.381,49.523,74.285,24.762,30.952,4.643,30.952
2030,sc01,09-28 23:00:00+01:00,0.293,70.3,11.717,46.866,70.3,23.433,29.292,4.394,29.292
2030,sc01,09-29 00:00:00+01:00,0.3,72.0,12.0,48.0,72.0,24.0,30.0,4.5,30.0
2030,sc01,09-29 01:00:00+01:00,0.287,68.938,11.49,45.959,68.938,22.979,28.724,4.309,28.724
2030,sc01,09-29 02:00:00+01:00,0.275,66.104,11.017,44.069,66.104,22.035,27.543,4.131,27.543
2030,sc01,09-29 03:00:00+01:00,0.267,64.133,10.689,42.755,64.133,21.378,26.722,4.008,26.722
2030,sc01,09-29 04:00:00+01:00,0.261,62.6,10.433,41.734,62.6,20.867,26.083,3.913,26.083
2030,sc01,09-29 05:00:00+01:00,0.259,62.263,10.377,41.509,62.263,20.754,25.943,3.891,25.943
2030,sc01,09-29 06:00:00+01:00,0.259,62.151,10.358,41.434,62.151,20.717,25.896,3.884,25.896
2030,sc01,09-29 07:00:00+01:00,0.262,62.822,10.47,41.881,62.822,20.941,26.176,3.926,26.176
2030,sc01,09-29 08:00:00+01:00,0.269,64.66,10.777,43.107,64.66,21.553,26.942,4.041,26.942
2030,sc01,09-29 09:00:00+01:00,0.284,68.123,11.354,45.416,68.123,22.708,28.385,4.258,28.385
2030,sc01,09-29 10:00:00+01:00,0.295,70.722,11.787,47.148,70.722,23.574,29.467,4.42,29.467
2030,sc01,09-29 11:00:00+01:00,0.303,72.64,12.107,48.427,72.64,24.213,30.267,4.54,30.267
2030,sc01,09-29 12:00:00+01:00,0.302,72.439,12.073,48.293,72.439,24.146,30.183,4.527,30.183
2030,sc01,09-29 13:00:00+01:00,0.302,72.397,12.066,48.265,72.397,24.132,30.166,4.525,30.166
2030,sc01,09-29 14:00:00+01:00,0.306,73.555,12.259,49.037,73.555,24.518,30.648,4.597,30.648
2030,sc01,09-29 15:00:00+01:00,0.321,76.922,12.82,51.281,76.922,25.641,32.051,4.808,32.051
2030,sc01,09-29 16:00:00+01:00,0.337,80.946,13.491,53.964,80.946,26.982,33.728,5.059,33.728
2030,sc01,09-29 17:00:00+01:00,0.347,83.166,13.861,55.444,83.166,27.722,34.653,5.198,34.653
2030,sc01,09-29 18:00:00+01:00,0.345,82.829,13.805,55.219,82.829,27.61,34.512,5.177,34.512
2030,sc01,09-29 19:00:00+01:00,0.34,81.632,13.605,54.422,81.632,27.211,34.014,5.102,34.014
2030,sc01,09-29 20:00:00+01:00,0.333,79.989,13.332,53.326,79.989,26.663,33.329,4.999,33.329
2030,sc01,09-29 21:00:00+01:00,0.324,77.865,12.977,51.91,77.865,25.955,32.444,4.867,32.444
2030,sc01,09-29 22:00:00+01:00,0.31,74.285,12.381,49.523,74.285,24.762,30.952,4.643,30.952
2030,sc01,09-29 23:00:00+01:00,0.293,70.3,11.717,46.866,70.3,23.433,29.292,4.394,29.292
2030,sc01,09-30 00:00:00+01:00,0.3,72.0,12.0,48.0,72.0,24.0,30.0,4.5,30.0
2030,sc01,09-30 01:00:00+01:00,0.287,68.938,11.49,45.959,68.938,22.979,28.724,4.309,28.724
2030,sc01,09-30 02:00:00+01:00,0.275,66.104,11.017,44.069,66.104,22.035,27.543,4.131,27.543
2030,sc01,09-30 03:00:00+01:00,0.267,64.133,10.689,42.755,64.133,21.378,26.722,4.008,26.722
2030,sc01,09-30 04:00:00+01:00,0.261,62.6,10.433,41.734,62.6,20.867,26.083,3.913,26.083
2030,sc01,09-30 05:00:00+01:00,0.259,62.263,10.377,41.509,62.263,20.754,25.943,3.891,25.943
2030,sc01,09-30 06:00:00+01:00,0.259,62.151,10.358,41.434,62.151,20.717,25.896,3.884,25.896
2030,sc01,09-30 07:00:00+01:00,0.262,62.822,10.47,41.881,62.822,20.941,26.176,3.926,26.176
2030,sc01,09-30 08:00:00+01:00,0.269,64.66,10.777,43.107,64.66,21.553,26.942,4.041,26.942
2030,sc01,09-30 09:00:00+01:00,0.284,68.123,11.354,45.416,68.123,22.708,28.385,4.258,28.385
2030,sc01,09-30 10:00:00+01:00,0.295,70.722,11.787,47.148,70.722,23.574,29.467,4.42,29.467
2030,sc01,09-30 11:00:00+01:00,0.303,72.64,12.107,48.427,72.64,24.213,30.267,4.54,30.267
2030,sc01,09-30 12:00:00+01:00,0.302,72.439,12.073,48.293,72.439,24.146,30.183,4.527,30.183
2030,sc01,09-30 13:00:00+01:00,0.302,72.397,12.066,48.265,72.397,24.132,30.166,4.525,30.166
2030,sc01,09-30 14:00:00+01:00,0.306,73.555,12.259,49.037,73.555,24.518,30.648,4.597,30.648
2030,sc01,09-30 15:00:00+01:00,0.321,76.922,12.82,51.281,76.922,25.641,32.051,4.808,32.051
2030,sc01,09-30 16:00:00+01:00,0.337,80.946,13.491,53.964,80.946,26.982,33.728,5.059,33.728
2030,sc01,09-30 17:00:00+01:00,0.347,83.166,13.861,55.444,83.166,27.722,34.653,5.198,34.653
2030,sc01,09-30 18:00:00+01:00,0.345,82.829,13.805,55.219,82.829,27.61,34.512,5.177,34.512
2030,sc01,09-30 19:00:00+01:00,0.34,81.632,13.605,54.422,81.632,27.211,34.014,5.102,34.014
2030,sc01,09-30 20:00:00+01:00,0.333,79.989,13.332,53.326,79.989,26.663,33.329,4.999,33.329
2030,sc01,09-30 21:00:00+01:00,0.324,77.865,12.977,51.91,77.865,25.955,32.444,4.867,32.444
2030,sc01,09-30 22:00:00+01:00,0.31,74.285,12.381,49.523,74.285,24.762,30.952,4.643,30.952
2030,sc01,09-30 23:00:00+01:00,0.293,70.3,11.717,46.866,70.3,23.433,29.292,4.394,29.292
2030,sc01,10-01 00:00:00+01:00,0.3,72.0,12.0,48.0,72.0,24.0,30.0,4.5,30.0
2030,sc01,10-01 01:00:00+01:00,0.287,68.938,11.49,45.959,68.938,22.979,28.724,4.309,28.724
2030,sc01,10-01 02:00:00+01:00,0.275,66.104,11.017,44.069,66.104,22.035,27.543,4.131,27.543
2030,sc01,10-01 03:00:00+01:00,0.267,64.133,10.689,42.755,64.133,21.378,26.722,4.008,26.722
2030,sc01,10-01 04:00:00+01:00,0.261,62.6,10.433,41.734,62.6,20.867,26.083,3.913,26.083
2030,sc01,10-01 05:00:00+01:00,0.259,62.263,10.377,41.509,62.263,20.754,25.943,3.891,25.943
2030,sc01,10-01 06:00:00+01:00,0.259,62.151,10.358,41.434,62.151,20.717,25.896,3.884,25.896
2030,sc01,10-01 07:00:00+01:00,0.262,62.822,10.47,41.881,62.822,20.941,26.176,3.926,26.176
2030,sc01,10-01 08:00:00+01:00,0.269,64.66,10.777,43.107,64.66,21.553,26.942,4.041,26.942
2030,sc01,10-01 09:00:00+01:00,0.284,68.123,11.354,45.416,68.123,22.708,28.385,4.258,28.385
2030,sc01,10-01 10:00:00+01:00,0.295,70.722,11.787,47.148,70.722,23.574,29.467,4.42,29.467
2030,sc01,10-01 11:00:00+01:00,0.303,72.64,12.107,48.427,72.64,24.213,30.267,4.54,30.267
2030,sc01,10-01 12:00:00+01:00,0.302,72.439,12.073,48.293,72.439,24.146,30.183,4.527,30.183
2030,sc01,10-01 13:00:00+01:00,0.302,72.397,12.066,48.265,72.397,24.132,30.166,4.525,30.166
2030,sc01,10-01 14:00:00+01:00,0.306,73.555,12.259,49.037,73.555,24.518,30.648,4.597,30.648
2030,sc01,10-01 15:00:00+01:00,0.321,76.922,12.82,51.281,76.922,25.641,32.051,4.808,32.051
2030,sc01,10-01 16:00:00+01:00,0.337,80.946,13.491,53.964,80.946,26.982,33.728,5.059,33.728
2030,sc01,10-01 17:00:00+01:00,0.347,83.166,13.861,55.444,83.166,27.722,34.653,5.198,34.653
2030,sc01,10-01 18:00:00+01:00,0.345,82.829,13.805,55.219,82.829,27.61,34.512,5.177,34.512
2030,sc01,10-01 19:00:00+01:00,0.34,81.632,13.605,54.422,81.632,27.211,34.014,5.102,34.014
2030,sc01,10-01 20:00:00+01:00,0.333,79.989,13.332,53.326,79.989,26.663,33.329,4.999,33.329
2030,sc01,10-01 21:00:00+01:00,0.324,77.865,12.977,51.91,77.865,25.955,32.444,4.867,32.444
2030,sc01,10-01 22:00:00+01:00,0.31,74.285,12.381,49.523,74.285,24.762,30.952,4.643,30.952
2030,sc01,10-01 23:00:00+01:00,0.293,70.3,11.717,46.866,70.3,23.433,29.292,4.394,29.292
2030,sc01,10-02 00:00:00+01:00,0.3,72.0,12.0,48.0,72.0,24.0,30.0,4.5,30.0
2030,sc01,10-02 01:00:00+01:00,0.287,68.938,11.49,45.959,68.938,22.979,28.724,4.309,28.724
2030,sc01,10-02 02:00:00+01:00,0.275,66.104,11.017,44.069,66.104,22.035,27.543,4.131,27.543
2030,sc01,10-02 03:00:00+01:00,0.267,64.133,10.689,42.755,64.133,21.378,26.722,4.008,26.722
2030,sc01,10-02 04:00:00+01:00,0.261,62.6,10.433,41.734,62.6,20.867,26.083,3.913,26.083
2030,sc01,10-02 05:00:00+01:00,0.259,62.263,10.377,41.509,62.263,20.754,25.943,3.891,25.943
2030,sc01,10-02 06:00:00+01:00,0.259,62.151,10.358,41.434,62.151,20.717,25.896,3.884,25.896
2030,sc01,10-02 07:00:00+01:00,0.262,62.822,10.47,41.881,62.822,20.941,26.176,3.926,26.176
2030,sc01,10-02 08:00:00+01:00,0.269,64.66,10.777,43.107,64.66,21.553,26.942,4.041,26.942
2030,sc01,10-02 09:00:00+01:00,0.284,68.123,11.354,45.416,68.123,22.708,28.385,4.258,28.385
2030,sc01,10-02 10:00:00+01:00,0.295,70.722,11.787,47.148,70.722,23.574,29.467,4.42,29.467
2030,sc01,10-02 11:00:00+01:00,0.303,72.64,12.107,48.427,72.64,24.213,30.267,4.54,30.267
2030,sc01,10-02 12:00:00+01:00,0.302,72.439,12.073,48.293,72.439,24.146,30.183,4.527,30.183
2030,sc01,10-02 13:00:00+01:00,0.302,72.397,12.066,48.265,72.397,24.132,30.166,4.525,30.166
2030,sc01,10-02 14:00:00+01:00,0.306,73.555,12.259,49.037,73.555,24.518,30.648,4.597,30.648
2030,sc01,10-02 15:00:00+01:00,0.321,76.922,12.82,51.281,76.922,25.641,32.051,4.808,32.051
2030,sc01,10-02 16:00:00+01:00,0.337,80.946,13.491,53.964,80.946,26.982,33.728,5.059,33.728
2030,sc01,10-02 17:00:00+01:00,0.347,83.166,13.861,55.444,83.166,27.722,34.653,5.198,34.653
2030,sc01,10-02 18:00:00+01:00,0.345,82.829,13.805,55.219,82.829,27.61,34.512,5.177,34.512
2030,sc01,10-02 19:00:00+01:00,0.34,81.632,13.605,54.422,81.632,27.211,34.014,5.102,34.014
2030,sc01,10-02 20:00:00+01:00,0.333,79.989,13.332,53.326,79.989,26.663,33.329,4.999,33.329
2030,sc01,10-02 21:00:00+01:00,0.324,77.865,12.977,51.91,77.865,25.955,32.444,4.867,32.444
2030,sc01,10-02 22:00:00+01:00,0.31,74.285,12.381,49.523,74.285,24.762,30.952,4.643,30.952
2030,sc01,10-02 23:00:00+01:00,0.293,70.3,11.717,46.866,70.3,23.433,29.292,4.394,29.292
2030,sc01,10-03 00:00:00+01:00,0.3,72.0,12.0,48.0,72.0,24.0,30.0,4.5,30.0
2030,sc01,10-03 01:00:00+01:00,0.287,68.938,11.49,45.959,68.938,22.979,28.724,4.309,28.724
2030,sc01,10-03 02:00:00+01:00,0.275,66.104,11.017,44.069,66.104,22.035,27.543,4.131,27.543
2030,sc01,10-03 03:00:00+01:00,0.267,64.133,10.689,42.755,64.133,21.378,26.722,4.008,26.722
2030,sc01,10-03 04:00:00+01:00,0.261,62.6,10.433,41.734,62.6,20.867,26.083,3.913,26.083
2030,sc01,10-03 05:00:00+01:00,0.259,62.263,10.377,41.509,62.263,20.754,25.943,3.891,25.943
2030,sc01,10-03 06:00:00+01:00,0.259,62.151,10.358,41.434,62.151,20.717,25.896,3.884,25.896
2030,sc01,10-03 07:00:00+01:00,0.262,62.822,10.47,41.881,62.822,20.941,26.176,3.926,26.176
2030,sc01,10-03 08:00:00+01:00,0.269,64.66,10.777,43.107,64.66,21.553,26.942,4.041,26.942
2030,sc01,10-03 09:00:00+01:00,0.284,68.123,11.354,45.416,68.123,22.708,28.385,4.258,28.385
2030,sc01,10-03 10:00:00+01:00,0.295,70.722,11.787,47.148,70.722,23.574,29.467,4.42,29.467
2030,sc01,10-03 11:00:00+01:00,0.303,72.64,12.107,48.427,72.64,24.213,30.267,4.54,30.267
2030,sc01,10-03 12:00:00+01:00,0.302,72.439,12.073,48.293,72.439,24.146,30.183,4.527,30.183
2030,sc01,10-03 13:00:00+01:00,0.302,72.397,12.066,48.265,72.397,24.132,30.166,4.525,30.166
2030,sc01,10-03 14:00:00+01:00,0.306,73.555,12.259,49.037,73.555,24.518,30.648,4.597,30.648
2030,sc01,10-03 15:00:00+01:00,0.321,76.922,12.82,51.281,76.922,25.641,32.051,4.808,32.051
2030,sc01,10-03 16:00:00+01:00,0.337,80.946,13.491,53.964,80.946,26.982,33.728,5.059,33.728
2030,sc01,10-03 17:00:00+01:00,0.347,83.166,13.861,55.444,83.166,27.722,34.653,5.198,34.653
2030,sc01,10-03 18:00:00+01:00,0.345,82.829,13.805,55.219,82.829,27.61,34.512,5.177,34.512
2030,sc01,10-03 19:00:00+01:00,0.34,81.632,13.605,54.422,81.632,27.211,34.014,5.102,34.014
2030,sc01,10-03 20:00:00+01:00,0.333,79.989,13.332,53.326,79.989,26.663,33.329,4.999,33.329
2030,sc01,10-03 21:00:00+01:00,0.324,77.865,12.977,51.91,77.865,25.955,32.444,4.867,32.444
2030,sc01,10-03 22:00:00+01:00,0.31,74.285,12.381,49.523,74.285,24.762,30.952,4.643,30.952
2030,sc01,10-03 23:00:00+01:00,0.293,70.3,11.717,46.866,70.3,23.433,29.292,4.394,29.292
2030,sc01,10-04 00:00:00+01:00,0.3,72.0,12.0,48.0,72.0,24.0,30.0,4.5,30.0
2030,sc01,10-04 01:00:00+01:00,0.287,68.938,11.49,45.959,68.938,22.979,28.724,4.309,28.724
2030,sc01,10-04 02:00:00+01:00,0.275,66.104,11.017,44.069,66.104,22.035,27.543,4.131,27.543
2030,sc01,10-04 03:00:00+01:00,0.267,64.133,10.689,42.755,64.133,21.378,26.722,4.008,26.722
2030,sc01,10-04 04:00:00+01:00,0.261,62.6,10.433,41.734,62.6,20.867,26.083,3.913,26.083
2030,sc01,10-04 05:00:00+01:00,0.259,62.263,10.377,41.509,62.263,20.754,25.943,3.891,25.943
2030,sc01,10-04 06:00:00+01:00,0.259,62.151,10.358,41.434,62.151,20.717,25.896,3.884,25.896
2030,sc01,10-04 07:00:00+01:00,0.262,62.822,10.47,41.881,62.822,20.941,26.176,3.926,26.176
2030,sc01,10-04 08:00:00+01:00,0.269,64.66,10.777,43.107,64.66,21.553,26.942,4.041,26.942
2030,sc01,10-04 09:00:00+01:00,0.284,68.123,11.354,45.416,68.123,22.708,28.385,4.258,28.385
2030,sc01,10-04 10:00:00+01:00,0.295,70.722,11.787,47.148,70.722,23.574,29.467,4.42,29.467
2030,sc01,10-04 11:00:00+01:00,0.303,72.64,12.107,48.427,72.64,24.213,30.267,4.54,30.267
2030,sc01,10-04 12:00:00+01:00,0.302,72.439,12.073,48.293,72.439,24.146,30.183,4.527,30.183
2030,sc01,10-04 13:00:00+01:00,0.302,72.397,12.066,48.265,72.397,24.132,30.166,4.525,30.166
2030,sc01,10-04 14:00:00+01:00,0.306,73.555,12.259,49.037,73.555,24.518,30.648,4.597,30.648
2030,sc01,10-04 15:00:00+01:00,0.321,76.922,12.82,51.281,76.922,25.641,32.051,4.808,32.051
2030,sc01,10-04 16:00:00+01:00,0.337,80.946,13.491,53.964,80.946,26.982,33.728,5.059,33.728
2030,sc01,10-04 17:00:00+01:00,0.347,83.166,13.861,55.444,83.166,27.722,34.653,5.198,34.653
2030,sc01,10-04 18:00:00+01:00,0.345,82.829,13.805,55.219,82.829,27.61,34.512,5.177,34.512
2030,sc01,10-04 19:00:00+01:00,0.34,81.632,13.605,54.422,81.632,27.211,34.014,5.102,34.014
2030,sc01,10-04 20:00:00+01:00,0.333,79.989,13.332,53.326,79.989,26.663,33.329,4.999,33.329
2030,sc01,10-04 21:00:00+01:00,0.324,77.865,12.977,51.91,77.865,25.955,32.444,4.867,32.444
2030,sc01,10-04 22:00:00+01:00,0.31,74.285,12.381,49.523,74.285,24.762,30.952,4.643,30.952
2030,sc01,10-04 23:00:00+01:00,0.293,70.3,11.717,46.866,70.3,23.433,29.292,4.394,29.292
2030,sc01,10-05 00:00:00+01:00,0.3,72.0,12.0,48.0,72.0,24.0,30.0,4.5,30.0
2030,sc01,10-05 01:00:00+01:00,0.287,68.938,11.49,45.959,68.938,22.979,28.724,4.309,28.724
2030,sc01,10-05 02:00:00+01:00,0.275,66.104,11.017,44.069,66.104,22.035,27.543,4.131,27.543
2030,sc01,10-05 03:00:00+01:00,0.267,64.133,10.689,42.755,64.133,21.378,26.722,4.008,26.722
2030,sc01,10-05 04:00:00+01:00,0.261,62.6,10.433,41.734,62.6,20.867,26.083,3.913,26.083
2030,sc01,10-05 05:00:00+01:00,0.259,62.263,10.377,41.509,62.263,20.754,25.943,3.891,25.943
2030,sc01,10-05 06:00:00+01:00,0.259,62.151,10.358,41.434,62.151,20.717,25.896,3.884,25.896
2030,sc01,10-05 07:00:00+01:00,0.262,62.822,10.47,41.881,62.822,20.941,26.176,3.926,26.176
2030,sc01,10-05 08:00:00+01:00,0.269,64.66,10.777,43.107,64.66,21.553,26.942,4.041,26.942
2030,sc01,10-05 09:00:00+01:00,0.284,68.123,11.354,45.416,68.123,22.708,28.385,4.258,28.385
2030,sc01,10-05 10:00:00+01:00,0.295,70.722,11.787,47.148,70.722,23.574,29.467,4.42,29.467
2030,sc01,10-05 11:00:00+01:00,0.303,72.64,12.107,48.427,72.64,24.213,30.267,4.54,30.267
2030,sc01,10-05 12:00:00+01:00,0.302,72.439,12.073,48.293,72.439,24.146,30.183,4.527,30.183
2030,sc01,10-05 13:00:00+01:00,0.302,72.397,12.066,48.265,72.397,24.132,30.166,4.525,30.166
2030,sc01,10-05 14:00:00+01:00,0.306,73.555,12.259,49.037,73.555,24.518,30.648,4.597,30.648
2030,sc01,10-05 15:00:00+01:00,0.321,76.922,12.82,51.281,76.922,25.641,32.051,4.808,32.051
2030,sc01,10-05 16:00:00+01:00,0.337,80.946,13.491,53.964,80.946,26.982,33.728,5.059,33.728
2030,sc01,10-05 17:00:00+01:00,0.347,83.166,13.861,55.444,83.166,27.722,34.653,5.198,34.653
2030,sc01,10-05 18:00:00+01:00,0.345,82.829,13.805,55.219,82.829,27.61,34.512,5.177,34.512
2030,sc01,10-05 19:00:00+01:00,0.34,81.632,13.605,54.422,81.632,27.211,34.014,5.102,34.014
2030,sc01,10-05 20:00:00+01:00,0.333,79.989,13.332,53.326,79.989,26.663,33.329,4.999,33.329
2030,sc01,10-05 21:00:00+01:00,0.324,77.865,12.977,51.91,77.865,25.955,32.444,4.867,32.444
2030,sc01,10-05 22:00:00+01:00,0.31,74.285,12.381,49.523,74.285,24.762,30.952,4.643,30.952
2030,sc01,10-05 23:00:00+01:00,0.293,70.3,11.717,46.866,70.3,23.433,29.292,4.394,29.292
2030,sc01,10-06 00:00:00+01:00,0.3,72.0,12.0,48.0,72.0,24.0,30.0,4.5,30.0
2030,sc01,10-06 01:00:00+01:00,0.287,68.938,11.49,45.959,68.938,22.979,28.724,4.309,28.724
2030,sc01,10-06 02:00:00+01:00,0.275,66.104,11.017,44.069,66.104,22.035,27.543,4.131,27.543
2030,sc01,10-06 03:00:00+01:00,0.267,64.133,10.689,42.755,64.133,21.378,26.722,4.008,26.722
2030,sc01,10-06 04:00:00+01:00,0.261,62.6,10.433,41.734,62.6,20.867,26.083,3.913,26.083
2030,sc01,10-06 05:00:00+01:00,0.259,62.263,10.377,41.509,62.263,20.754,25.943,3.891,25.943
2030,sc01,10-06 06:00:00+01:00,0.259,62.151,10.358,41.434,62.151,20.717,25.896,3.884,25.896
2030,sc01,10-06 07:00:00+01:00,0.262,62.822,10.47,41.881,62.822,20.941,26.176,3.926,26.176
2030,sc01,10-06 08:00:00+01:00,0.269,64.66,10.777,43.107,64.66,21.553,26.942,4.041,26.942
2030,sc01,10-06 09:00:00+01:00,0.284,68.123,11.354,45.416,68.123,22.708,28.385,4.258,28.385
2030,sc01,10-06 10:00:00+01:00,0.295,70.722,11.787,47.148,70.722,23.574,29.467,4.42,29.467
2030,sc01,10-06 11:00:00+01:00,0.303,72.64,12.107,48.427,72.64,24.213,30.267,4.54,30.267
2030,sc01,10-06 12:00:00+01:00,0.302,72.439,12.073,48.293,72.439,24.146,30.183,4.527,30.183
2030,sc01,10-06 13:00:00+01:00,0.302,72.397,12.066,48.265,72.397,24.132,30.166,4.525,30.166
2030,sc01,10-06 14:00:00+01:00,0.306,73.555,12.259,49.037,73.555,24.518,30.648,4.597,30.648
2030,sc01,10-06 15:00:00+01:00,0.321,76.922,12.82,51.281,76.922,25.641,32.051,4.808,32.051
2030,sc01,10-06 16:00:00+01:00,0.337,80.946,13.491,53.964,80.946,26.982,33.728,5.059,33.728
2030,sc01,10-06 17:00:00+01:00,0.347,83.166,13.861,55.444,83.166,27.722,34.653,5.198,34.653
2030,sc01,10-06 18:00:00+01:00,0.345,82.829,13.805,55.219,82.829,27.61,34.512,5.177,34.512
2030,sc01,10-06 19:00:00+01:00,0.34,81.632,13.605,54.422,81.632,27.211,34.014,5.102,34.014
2030,sc01,10-06 20:00:00+01:00,0.333,79.989,13.332,53.326,79.989,26.663,33.329,4.999,33.329
2030,sc01,10-06 21:00:00+01:00,0.324,77.865,12.977,51.91,77.865,25.955,32.444,4.867,32.444
2030,sc01,10-06 22:00:00+01:00,0.31,74.285,12.381,49.523,74.285,24.762,30.952,4.643,30.952
2030,sc01,10-06 23:00:00+01:00,0.293,70.3,11.717,46.866,70.3,23.433,29.292,4.394,29.292
2030,sc01,10-07 00:00:00+01:00,0.3,72.0,12.0,48.0,72.0,24.0,30.0,4.5,30.0
2030,sc01,10-07 01:00:00+01:00,0.287,68.938,11.49,45.959,68.938,22.979,28.724,4.309,28.724
2030,sc01,10-07 02:00:00+01:00,0.275,66.104,11.017,44.069,66.104,22.035,27.543,4.131,27.543
2030,sc01,10-07 03:00:00+01:00,0.267,64.133,10.689,42.755,64.133,21.378,26.722,4.008,26.722
2030,sc01,10-07 04:00:00+01:00,0.261,62.6,10.433,41.734,62.6,20.867,26.083,3.913,26.083
2030,sc01,10-07 05:00:00+01:00,0.259,62.263,10.377,41.509,62.263,20.754,25.943,3.891,25.943
2030,sc01,10-07 06:00:00+01:00,0.259,62.151,10.358,41.434,62.151,20.717,25.896,3.884,25.896
2030,sc01,10-07 07:00:00+01:00,0.262,62.822,10.47,41.881,62.822,20.941,26.176,3.926,26.176
2030,sc01,10-07 08:00:00+01:00,0.269,64.66,10.777,43.107,64.66,21.553,26.942,4.041,26.942
2030,sc01,10-07 09:00:00+01:00,0.284,68.123,11.354,45.416,68.123,22.708,28.385,4.258,28.385
2030,sc01,10-07 10:00:00+01:00,0.295,70.722,11.787,47.148,70.722,23.574,29.467,4.42,29.467
2030,sc01,10-07 11:00:00+01:00,0.303,72.64,12.107,48.427,72.64,24.213,30.267,4.54,30.267
2030,sc01,10-07 12:00:00+01:00,0.302,72.439,12.073,48.293,72.439,24.146,30.183,4.527,30.183
2030,sc01,10-07 13:00:00+01:00,0.302,72.397,12.066,48.265,72.397,24.132,30.166,4.525,30.166
2030,sc01,10-07 14:00:00+01:00,0.306,73.555,12.259,49.037,73.555,24.518,30.648,4.597,30.648
2030,sc01,10-07 15:00:00+01:00,0.321,76.922,12.82,51.281,76.922,25.641,32.051,4.808,32.051
2030,sc01,10-07 16:00:00+01:00,0.337,80.946,13.491,53.964,80.946,26.982,33.728,5.059,33.728
2030,sc01,10-07 17:00:00+01:00,0.347,83.166,13.861,55.444,83.166,27.722,34.653,5.198,34.653
2030,sc01,10-07 18:00:00+01:00,0.345,82.829,13.805,55.219,82.829,27.61,34.512,5.177,34.512
2030,sc01,10-07 19:00:00+01:00,0.34,81.632,13.605,54.422,81.632,27.211,34.014,5.102,34.014
2030,sc01,10-07 20:00:00+01:00,0.333,79.989,13.332,53.326,79.989,26.663,33.329,4.999,33.329
2030,sc01,10-07 21:00:00+01:00,0.324,77.865,12.977,51.91,77.865,25.955,32.444,4.867,32.444
2030,sc01,10-07 22:00:00+01:00,0.31,74.285,12.381,49.523,74.285,24.762,30.952,4.643,30.952
2030,sc01,10-07 23:00:00+01:00,0.293,70.3,11.717,46.866,70.3,23.433,29.292,4.394,29.292
2030,sc01,10-08 00:00:00+01:00,0.3,72.0,12.0,48.0,72.0,24.0,30.0,4.5,30.0
2030,sc01,10-08 01:00:00+01:00,0.287,68.938,11.49,45.959,68.938,22.979,28.724,4.309,28.724
2030,sc01,10-08 02:00:00+01:00,0.275,66.104,11.017,44.069,66.104,22.035,27.543,4.131,27.543
2030,sc01,10-08 03:00:00+01:00,0.267,64.133,10.689,42.755,64.133,21.378,26.722,4.008,26.722
2030,sc01,10-08 04:00:00+01:00,0.261,62.6,10.433,41.734,62.6,20.867,26.083,3.913,26.083
2030,sc01,10-08 05:00:00+01:00,0.259,62.263,10.377,41.509,62.263,20.754,25.943,3.891,25.943
2030,sc01,10-08 06:00:00+01:00,0.259,62.151,10.358,41.434,62.151,20.717,25.896,3.884,25.896
2030,sc01,10-08 07:00:00+01:00,0.262,62.822,10.47,41.881,62.822,20.941,26.176,3.926,26.176
2030,sc01,10-08 08:00:00+01:00,0.269,64.66,10.777,43.107,64.66,21.553,26.942,4.041,26.942
2030,sc01,10-08 09:00:00+01:00,0.284,68.123,11.354,45.416,68.123,22.708,28.385,4.258,28.385
2030,sc01,10-08 10:00:00+01:00,0.295,70.722,11.787,47.148,70.722,23.574,29.467,4.42,29.467
2030,sc01,10-08 11:00:00+01:00,0.303,72.64,12.107,48.427,72.64,24.213,30.267,4.54,30.267
2030,sc01,10-08 12:00:00+01:00,0.302,72.439,12.073,48.293,72.439,24.146,30.183,4.527,30.183
2030,sc01,10-08 13:00:00+01:00,0.302,72.397,12.066,48.265,72.397,24.132,30.166,4.525,30.166
2030,sc01,10-08 14:00:00+01:00,0.306,73.555,12.259,49.037,73.555,24.518,30.648,4.597,30.648
2030,sc01,10-08 15:00:00+01:00,0.321,76.922,12.82,51.281,76.922,25.641,32.051,4.808,32.051
2030,sc01,10-08 16:00:00+01:00,0.337,80.946,13.491,53.964,80.946,26.982,33.728,5.059,33.728
2030,sc01,10-08 17:00:00+01:00,0.347,83.166,13.861,55.444,83.166,27.722,34.653,5.198,34.653
2030,sc01,10-08 18:00:00+01:00,0.345,82.829,13.805,55.219,82.829,27.61,34.512,5.177,34.512
2030,sc01,10-08 19:00:00+01:00,0.34,81.632,13.605,54.422,81.632,27.211,34.014,5.102,34.014
2030,sc01,10-08 20:00:00+01:00,0.333,79.989,13.332,53.326,79.989,26.663,33.329,4.999,33.329
2030,sc01,10-08 21:00:00+01:00,0.324,77.865,12.977,51.91,77.865,25.955,32.444,4.867,32.444
2030,sc01,10-08 22:00:00+01:00,0.31,74.285,12.381,49.523,74.285,24.762,30.952,4.643,30.952
2030,sc01,10-08 23:00:00+01:00,0.293,70.3,11.717,46.866,70.3,23.433,29.292,4.394,29.292
2030,sc01,10-09 00:00:00+01:00,0.3,72.0,12.0,48.0,72.0,24.0,30.0,4.5,30.0
2030,sc01,10-09 01:00:00+01:00,0.287,68.938,11.49,45.959,68.938,22.979,28.724,4.309,28.724
2030,sc01,10-09 02:00:00+01:00,0.275,66.104,11.017,44.069,66.104,22.035,27.543,4.131,27.543
2030,sc01,10-09 03:00:00+01:00,0.267,64.133,10.689,42.755,64.133,21.378,26.722,4.008,26.722
2030,sc01,10-09 04:00:00+01:00,0.261,62.6,10.433,41.734,62.6,20.867,26.083,3.913,26.083
2030,sc01,10-09 05:00:00+01:00,0.259,62.263,10.377,41.509,62.263,20.754,25.943,3.891,25.943
2030,sc01,10-09 06:00:00+01:00,0.259,62.151,10.358,41.434,62.151,20.717,25.896,3.884,25.896
2030,sc01,10-09 07:00:00+01:00,0.262,62.822,10.47,41.881,62.822,20.941,26.176,3.926,26.176
2030,sc01,10-09 08:00:00+01:00,0.269,64.66,10.777,43.107,64.66,21.553,26.942,4.041,26.942
2030,sc01,10-09 09:00:00+01:00,0.284,68.123,11.354,45.416,68.123,22.708,28.385,4.258,28.385
2030,sc01,10-09 10:00:00+01:00,0.295,70.722,11.787,47.148,70.722,23.574,29.467,4.42,29.467
2030,sc01,10-09 11:00:00+01:00,0.303,72.64,12.107,48.427,72.64,24.213,30.267,4.54,30.267
2030,sc01,10-09 12:00:00+01:00,0.302,72.439,12.073,48.293,72.439,24.146,30.183,4.527,30.183
2030,sc01,10-09 13:00:00+01:00,0.302,72.397,12.066,48.265,72.397,24.132,30.166,4.525,30.166
2030,sc01,10-09 14:00:00+01:00,0.306,73.555,12.259,49.037,73.555,24.518,30.648,4.597,30.648
2030,sc01,10-09 15:00:00+01:00,0.321,76.922,12.82,51.281,76.922,25.641,32.051,4.808,32.051
2030,sc01,10-09 16:00:00+01:00,0.337,80.946,13.491,53.964,80.946,26.982,33.728,5.059,33.728
2030,sc01,10-09 17:00:00+01:00,0.347,83.166,13.861,55.444,83.166,27.722,34.653,5.198,34.653
2030,sc01,10-09 18:00:00+01:00,0.345,82.829,13.805,55.219,82.829,27.61,34.512,5.177,34.512
2030,sc01,10-09 19:00:00+01:00,0.34,81.632,13.605,54.422,81.632,27.211,34.014,5.102,34.014
2030,sc01,10-09 20:00:00+01:00,0.333,79.989,13.332,53.326,79.989,26.663,33.329,4.999,33.329
2030,sc01,10-09 21:00:00+01:00,0.324,77.865,12.977,51.91,77.865,25.955,32.444,4.867,32.444
2030,sc01,10-09 22:00:00+01:00,0.31,74.285,12.381,49.523,74.285,24.762,30.952,4.643,30.952
2030,sc01,10-09 23:00:00+01:00,0.293,70.3,11.717,46.866,70.3,23.433,29.292,4.394,29.292
2030,sc01,10-10 00:00:00+01:00,0.3,72.0,12.0,48.0,72.0,24.0,30.0,4.5,30.0
2030,sc01,10-10 01:00:00+01:00,0.287,68.938,11.49,45.959,68.938,22.979,28.724,4.309,28.724
2030,sc01,10-10 02:00:00+01:00,0.275,66.104,11.017,44.069,66.104,22.035,27.543,4.131,27.543
2030,sc01,10-10 03:00:00+01:00,0.267,64.133,10.689,42.755,64.133,21.378,26.722,4.008,26.722
2030,sc01,10-10 04:00:00+01:00,0.261,62.6,10.433,41.734,62.6,20.867,26.083,3.913,26.083
2030,sc01,10-10 05:00:00+01:00,0.259,62.263,10.377,41.509,62.263,20.754,25.943,3.891,25.943
2030,sc01,10-10 06:00:00+01:00,0.259,62.151,10.358,41.434,62.151,20.717,25.896,3.884,25.896
2030,sc01,10-10 07:00:00+01:00,0.262,62.822,10.47,41.881,62.822,20.941,26.176,3.926,26.176
2030,sc01,10-10 08:00:00+01:00,0.269,64.66,10.777,43.107,64.66,21.553,26.942,4.041,26.942
2030,sc01,10-10 09:00:00+01:00,0.284,68.123,11.354,45.416,68.123,22.708,28.385,4.258,28.385
2030,sc01,10-10 10:00:00+01:00,0.295,70.722,11.787,47.148,70.722,23.574,29.467,4.42,29.467
2030,sc01,10-10 11:00:00+01:00,0.303,72.64,12.107,48.427,72.64,24.213,30.267,4.54,30.267
2030,sc01,10-10 12:00:00+01:00,0.302,72.439,12.073,48.293,72.439,24.146,30.183,4.527,30.183
2030,sc01,10-10 13:00:00+01:00,0.302,72.397,12.066,48.265,72.397,24.132,30.166,4.525,30.166
2030,sc01,10-10 14:00:00+01:00,0.306,73.555,12.259,49.037,73.555,24.518,30.648,4.597,30.648
2030,sc01,10-10 15:00:00+01:00,0.321,76.922,12.82,51.281,76.922,25.641,32.051,4.808,32.051
2030,sc01,10-10 16:00:00+01:00,0.337,80.946,13.491,53.964,80.946,26.982,33.728,5.059,33.728
2030,sc01,10-10 17:00:00+01:00,0.347,83.166,13.861,55.444,83.166,27.722,34.653,5.198,34.653
2030,sc01,10-10 18:00:00+01:00,0.345,82.829,13.805,55.219,82.829,27.61,34.512,5.177,34.512
2030,sc01,10-10 19:00:00+01:00,0.34,81.632,13.605,54.422,81.632,27.211,34.014,5.102,34.014
2030,sc01,10-10 20:00:00+01:00,0.333,79.989,13.332,53.326,79.989,26.663,33.329,4.999,33.329
2030,sc01,10-10 21:00:00+01:00,0.324,77.865,12.977,51.91,77.865,25.955,32.444,4.867,32.444
2030,sc01,10-10 22:00:00+01:00,0.31,74.285,12.381,49.523,74.285,24.762,30.952,4.643,30.952
2030,sc01,10-10 23:00:00+01:00,0.293,70.3,11.717,46.866,70.3,23.433,29.292,4.394,29.292
2030,sc01,10-11 00:00:00+01:00,0.3,72.0,12.0,48.0,72.0,24.0,30.0,4.5,30.0
2030,sc01,10-11 01:00:00+01:00,0.287,68.938,11.49,45.959,68.938,22.979,28.724,4.309,28.724
2030,sc01,10-11 02:00:00+01:00,0.275,66.104,11.017,44.069,66.104,22.035,27.543,4.131,27.543
2030,sc01,10-11 03:00:00+01:00,0.267,64.133,10.689,42.755,64.133,21.378,26.722,4.008,26.722
2030,sc01,10-11 04:00:00+01:00,0.261,62.6,10.433,41.734,62.6,20.867,26.083,3.913,26.083
2030,sc01,10-11 05:00:00+01:00,0.259,62.263,10.377,41.509,62.263,20.754,25.943,3.891,25.943
2030,sc01,10-11 06:00:00+01:00,0.259,62.151,10.358,41.434,62.151,20.717,25.896,3.884,25.896
2030,sc01,10-11 07:00:00+01:00,0.262,62.822,10.47,41.881,62.822,20.941,26.176,3.926,26.176
2030,sc01,10-11 08:00:00+01:00,0.269,64.66,10.777,43.107,64.66,21.553,26.942,4.041,26.942
2030,sc01,10-11 09:00:00+01:00,0.284,68.123,11.354,45.416,68.123,22.708,28.385,4.258,28.385
2030,sc01,10-11 10:00:00+01:00,0.295,70.722,11.787,47.148,70.722,23.574,29.467,4.42,29.467
2030,sc01,10-11 11:00:00+01:00,0.303,72.64,12.107,48.427,72.64,24.213,30.267,4.54,30.267
2030,sc01,10-11 12:00:00+01:00,0.302,72.439,12.073,48.293,72.439,24.146,30.183,4.527,30.183
2030,sc01,10-11 13:00:00+01:00,0.302,72.397,12.066,48.265,72.397,24.132,30.166,4.525,30.166
2030,sc01,10-11 14:00:00+01:00,0.306,73.555,12.259,49.037,73.555,24.518,30.648,4.597,30.648
2030,sc01,10-11 15:00:00+01:00,0.321,76.922,12.82,51.281,76.922,25.641,32.051,4.808,32.051
2030,sc01,10-11 16:00:00+01:00,0.337,80.946,13.491,53.964,80.946,26.982,33.728,5.059,33.728
2030,sc01,10-11 17:00:00+01:00,0.347,83.166,13.861,55.444,83.166,27.722,34.653,5.198,34.653
2030,sc01,10-11 18:00:00+01:00,0.345,82.829,13.805,55.219,82.829,27.61,34.512,5.177,34.512
2030,sc01,10-11 19:00:00+01:00,0.34,81.632,13.605,54.422,81.632,27.211,34.014,5.102,34.014
2030,sc01,10-11 20:00:00+01:00,0.333,79.989,13.332,53.326,79.989,26.663,33.329,4.999,33.329
2030,sc01,10-11 21:00:00+01:00,0.324,77.865,12.977,51.91,77.865,25.955,32.444,4.867,32.444
2030,sc01,10-11 22:00:00+01:00,0.31,74.285,12.381,49.523,74.285,24.762,30.952,4.643,30.952
2030,sc01,10-11 23:00:00+01:00,0.293,70.3,11.717,46.866,70.3,23.433,29.292,4.394,29.292
2030,sc01,10-12 00:00:00+01:00,0.3,72.0,12.0,48.0,72.0,24.0,30.0,4.5,30.0
2030,sc01,10-12 01:00:00+01:00,0.287,68.938,11.49,45.959,68.938,22.979,28.724,4.309,28.724
2030,sc01,10-12 02:00:00+01:00,0.275,66.104,11.017,44.069,66.104,22.035,27.543,4.131,27.543
2030,sc01,10-12 03:00:00+01:00,0.267,64.133,10.689,42.755,64.133,21.378,26.722,4.008,26.722
2030,sc01,10-12 04:00:00+01:00,0.261,62.6,10.433,41.734,62.6,20.867,26.083,3.913,26.083
2030,sc01,10-12 05:00:00+01:00,0.259,62.263,10.377,41.509,62.263,20.754,25.943,3.891,25.943
2030,sc01,10-12 06:00:00+01:00,0.259,62.151,10.358,41.434,62.151,20.717,25.896,3.884,25.896
2030,sc01,10-12 07:00:00+01:00,0.262,62.822,10.47,41.881,62.822,20.941,26.176,3.926,26.176
2030,sc01,10-12 08:00:00+01:00,0.269,64.66,10.777,43.107,64.66,21.553,26.942,4.041,26.942
2030,sc01,10-12 09:00:00+01:00,0.284,68.123,11.354,45.416,68.123,22.708,28.385,4.258,28.385
2030,sc01,10-12 10:00:00+01:00,0.295,70.722,11.787,47.148,70.722,23.574,29.467,4.42,29.467
2030,sc01,10-12 11:00:00+01:00,0.303,72.64,12.107,48.427,72.64,24.213,30.267,4.54,30.267
2030,sc01,10-12 12:00:00+01:00,0.302,72.439,12.073,48.293,72.439,24.146,30.183,4.527,30.183
2030,sc01,10-12 13:00:00+01:00,0.302,72.397,12.066,48.265,72.397,24.132,30.166,4.525,30.166
2030,sc01,10-12 14:00:00+01:00,0.306,73.555,12.259,49.037,73.555,24.518,30.648,4.597,30.648
2030,sc01,10-12 15:00:00+01:00,0.321,76.922,12.82,51.281,76.922,25.641,32.051,4.808,32.051
2030,sc01,10-12 16:00:00+01:00,0.337,80.946,13.491,53.964,80.946,26.982,33.728,5.059,33.728
2030,sc01,10-12 17:00:00+01:00,0.347,83.166,13.861,55.444,83.166,27.722,34.653,5.198,34.653
2030,sc01,10-12 18:00:00+01:00,0.345,82.829,13.805,55.219,82.829,27.61,34.512,5.177,34.512
2030,sc01,10-12 19:00:00+01:00,0.34,81.632,13.605,54.422,81.632,27.211,34.014,5.102,34.014
2030,sc01,10-12 20:00:00+01:00,0.333,79.989,13.332,53.326,79.989,26.663,33.329,4.999,33.329
2030,sc01,10-12 21:00:00+01:00,0.324,77.865,12.977,51.91,77.865,25.955,32.444,4.867,32.444
2030,sc01,10-12 22:00:00+01:00,0.31,74.285,12.381,49.523,74.285,24.762,30.952,4.643,30.952
2030,sc01,10-12 23:00:00+01:00,0.293,70.3,11.717,46.866,70.3,23.433,29.292,4.394,29.292
2030,sc01,10-13 00:00:00+01:00,0.3,72.0,12.0,48.0,72.0,24.0,30.0,4.5,30.0
2030,sc01,10-13 01:00:00+01:00,0.287,68.938,11.49,45.959,68.938,22.979,28.724,4.309,28.724
2030,sc01,10-13 02:00:00+01:00,0.275,66.104,11.017,44.069,66.104,22.035,27.543,4.131,27.543
2030,sc01,10-13 03:00:00+01:00,0.267,64.133,10.689,42.755,64.133,21.378,26.722,4.008,26.722
2030,sc01,10-13 04:00:00+01:00,0.261,62.6,10.433,41.734,62.6,20.867,26.083,3.913,26.083
2030,sc01,10-13 05:00:00+01:00,0.259,62.263,10.377,41.509,62.263,20.754,25.943,3.891,25.943
2030,sc01,10-13 06:00:00+01:00,0.259,62.151,10.358,41.434,62.151,20.717,25.896,3.884,25.896
2030,sc01,10-13 07:00:00+01:00,0.262,62.822,10.47,41.881,62.822,20.941,26.176,3.926,26.176
2030,sc01,10-13 08:00:00+01:00,0.269,64.66,10.777,43.107,64.66,21.553,26.942,4.041,26.942
2030,sc01,10-13 09:00:00+01:00,0.284,68.123,11.354,45.416,68.123,22.708,28.385,4.258,28.385
2030,sc01,10-13 10:00:00+01:00,0.295,70.722,11.787,47.148,70.722,23.574,29.467,4.42,29.467
2030,sc01,10-13 11:00:00+01:00,0.303,72.64,12.107,48.427,72.64,24.213,30.267,4.54,30.267
2030,sc01,10-13 12:00:00+01:00,0.302,72.439,12.073,48.293,72.439,24.146,30.183,4.527,30.183
2030,sc01,10-13 13:00:00+01:00,0.302,72.397,12.066,48.265,72.397,24.132,30.166,4.525,30.166
2030,sc01,10-13 14:00:00+01:00,0.306,73.555,12.259,49.037,73.555,24.518,30.648,4.597,30.648
2030,sc01,10-13 15:00:00+01:00,0.321,76.922,12.82,51.281,76.922,25.641,32.051,4.808,32.051
2030,sc01,10-13 16:00:00+01:00,0.337,80.946,13.491,53.964,80.946,26.982,33.728,5.059,33.728
2030,sc01,10-13 17:00:00+01:00,0.347,83.166,13.861,55.444,83.166,27.722,34.653,5.198,34.653
2030,sc01,10-13 18:00:00+01:00,0.345,82.829,13.805,55.219,82.829,27.61,34.512,5.177,34.512
2030,sc01,10-13 19:00:00+01:00,0.34,81.632,13.605,54.422,81.632,27.211,34.014,5.102,34.014
2030,sc01,10-13 20:00:00+01:00,0.333,79.989,13.332,53.326,79.989,26.663,33.329,4.999,33.329
2030,sc01,10-13 21:00:00+01:00,0.324,77.865,12.977,51.91,77.865,25.955,32.444,4.867,32.444
2030,sc01,10-13 22:00:00+01:00,0.31,74.285,12.381,49.523,74.285,24.762,30.952,4.643,30.952
2030,sc01,10-13 23:00:00+01:00,0.293,70.3,11.717,46.866,70.3,23.433,29.292,4.394,29.292
2030,sc01,10-14 00:00:00+01:00,0.3,72.0,12.0,48.0,72.0,24.0,30.0,4.5,30.0
2030,sc01,10-14 01:00:00+01:00,0.287,68.938,11.49,45.959,68.938,22.979,28.724,4.309,28.724
2030,sc01,10-14 02:00:00+01:00,0.275,66.104,11.017,44.069,66.104,22.035,27.543,4.131,27.543
2030,sc01,10-14 03:00:00+01:00,0.267,64.133,10.689,42.755,64.133,21.378,26.722,4.008,26.722
2030,sc01,10-14 04:00:00+01:00,0.261,62.6,10.433,41.734,62.6,20.867,26.083,3.913,26.083
2030,sc01,10-14 05:00:00+01:00,0.259,62.263,10.377,41.509,62.263,20.754,25.943,3.891,25.943
2030,sc01,10-14 06:00:00+01:00,0.259,62.151,10.358,41.434,62.151,20.717,25.896,3.884,25.896
2030,sc01,10-14 07:00:00+01:00,0.262,62.822,10.47,41.881,62.822,20.941,26.176,3.926,26.176
2030,sc01,10-14 08:00:00+01:00,0.269,64.66,10.777,43.107,64.66,21.553,26.942,4.041,26.942
2030,sc01,10-14 09:00:00+01:00,0.284,68.123,11.354,45.416,68.123,22.708,28.385,4.258,28.385
2030,sc01,10-14 10:00:00+01:00,0.295,70.722,11.787,47.148,70.722,23.574,29.467,4.42,29.467
2030,sc01,10-14 11:00:00+01:00,0.303,72.64,12.107,48.427,72.64,24.213,30.267,4.54,30.267
2030,sc01,10-14 12:00:00+01:00,0.302,72.439,12.073,48.293,72.439,24.146,30.183,4.527,30.183
2030,sc01,10-14 13:00:00+01:00,0.302,72.397,12.066,48.265,72.397,24.132,30.166,4.525,30.166
2030,sc01,10-14 14:00:00+01:00,0.306,73.555,12.259,49.037,73.555,24.518,30.648,4.597,30.648
2030,sc01,10-14 15:00:00+01:00,0.321,76.922,12.82,51.281,76.922,25.641,32.051,4.808,32.051
2030,sc01,10-14 16:00:00+01:00,0.337,80.946,13.491,53.964,80.946,26.982,33.728,5.059,33.728
2030,sc01,10-14 17:00:00+01:00,0.347,83.166,13.861,55.444,83.166,27.722,34.653,5.198,34.653
2030,sc01,10-14 18:00:00+01:00,0.345,82.829,13.805,55.219,82.829,27.61,34.512,5.177,34.512
2030,sc01,10-14 19:00:00+01:00,0.34,81.632,13.605,54.422,81.632,27.211,34.014,5.102,34.014
2030,sc01,10-14 20:00:00+01:00,0.333,79.989,13.332,53.326,79.989,26.663,33.329,4.999,33.329
2030,sc01,10-14 21:00:00+01:00,0.324,77.865,12.977,51.91,77.865,25.955,32.444,4.867,32.444
2030,sc01,10-14 22:00:00+01:00,0.31,74.285,12.381,49.523,74.285,24.762,30.952,4.643,30.952
2030,sc01,10-14 23:00:00+01:00,0.293,70.3,11.717,46.866,70.3,23.433,29.292,4.394,29.292
2030,sc01,10-15 00:00:00+01:00,0.3,72.0,12.0,48.0,72.0,24.0,30.0,4.5,30.0
2030,sc01,10-15 01:00:00+01:00,0.287,68.938,11.49,45.959,68.938,22.979,28.724,4.309,28.724
2030,sc01,10-15 02:00:00+01:00,0.275,66.104,11.017,44.069,66.104,22.035,27.543,4.131,27.543
2030,sc01,10-15 03:00:00+01:00,0.267,64.133,10.689,42.755,64.133,21.378,26.722,4.008,26.722
2030,sc01,10-15 04:00:00+01:00,0.261,62.6,10.433,41.734,62.6,20.867,26.083,3.913,26.083
2030,sc01,10-15 05:00:00+01:00,0.259,62.263,10.377,41.509,62.263,20.754,25.943,3.891,25.943
2030,sc01,10-15 06:00:00+01:00,0.259,62.151,10.358,41.434,62.151,20.717,25.896,3.884,25.896
2030,sc01,10-15 07:00:00+01:00,0.262,62.822,10.47,41.881,62.822,20.941,26.176,3.926,26.176
2030,sc01,10-15 08:00:00+01:00,0.269,64.66,10.777,43.107,64.66,21.553,26.942,4.041,26.942
2030,sc01,10-15 09:00:00+01:00,0.284,68.123,11.354,45.416,68.123,22.708,28.385,4.258,28.385
2030,sc01,10-15 10:00:00+01:00,0.295,70.722,11.787,47.148,70.722,23.574,29.467,4.42,29.467
2030,sc01,10-15 11:00:00+01:00,0.303,72.64,12.107,48.427,72.64,24.213,30.267,4.54,30.267
2030,sc01,10-15 12:00:00+01:00,0.302,72.439,12.073,48.293,72.439,24.146,30.183,4.527,30.183
2030,sc01,10-15 13:00:00+01:00,0.302,72.397,12.066,48.265,72.397,24.132,30.166,4.525,30.166
2030,sc01,10-15 14:00:00+01:00,0.306,73.555,12.259,49.037,73.555,24.518,30.648,4.597,30.648
2030,sc01,10-15 15:00:00+01:00,0.321,76.922,12.82,51.281,76.922,25.641,32.051,4.808,32.051
2030,sc01,10-15 16:00:00+01:00,0.337,80.946,13.491,53.964,80.946,26.982,33.728,5.059,33.728
2030,sc01,10-15 17:00:00+01:00,0.347,83.166,13.861,55.444,83.166,27.722,34.653,5.198,34.653
2030,sc01,10-15 18:00:00+01:00,0.345,82.829,13.805,55.219,82.829,27.61,34.512,5.177,34.512
2030,sc01,10-15 19:00:00+01:00,0.34,81.632,13.605,54.422,81.632,27.211,34.014,5.102,34.014
2030,sc01,10-15 20:00:00+01:00,0.333,79.989,13.332,53.326,79.989,26.663,33.329,4.999,33.329
2030,sc01,10-15 21:00:00+01:00,0.324,77.865,12.977,51.91,77.865,25.955,32.444,4.867,32.444
2030,sc01,10-15 22:00:00+01:00,0.31,74.285,12.381,49.523,74.285,24.762,30.952,4.643,30.952
2030,sc01,10-15 23:00:00+01:00,0.293,70.3,11.717,46.866,70.3,23.433,29.292,4.394,29.292
2030,sc01,10-16 00:00:00+01:00,0.3,72.0,12.0,48.0,72.0,24.0,30.0,4.5,30.0
2030,sc01,10-16 01:00:00+01:00,0.287,68.938,11.49,45.959,68.938,22.979,28.724,4.309,28.724
2030,sc01,10-16 02:00:00+01:00,0.275,66.104,11.017,44.069,66.104,22.035,27.543,4.131,27.543
2030,sc01,10-16 03:00:00+01:00,0.267,64.133,10.689,42.755,64.133,21.378,26.722,4.008,26.722
2030,sc01,10-16 04:00:00+01:00,0.261,62.6,10.433,41.734,62.6,20.867,26.083,3.913,26.083
2030,sc01,10-16 05:00:00+01:00,0.259,62.263,10.377,41.509,62.263,20.754,25.943,3.891,25.943
2030,sc01,10-16 06:00:00+01:00,0.259,62.151,10.358,41.434,62.151,20.717,25.896,3.884,25.896
2030,sc01,10-16 07:00:00+01:00,0.262,62.822,10.47,41.881,62.822,20.941,26.176,3.926,26.176
2030,sc01,10-16 08:00:00+01:00,0.269,64.66,10.777,43.107,64.66,21.553,26.942,4.041,26.942
2030,sc01,10-16 09:00:00+01:00,0.284,68.123,11.354,45.416,68.123,22.708,28.385,4.258,28.385
2030,sc01,10-16 10:00:00+01:00,0.295,70.722,11.787,47.148,70.722,23.574,29.467,4.42,29.467
2030,sc01,10-16 11:00:00+01:00,0.303,72.64,12.107,48.427,72.64,24.213,30.267,4.54,30.267
2030,sc01,10-16 12:00:00+01:00,0.302,72.439,12.073,48.293,72.439,24.146,30.183,4.527,30.183
2030,sc01,10-16 13:00:00+01:00,0.302,72.397,12.066,48.265,72.397,24.132,30.166,4.525,30.166
2030,sc01,10-16 14:00:00+01:00,0.306,73.555,12.259,49.037,73.555,24.518,30.648,4.597,30.648
2030,sc01,10-16 15:00:00+01:00,0.321,76.922,12.82,51.281,76.922,25.641,32.051,4.808,32.051
2030,sc01,10-16 16:00:00+01:00,0.337,80.946,13.491,53.964,80.946,26.982,33.728,5.059,33.728
2030,sc01,10-16 17:00:00+01:00,0.347,83.166,13.861,55.444,83.166,27.722,34.653,5.198,34.653
2030,sc01,10-16 18:00:00+01:00,0.345,82.829,13.805,55.219,82.829,27.61,34.512,5.177,34.512
2030,sc01,10-16 19:00:00+01:00,0.34,81.632,13.605,54.422,81.632,27.211,34.014,5.102,34.014
2030,sc01,10-16 20:00:00+01:00,0.333,79.989,13.332,53.326,79.989,26.663,33.329,4.999,33.329
2030,sc01,10-16 21:00:00+01:00,0.324,77.865,12.977,51.91,77.865,25.955,32.444,4.867,32.444
2030,sc01,10-16 22:00:00+01:00,0.31,74.285,12.381,49.523,74.285,24.762,30.952,4.643,30.952
2030,sc01,10-16 23:00:00+01:00,0.293,70.3,11.717,46.866,70.3,23.433,29.292,4.394,29.292
2030,sc01,10-17 00:00:00+01:00,0.3,72.0,12.0,48.0,72.0,24.0,30.0,4.5,30.0
2030,sc01,10-17 01:00:00+01:00,0.287,68.938,11.49,45.959,68.938,22.979,28.724,4.309,28.724
2030,sc01,10-17 02:00:00+01:00,0.275,66.104,11.017,44.069,66.104,22.035,27.543,4.131,27.543
2030,sc01,10-17 03:00:00+01:00,0.267,64.133,10.689,42.755,64.133,21.378,26.722,4.008,26.722
2030,sc01,10-17 04:00:00+01:00,0.261,62.6,10.433,41.734,62.6,20.867,26.083,3.913,26.083
2030,sc01,10-17 05:00:00+01:00,0.259,62.263,10.377,41.509,62.263,20.754,25.943,3.891,25.943
2030,sc01,10-17 06:00:00+01:00,0.259,62.151,10.358,41.434,62.151,20.717,25.896,3.884,25.896
2030,sc01,10-17 07:00:00+01:00,0.262,62.822,10.47,41.881,62.822,20.941,26.176,3.926,26.176
2030,sc01,10-17 08:00:00+01:00,0.269,64.66,10.777,43.107,64.66,21.553,26.942,4.041,26.942
2030,sc01,10-17 09:00:00+01:00,0.284,68.123,11.354,45.416,68.123,22.708,28.385,4.258,28.385
2030,sc01,10-17 10:00:00+01:00,0.295,70.722,11.787,47.148,70.722,23.574,29.467,4.42,29.467
2030,sc01,10-17 11:00:00+01:00,0.303,72.64,12.107,48.427,72.64,24.213,30.267,4.54,30.267
2030,sc01,10-17 12:00:00+01:00,0.302,72.439,12.073,48.293,72.439,24.146,30.183,4.527,30.183
2030,sc01,10-17 13:00:00+01:00,0.302,72.397,12.066,48.265,72.397,24.132,30.166,4.525,30.166
2030,sc01,10-17 14:00:00+01:00,0.306,73.555,12.259,49.037,73.555,24.518,30.648,4.597,30.648
2030,sc01,10-17 15:00:00+01:00,0.321,76.922,12.82,51.281,76.922,25.641,32.051,4.808,32.051
2030,sc01,10-17 16:00:00+01:00,0.337,80.946,13.491,53.964,80.946,26.982,33.728,5.059,33.728
2030,sc01,10-17 17:00:00+01:00,0.347,83.166,13.861,55.444,83.166,27.722,34.653,5.198,34.653
2030,sc01,10-17 18:00:00+01:00,0.345,82.829,13.805,55.219,82.829,27.61,34.512,5.177,34.512
2030,sc01,10-17 19:00:00+01:00,0.34,81.632,13.605,54.422,81.632,27.211,34.014,5.102,34.014
2030,sc01,10-17 20:00:00+01:00,0.333,79.989,13.332,53.326,79.989,26.663,33.329,4.999,33.329
2030,sc01,10-17 21:00:00+01:00,0.324,77.865,12.977,51.91,77.865,25.955,32.444,4.867,32.444
2030,sc01,10-17 22:00:00+01:00,0.31,74.285,12.381,49.523,74.285,24.762,30.952,4.643,30.952
2030,sc01,10-17 23:00:00+01:00,0.293,70.3,11.717,46.866,70.3,23.433,29.292,4.394,29.292
2030,sc01,10-18 00:00:00+01:00,0.3,72.0,12.0,48.0,72.0,24.0,30.0,4.5,30.0
2030,sc01,10-18 01:00:00+01:00,0.287,68.938,11.49,45.959,68.938,22.979,28.724,4.309,28.724
2030,sc01,10-18 02:00:00+01:00,0.275,66.104,11.017,44.069,66.104,22.035,27.543,4.131,27.543
2030,sc01,10-18 03:00:00+01:00,0.267,64.133,10.689,42.755,64.133,21.378,26.722,4.008,26.722
2030,sc01,10-18 04:00:00+01:00,0.261,62.6,10.433,41.734,62.6,20.867,26.083,3.913,26.083
2030,sc01,10-18 05:00:00+01:00,0.259,62.263,10.377,41.509,62.263,20.754,25.943,3.891,25.943
2030,sc01,10-18 06:00:00+01:00,0.259,62.151,10.358,41.434,62.151,20.717,25.896,3.884,25.896
2030,sc01,10-18 07:00:00+01:00,0.262,62.822,10.47,41.881,62.822,20.941,26.176,3.926,26.176
2030,sc01,10-18 08:00:00+01:00,0.269,64.66,10.777,43.107,64.66,21.553,26.942,4.041,26.942
2030,sc01,10-18 09:00:00+01:00,0.284,68.123,11.354,45.416,68.123,22.708,28.385,4.258,28.385
2030,sc01,10-18 10:00:00+01:00,0.295,70.722,11.787,47.148,70.722,23.574,29.467,4.42,29.467
2030,sc01,10-18 11:00:00+01:00,0.303,72.64,12.107,48.427,72.64,24.213,30.267,4.54,30.267
2030,sc01,10-18 12:00:00+01:00,0.302,72.439,12.073,48.293,72.439,24.146,30.183,4.527,30.183
2030,sc01,10-18 13:00:00+01:00,0.302,72.397,12.066,48.265,72.397,24.132,30.166,4.525,30.166
2030,sc01,10-18 14:00:00+01:00,0.306,73.555,12.259,49.037,73.555,24.518,30.648,4.597,30.648
2030,sc01,10-18 15:00:00+01:00,0.321,76.922,12.82,51.281,76.922,25.641,32.051,4.808,32.051
2030,sc01,10-18 16:00:00+01:00,0.337,80.946,13.491,53.964,80.946,26.982,33.728,5.059,33.728
2030,sc01,10-18 17:00:00+01:00,0.347,83.166,13.861,55.444,83.166,27.722,34.653,5.198,34.653
2030,sc01,10-18 18:00:00+01:00,0.345,82.829,13.805,55.219,82.829,27.61,34.512,5.177,34.512
2030,sc01,10-18 19:00:00+01:00,0.34,81.632,13.605,54.422,81.632,27.211,34.014,5.102,34.014
2030,sc01,10-18 20:00:00+01:00,0.333,79.989,13.332,53.326,79.989,26.663,33.329,4.999,33.329
2030,sc01,10-18 21:00:00+01:00,0.324,77.865,12.977,51.91,77.865,25.955,32.444,4.867,32.444
2030,sc01,10-18 22:00:00+01:00,0.31,74.285,12.381,49.523,74.285,24.762,30.952,4.643,30.952
2030,sc01,10-18 23:00:00+01:00,0.293,70.3,11.717,46.866,70.3,23.433,29.292,4.394,29.292
2030,sc01,10-19 00:00:00+01:00,0.3,72.0,12.0,48.0,72.0,24.0,30.0,4.5,30.0
2030,sc01,10-19 01:00:00+01:00,0.287,68.938,11.49,45.959,68.938,22.979,28.724,4.309,28.724
2030,sc01,10-19 02:00:00+01:00,0.275,66.104,11.017,44.069,66.104,22.035,27.543,4.131,27.543
2030,sc01,10-19 03:00:00+01:00,0.267,64.133,10.689,42.755,64.133,21.378,26.722,4.008,26.722
2030,sc01,10-19 04:00:00+01:00,0.261,62.6,10.433,41.734,62.6,20.867,26.083,3.913,26.083
2030,sc01,10-19 05:00:00+01:00,0.259,62.263,10.377,41.509,62.263,20.754,25.943,3.891,25.943
2030,sc01,10-19 06:00:00+01:00,0.259,62.151,10.358,41.434,62.151,20.717,25.896,3.884,25.896
2030,sc01,10-19 07:00:00+01:00,0.262,62.822,10.47,41.881,62.822,20.941,26.176,3.926,26.176
2030,sc01,10-19 08:00:00+01:00,0.269,64.66,10.777,43.107,64.66,21.553,26.942,4.041,26.942
2030,sc01,10-19 09:00:00+01:00,0.284,68.123,11.354,45.416,68.123,22.708,28.385,4.258,28.385
2030,sc01,10-19 10:00:00+01:00,0.295,70.722,11.787,47.148,70.722,23.574,29.467,4.42,29.467
2030,sc01,10-19 11:00:00+01:00,0.303,72.64,12.107,48.427,72.64,24.213,30.267,4.54,30.267
2030,sc01,10-19 12:00:00+01:00,0.302,72.439,12.073,48.293,72.439,24.146,30.183,4.527,30.183
2030,sc01,10-19 13:00:00+01:00,0.302,72.397,12.066,48.265,72.397,24.132,30.166,4.525,30.166
2030,sc01,10-19 14:00:00+01:00,0.306,73.555,12.259,49.037,73.555,24.518,30.648,4.597,30.648
2030,sc01,10-19 15:00:00+01:00,0.321,76.922,12.82,51.281,76.922,25.641,32.051,4.808,32.051
2030,sc01,10-19 16:00:00+01:00,0.337,80.946,13.491,53.964,80.946,26.982,33.728,5.059,33.728
2030,sc01,10-19 17:00:00+01:00,0.347,83.166,13.861,55.444,83.166,27.722,34.653,5.198,34.653
2030,sc01,10-19 18:00:00+01:00,0.345,82.829,13.805,55.219,82.829,27.61,34.512,5.177,34.512
2030,sc01,10-19 19:00:00+01:00,0.34,81.632,13.605,54.422,81.632,27.211,34.014,5.102,34.014
2030,sc01,10-19 20:00:00+01:00,0.333,79.989,13.332,53.326,79.989,26.663,33.329,4.999,33.329
2030,sc01,10-19 21:00:00+01:00,0.324,77.865,12.977,51.91,77.865,25.955,32.444,4.867,32.444
2030,sc01,10-19 22:00:00+01:00,0.31,74.285,12.381,49.523,74.285,24.762,30.952,4.643,30.952
2030,sc01,10-19 23:00:00+01:00,0.293,70.3,11.717,46.866,70.3,23.433,29.292,4.394,29.292
2030,sc01,10-20 00:00:00+01:00,0.3,72.0,12.0,48.0,72.0,24.0,30.0,4.5,30.0
2030,sc01,10-20 01:00:00+01:00,0.287,68.938,11.49,45.959,68.938,22.979,28.724,4.309,28.724
2030,sc01,10-20 02:00:00+01:00,0.275,66.104,11.017,44.069,66.104,22.035,27.543,4.131,27.543
2030,sc01,10-20 03:00:00+01:00,0.267,64.133,10.689,42.755,64.133,21.378,26.722,4.008,26.722
2030,sc01,10-20 04:00:00+01:00,0.261,62.6,10.433,41.734,62.6,20.867,26.083,3.913,26.083
2030,sc01,10-20 05:00:00+01:00,0.259,62.263,10.377,41.509,62.263,20.754,25.943,3.891,25.943
2030,sc01,10-20 06:00:00+01:00,0.259,62.151,10.358,41.434,62.151,20.717,25.896,3.884,25.896
2030,sc01,10-20 07:00:00+01:00,0.262,62.822,10.47,41.881,62.822,20.941,26.176,3.926,26.176
2030,sc01,10-20 08:00:00+01:00,0.269,64.66,10.777,43.107,64.66,21.553,26.942,4.041,26.942
2030,sc01,10-20 09:00:00+01:00,0.284,68.123,11.354,45.416,68.123,22.708,28.385,4.258,28.385
2030,sc01,10-20 10:00:00+01:00,0.295,70.722,11.787,47.148,70.722,23.574,29.467,4.42,29.467
2030,sc01,10-20 11:00:00+01:00,0.303,72.64,12.107,48.427,72.64,24.213,30.267,4.54,30.267
2030,sc01,10-20 12:00:00+01:00,0.302,72.439,12.073,48.293,72.439,24.146,30.183,4.527,30.183
2030,sc01,10-20 13:00:00+01:00,0.302,72.397,12.066,48.265,72.397,24.132,30.166,4.525,30.166
2030,sc01,10-20 14:00:00+01:00,0.306,73.555,12.259,49.037,73.555,24.518,30.648,4.597,30.648
2030,sc01,10-20 15:00:00+01:00,0.321,76.922,12.82,51.281,76.922,25.641,32.051,4.808,32.051
2030,sc01,10-20 16:00:00+01:00,0.337,80.946,13.491,53.964,80.946,26.982,33.728,5.059,33.728
2030,sc01,10-20 17:00:00+01:00,0.347,83.166,13.861,55.444,83.166,27.722,34.653,5.198,34.653
2030,sc01,10-20 18:00:00+01:00,0.345,82.829,13.805,55.219,82.829,27.61,34.512,5.177,34.512
2030,sc01,10-20 19:00:00+01:00,0.34,81.632,13.605,54.422,81.632,27.211,34.014,5.102,34.014
2030,sc01,10-20 20:00:00+01:00,0.333,79.989,13.332,53.326,79.989,26.663,33.329,4.999,33.329
2030,sc01,10-20 21:00:00+01:00,0.324,77.865,12.977,51.91,77.865,25.955,32.444,4.867,32.444
2030,sc01,10-20 22:00:00+01:00,0.31,74.285,12.381,49.523,74.285,24.762,30.952,4.643,30.952
2030,sc01,10-20 23:00:00+01:00,0.293,70.3,11.717,46.866,70.3,23.433,29.292,4.394,29.292
2030,sc01,10-21 00:00:00+01:00,0.3,72.0,12.0,48.0,72.0,24.0,30.0,4.5,30.0
2030,sc01,10-21 01:00:00+01:00,0.287,68.938,11.49,45.959,68.938,22.979,28.724,4.309,28.724
2030,sc01,10-21 02:00:00+01:00,0.275,66.104,11.017,44.069,66.104,22.035,27.543,4.131,27.543
2030,sc01,10-21 03:00:00+01:00,0.267,64.133,10.689,42.755,64.133,21.378,26.722,4.008,26.722
2030,sc01,10-21 04:00:00+01:00,0.261,62.6,10.433,41.734,62.6,20.867,26.083,3.913,26.083
2030,sc01,10-21 05:00:00+01:00,0.259,62.263,10.377,41.509,62.263,20.754,25.943,3.891,25.943
2030,sc01,10-21 06:00:00+01:00,0.259,62.151,10.358,41.434,62.151,20.717,25.896,3.884,25.896
2030,sc01,10-21 07:00:00+01:00,0.262,62.822,10.47,41.881,62.822,20.941,26.176,3.926,26.176
2030,sc01,10-21 08:00:00+01:00,0.269,64.66,10.777,43.107,64.66,21.553,26.942,4.041,26.942
2030,sc01,10-21 09:00:00+01:00,0.284,68.123,11.354,45.416,68.123,22.708,28.385,4.258,28.385
2030,sc01,10-21 10:00:00+01:00,0.295,70.722,11.787,47.148,70.722,23.574,29.467,4.42,29.467
2030,sc01,10-21 11:00:00+01:00,0.303,72.64,12.107,48.427,72.64,24.213,30.267,4.54,30.267
2030,sc01,10-21 12:00:00+01:00,0.302,72.439,12.073,48.293,72.439,24.146,30.183,4.527,30.183
2030,sc01,10-21 13:00:00+01:00,0.302,72.397,12.066,48.265,72.397,24.132,30.166,4.525,30.166
2030,sc01,10-21 14:00:00+01:00,0.306,73.555,12.259,49.037,73.555,24.518,30.648,4.597,30.648
2030,sc01,10-21 15:00:00+01:00,0.321,76.922,12.82,51.281,76.922,25.641,32.051,4.808,32.051
2030,sc01,10-21 16:00:00+01:00,0.337,80.946,13.491,53.964,80.946,26.982,33.728,5.059,33.728
2030,sc01,10-21 17:00:00+01:00,0.347,83.166,13.861,55.444,83.166,27.722,34.653,5.198,34.653
2030,sc01,10-21 18:00:00+01:00,0.345,82.829,13.805,55.219,82.829,27.61,34.512,5.177,34.512
2030,sc01,10-21 19:00:00+01:00,0.34,81.632,13.605,54.422,81.632,27.211,34.014,5.102,34.014
2030,sc01,10-21 20:00:00+01:00,0.333,79.989,13.332,53.326,79.989,26.663,33.329,4.999,33.329
2030,sc01,10-21 21:00:00+01:00,0.324,77.865,12.977,51.91,77.865,25.955,32.444,4.867,32.444
2030,sc01,10-21 22:00:00+01:00,0.31,74.285,12.381,49.523,74.285,24.762,30.952,4.643,30.952
2030,sc01,10-21 23:00:00+01:00,0.293,70.3,11.717,46.866,70.3,23.433,29.292,4.394,29.292
2030,sc01,10-22 00:00:00+01:00,0.3,72.0,12.0,48.0,72.0,24.0,30.0,4.5,30.0
2030,sc01,10-22 01:00:00+01:00,0.287,68.938,11.49,45.959,68.938,22.979,28.724,4.309,28.724
2030,sc01,10-22 02:00:00+01:00,0.275,66.104,11.017,44.069,66.104,22.035,27.543,4.131,27.543
2030,sc01,10-22 03:00:00+01:00,0.267,64.133,10.689,42.755,64.133,21.378,26.722,4.008,26.722
2030,sc01,10-22 04:00:00+01:00,0.261,62.6,10.433,41.734,62.6,20.867,26.083,3.913,26.083
2030,sc01,10-22 05:00:00+01:00,0.259,62.263,10.377,41.509,62.263,20.754,25.943,3.891,25.943
2030,sc01,10-22 06:00:00+01:00,0.259,62.151,10.358,41.434,62.151,20.717,25.896,3.884,25.896
2030,sc01,10-22 07:00:00+01:00,0.262,62.822,10.47,41.881,62.822,20.941,26.176,3.926,26.176
2030,sc01,10-22 08:00:00+01:00,0.269,64.66,10.777,43.107,64.66,21.553,26.942,4.041,26.942
2030,sc01,10-22 09:00:00+01:00,0.284,68.123,11.354,45.416,68.123,22.708,28.385,4.258,28.385
2030,sc01,10-22 10:00:00+01:00,0.295,70.722,11.787,47.148,70.722,23.574,29.467,4.42,29.467
2030,sc01,10-22 11:00:00+01:00,0.303,72.64,12.107,48.427,72.64,24.213,30.267,4.54,30.267
2030,sc01,10-22 12:00:00+01:00,0.302,72.439,12.073,48.293,72.439,24.146,30.183,4.527,30.183
2030,sc01,10-22 13:00:00+01:00,0.302,72.397,12.066,48.265,72.397,24.132,30.166,4.525,30.166
2030,sc01,10-22 14:00:00+01:00,0.306,73.555,12.259,49.037,73.555,24.518,30.648,4.597,30.648
2030,sc01,10-22 15:00:00+01:00,0.321,76.922,12.82,51.281,76.922,25.641,32.051,4.808,32.051
2030,sc01,10-22 16:00:00+01:00,0.337,80.946,13.491,53.964,80.946,26.982,33.728,5.059,33.728
2030,sc01,10-22 17:00:00+01:00,0.347,83.166,13.861,55.444,83.166,27.722,34.653,5.198,34.653
2030,sc01,10-22 18:00:00+01:00,0.345,82.829,13.805,55.219,82.829,27.61,34.512,5.177,34.512
2030,sc01,10-22 19:00:00+01:00,0.34,81.632,13.605,54.422,81.632,27.211,34.014,5.102,34.014
2030,sc01,10-22 20:00:00+01:00,0.333,79.989,13.332,53.326,79.989,26.663,33.329,4.999,33.329
2030,sc01,10-22 21:00:00+01:00,0.324,77.865,12.977,51.91,77.865,25.955,32.444,4.867,32.444
2030,sc01,10-22 22:00:00+01:00,0.31,74.285,12.381,49.523,74.285,24.762,30.952,4.643,30.952
2030,sc01,10-22 23:00:00+01:00,0.293,70.3,11.717,46.866,70.3,23.433,29.292,4.394,29.292
2030,sc01,10-23 00:00:00+01:00,0.3,72.0,12.0,48.0,72.0,24.0,30.0,4.5,30.0
2030,sc01,10-23 01:00:00+01:00,0.287,68.938,11.49,45.959,68.938,22.979,28.724,4.309,28.724
2030,sc01,10-23 02:00:00+01:00,0.275,66.104,11.017,44.069,66.104,22.035,27.543,4.131,27.543
2030,sc01,10-23 03:00:00+01:00,0.267,64.133,10.689,42.755,64.133,21.378,26.722,4.008,26.722
2030,sc01,10-23 04:00:00+01:00,0.261,62.6,10.433,41.734,62.6,20.867,26.083,3.913,26.083
2030,sc01,10-23 05:00:00+01:00,0.259,62.263,10.377,41.509,62.263,20.754,25.943,3.891,25.943
2030,sc01,10-23 06:00:00+01:00,0.259,62.151,10.358,41.434,62.151,20.717,25.896,3.884,25.896
2030,sc01,10-23 07:00:00+01:00,0.262,62.822,10.47,41.881,62.822,20.941,26.176,3.926,26.176
2030,sc01,10-23 08:00:00+01:00,0.269,64.66,10.777,43.107,64.66,21.553,26.942,4.041,26.942
2030,sc01,10-23 09:00:00+01:00,0.284,68.123,11.354,45.416,68.123,22.708,28.385,4.258,28.385
2030,sc01,10-23 10:00:00+01:00,0.295,70.722,11.787,47.148,70.722,23.574,29.467,4.42,29.467
2030,sc01,10-23 11:00:00+01:00,0.303,72.64,12.107,48.427,72.64,24.213,30.267,4.54,30.267
2030,sc01,10-23 12:00:00+01:00,0.302,72.439,12.073,48.293,72.439,24.146,30.183,4.527,30.183
2030,sc01,10-23 13:00:00+01:00,0.302,72.397,12.066,48.265,72.397,24.132,30.166,4.525,30.166
2030,sc01,10-23 14:00:00+01:00,0.306,73.555,12.259,49.037,73.555,24.518,30.648,4.597,30.648
2030,sc01,10-23 15:00:00+01:00,0.321,76.922,12.82,51.281,76.922,25.641,32.051,4.808,32.051
2030,sc01,10-23 16:00:00+01:00,0.337,80.946,13.491,53.964,80.946,26.982,33.728,5.059,33.728
2030,sc01,10-23 17:00:00+01:00,0.347,83.166,13.861,55.444,83.166,27.722,34.653,5.198,34.653
2030,sc01,10-23 18:00:00+01:00,0.345,82.829,13.805,55.219,82.829,27.61,34.512,5.177,34.512
2030,sc01,10-23 19:00:00+01:00,0.34,81.632,13.605,54.422,81.632,27.211,34.014,5.102,34.014
2030,sc01,10-23 20:00:00+01:00,0.333,79.989,13.332,53.326,79.989,26.663,33.329,4.999,33.329
2030,sc01,10-23 21:00:00+01:00,0.324,77.865,12.977,51.91,77.865,25.955,32.444,4.867,32.444
2030,sc01,10-23 22:00:00+01:00,0.31,74.285,12.381,49.523,74.285,24.762,30.952,4.643,30.952
2030,sc01,10-23 23:00:00+01:00,0.293,70.3,11.717,46.866,70.3,23.433,29.292,4.394,29.292
2030,sc01,10-24 00:00:00+01:00,0.3,72.0,12.0,48.0,72.0,24.0,30.0,4.5,30.0
2030,sc01,10-24 01:00:00+01:00,0.287,68.938,11.49,45.959,68.938,22.979,28.724,4.309,28.724
2030,sc01,10-24 02:00:00+01:00,0.275,66.104,11.017,44.069,66.104,22.035,27.543,4.131,27.543
2030,sc01,10-24 03:00:00+01:00,0.267,64.133,10.689,42.755,64.133,21.378,26.722,4.008,26.722
2030,sc01,10-24 04:00:00+01:00,0.261,62.6,10.433,41.734,62.6,20.867,26.083,3.913,26.083
2030,sc01,10-24 05:00:00+01:00,0.259,62.263,10.377,41.509,62.263,20.754,25.943,3.891,25.943
2030,sc01,10-24 06:00:00+01:00,0.259,62.151,10.358,41.434,62.151,20.717,25.896,3.884,25.896
2030,sc01,10-24 07:00:00+01:00,0.262,62.822,10.47,41.881,62.822,20.941,26.176,3.926,26.176
2030,sc01,10-24 08:00:00+01:00,0.269,64.66,10.777,43.107,64.66,21.553,26.942,4.041,26.942
2030,sc01,10-24 09:00:00+01:00,0.284,68.123,11.354,45.416,68.123,22.708,28.385,4.258,28.385
2030,sc01,10-24 10:00:00+01:00,0.295,70.722,11.787,47.148,70.722,23.574,29.467,4.42,29.467
2030,sc01,10-24 11:00:00+01:00,0.303,72.64,12.107,48.427,72.64,24.213,30.267,4.54,30.267
2030,sc01,10-24 12:00:00+01:00,0.302,72.439,12.073,48.293,72.439,24.146,30.183,4.527,30.183
2030,sc01,10-24 13:00:00+01:00,0.302,72.397,12.066,48.265,72.397,24.132,30.166,4.525,30.166
2030,sc01,10-24 14:00:00+01:00,0.306,73.555,12.259,49.037,73.555,24.518,30.648,4.597,30.648
2030,sc01,10-24 15:00:00+01:00,0.321,76.922,12.82,51.281,76.922,25.641,32.051,4.808,32.051
2030,sc01,10-24 16:00:00+01:00,0.337,80.946,13.491,53.964,80.946,26.982,33.728,5.059,33.728
2030,sc01,10-24 17:00:00+01:00,0.347,83.166,13.861,55.444,83.166,27.722,34.653,5.198,34.653
2030,sc01,10-24 18:00:00+01:00,0.345,82.829,13.805,55.219,82.829,27.61,34.512,5.177,34.512
2030,sc01,10-24 19:00:00+01:00,0.34,81.632,13.605,54.422,81.632,27.211,34.014,5.102,34.014
2030,sc01,10-24 20:00:00+01:00,0.333,79.989,13.332,53.326,79.989,26.663,33.329,4.999,33.329
2030,sc01,10-24 21:00:00+01:00,0.324,77.865,12.977,51.91,77.865,25.955,32.444,4.867,32.444
2030,sc01,10-24 22:00:00+01:00,0.31,74.285,12.381,49.523,74.285,24.762,30.952,4.643,30.952
2030,sc01,10-24 23:00:00+01:00,0.293,70.3,11.717,46.866,70.3,23.433,29.292,4.394,29.292
2030,sc01,10-25 00:00:00+01:00,0.3,72.0,12.0,48.0,72.0,24.0,30.0,4.5,30.0
2030,sc01,10-25 01:00:00+01:00,0.287,68.938,11.49,45.959,68.938,22.979,28.724,4.309,28.724
2030,sc01,10-25 02:00:00+01:00,0.275,66.104,11.017,44.069,66.104,22.035,27.543,4.131,27.543
2030,sc01,10-25 03:00:00+01:00,0.267,64.133,10.689,42.755,64.133,21.378,26.722,4.008,26.722
2030,sc01,10-25 04:00:00+01:00,0.261,62.6,10.433,41.734,62.6,20.867,26.083,3.913,26.083
2030,sc01,10-25 05:00:00+01:00,0.259,62.263,10.377,41.509,62.263,20.754,25.943,3.891,25.943
2030,sc01,10-25 06:00:00+01:00,0.259,62.151,10.358,41.434,62.151,20.717,25.896,3.884,25.896
2030,sc01,10-25 07:00:00+01:00,0.262,62.822,10.47,41.881,62.822,20.941,26.176,3.926,26.176
2030,sc01,10-25 08:00:00+01:00,0.269,64.66,10.777,43.107,64.66,21.553,26.942,4.041,26.942
2030,sc01,10-25 09:00:00+01:00,0.284,68.123,11.354,45.416,68.123,22.708,28.385,4.258,28.385
2030,sc01,10-25 10:00:00+01:00,0.295,70.722,11.787,47.148,70.722,23.574,29.467,4.42,29.467
2030,sc01,10-25 11:00:00+01:00,0.303,72.64,12.107,48.427,72.64,24.213,30.267,4.54,30.267
2030,sc01,10-25 12:00:00+01:00,0.302,72.439,12.073,48.293,72.439,24.146,30.183,4.527,30.183
2030,sc01,10-25 13:00:00+01:00,0.302,72.397,12.066,48.265,72.397,24.132,30.166,4.525,30.166
2030,sc01,10-25 14:00:00+01:00,0.306,73.555,12.259,49.037,73.555,24.518,30.648,4.597,30.648
2030,sc01,10-25 15:00:00+01:00,0.321,76.922,12.82,51.281,76.922,25.641,32.051,4.808,32.051
2030,sc01,10-25 16:00:00+01:00,0.337,80.946,13.491,53.964,80.946,26.982,33.728,5.059,33.728
2030,sc01,10-25 17:00:00+01:00,0.347,83.166,13.861,55.444,83.166,27.722,34.653,5.198,34.653
2030,sc01,10-25 18:00:00+01:00,0.345,82.829,13.805,55.219,82.829,27.61,34.512,5.177,34.512
2030,sc01,10-25 19:00:00+01:00,0.34,81.632,13.605,54.422,81.632,27.211,34.014,5.102,34.014
2030,sc01,10-25 20:00:00+01:00,0.333,79.989,13.332,53.326,79.989,26.663,33.329,4.999,33.329
2030,sc01,10-25 21:00:00+01:00,0.324,77.865,12.977,51.91,77.865,25.955,32.444,4.867,32.444
2030,sc01,10-25 22:00:00+01:00,0.31,74.285,12.381,49.523,74.285,24.762,30.952,4.643,30.952
2030,sc01,10-25 23:00:00+01:00,0.293,70.3,11.717,46.866,70.3,23.433,29.292,4.394,29.292
2030,sc01,10-26 00:00:00+01:00,0.3,72.0,12.0,48.0,72.0,24.0,30.0,4.5,30.0
2030,sc01,10-26 01:00:00+01:00,0.287,68.938,11.49,45.959,68.938,22.979,28.724,4.309,28.724
2030,sc01,10-26 02:00:00+01:00,0.275,66.104,11.017,44.069,66.104,22.035,27.543,4.131,27.543
2030,sc01,10-26 03:00:00+01:00,0.267,64.133,10.689,42.755,64.133,21.378,26.722,4.008,26.722
2030,sc01,10-26 04:00:00+01:00,0.261,62.6,10.433,41.734,62.6,20.867,26.083,3.913,26.083
2030,sc01,10-26 05:00:00+01:00,0.259,62.263,10.377,41.509,62.263,20.754,25.943,3.891,25.943
2030,sc01,10-26 06:00:00+01:00,0.259,62.151,10.358,41.434,62.151,20.717,25.896,3.884,25.896
2030,sc01,10-26 07:00:00+01:00,0.262,62.822,10.47,41.881,62.822,20.941,26.176,3.926,26.176
2030,sc01,10-26 08:00:00+01:00,0.269,64.66,10.777,43.107,64.66,21.553,26.942,4.041,26.942
2030,sc01,10-26 09:00:00+01:00,0.284,68.123,11.354,45.416,68.123,22.708,28.385,4.258,28.385
2030,sc01,10-26 10:00:00+01:00,0.295,70.722,11.787,47.148,70.722,23.574,29.467,4.42,29.467
2030,sc01,10-26 11:00:00+01:00,0.303,72.64,12.107,48.427,72.64,24.213,30.267,4.54,30.267
2030,sc01,10-26 12:00:00+01:00,0.302,72.439,12.073,48.293,72.439,24.146,30.183,4.527,30.183
2030,sc01,10-26 13:00:00+01:00,0.302,72.397,12.066,48.265,72.397,24.132,30.166,4.525,30.166
2030,sc01,10-26 14:00:00+01:00,0.306,73.555,12.259,49.037,73.555,24.518,30.648,4.597,30.648
2030,sc01,10-26 15:00:00+01:00,0.321,76.922,12.82,51.281,76.922,25.641,32.051,4.808,32.051
2030,sc01,10-26 16:00:00+01:00,0.337,80.946,13.491,53.964,80.946,26.982,33.728,5.059,33.728
2030,sc01,10-26 17:00:00+01:00,0.347,83.166,13.861,55.444,83.166,27.722,34.653,5.198,34.653
2030,sc01,10-26 18:00:00+01:00,0.345,82.829,13.805,55.219,82.829,27.61,34.512,5.177,34.512
2030,sc01,10-26 19:00:00+01:00,0.34,81.632,13.605,54.422,81.632,27.211,34.014,5.102,34.014
2030,sc01,10-26 20:00:00+01:00,0.333,79.989,13.332,53.326,79.989,26.663,33.329,4.999,33.329
2030,sc01,10-26 21:00:00+01:00,0.324,77.865,12.977,51.91,77.865,25.955,32.444,4.867,32.444
2030,sc01,10-26 22:00:00+01:00,0.31,74.285,12.381,49.523,74.285,24.762,30.952,4.643,30.952
2030,sc01,10-26 23:00:00+01:00,0.293,70.3,11.717,46.866,70.3,23.433,29.292,4.394,29.292
2030,sc01,10-27 00:00:00+01:00,0.3,72.0,12.0,48.0,72.0,24.0,30.0,4.5,30.0
2030,sc01,10-27 01:00:00+01:00,0.287,68.938,11.49,45.959,68.938,22.979,28.724,4.309,28.724
2030,sc01,10-27 02:00:00+01:00,0.275,66.104,11.017,44.069,66.104,22.035,27.543,4.131,27.543
2030,sc01,10-27 03:00:00+01:00,0.267,64.133,10.689,42.755,64.133,21.378,26.722,4.008,26.722
2030,sc01,10-27 04:00:00+01:00,0.261,62.6,10.433,41.734,62.6,20.867,26.083,3.913,26.083
2030,sc01,10-27 05:00:00+01:00,0.259,62.263,10.377,41.509,62.263,20.754,25.943,3.891,25.943
2030,sc01,10-27 06:00:00+01:00,0.259,62.151,10.358,41.434,62.151,20.717,25.896,3.884,25.896
2030,sc01,10-27 07:00:00+01:00,0.262,62.822,10.47,41.881,62.822,20.941,26.176,3.926,26.176
2030,sc01,10-27 08:00:00+01:00,0.269,64.66,10.777,43.107,64.66,21.553,26.942,4.041,26.942
2030,sc01,10-27 09:00:00+01:00,0.284,68.123,11.354,45.416,68.123,22.708,28.385,4.258,28.385
2030,sc01,10-27 10:00:00+01:00,0.295,70.722,11.787,47.148,70.722,23.574,29.467,4.42,29.467
2030,sc01,10-27 11:00:00+01:00,0.303,72.64,12.107,48.427,72.64,24.213,30.267,4.54,30.267
2030,sc01,10-27 12:00:00+01:00,0.302,72.439,12.073,48.293,72.439,24.146,30.183,4.527,30.183
2030,sc01,10-27 13:00:00+01:00,0.302,72.397,12.066,48.265,72.397,24.132,30.166,4.525,30.166
2030,sc01,10-27 14:00:00+01:00,0.306,73.555,12.259,49.037,73.555,24.518,30.648,4.597,30.648
2030,sc01,10-27 15:00:00+01:00,0.321,76.922,12.82,51.281,76.922,25.641,32.051,4.808,32.051
2030,sc01,10-27 16:00:00+01:00,0.337,80.946,13.491,53.964,80.946,26.982,33.728,5.059,33.728
2030,sc01,10-27 17:00:00+01:00,0.347,83.166,13.861,55.444,83.166,27.722,34.653,5.198,34.653
2030,sc01,10-27 18:00:00+01:00,0.345,82.829,13.805,55.219,82.829,27.61,34.512,5.177,34.512
2030,sc01,10-27 19:00:00+01:00,0.34,81.632,13.605,54.422,81.632,27.211,34.014,5.102,34.014
2030,sc01,10-27 20:00:00+01:00,0.333,79.989,13.332,53.326,79.989,26.663,33.329,4.999,33.329
2030,sc01,10-27 21:00:00+01:00,0.324,77.865,12.977,51.91,77.865,25.955,32.444,4.867,32.444
2030,sc01,10-27 22:00:00+01:00,0.31,74.285,12.381,49.523,74.285,24.762,30.952,4.643,30.952
2030,sc01,10-27 23:00:00+01:00,0.293,70.3,11.717,46.866,70.3,23.433,29.292,4.394,29.292
2030,sc01,10-28 00:00:00+01:00,0.3,72.0,12.0,48.0,72.0,24.0,30.0,4.5,30.0
2030,sc01,10-28 01:00:00+01:00,0.287,68.938,11.49,45.959,68.938,22.979,28.724,4.309,28.724
2030,sc01,10-28 02:00:00+01:00,0.275,66.104,11.017,44.069,66.104,22.035,27.543,4.131,27.543
2030,sc01,10-28 03:00:00+01:00,0.267,64.133,10.689,42.755,64.133,21.378,26.722,4.008,26.722
2030,sc01,10-28 04:00:00+01:00,0.261,62.6,10.433,41.734,62.6,20.867,26.083,3.913,26.083
2030,sc01,10-28 05:00:00+01:00,0.259,62.263,10.377,41.509,62.263,20.754,25.943,3.891,25.943
2030,sc01,10-28 06:00:00+01:00,0.259,62.151,10.358,41.434,62.151,20.717,25.896,3.884,25.896
2030,sc01,10-28 07:00:00+01:00,0.262,62.822,10.47,41.881,62.822,20.941,26.176,3.926,26.176
2030,sc01,10-28 08:00:00+01:00,0.269,64.66,10.777,43.107,64.66,21.553,26.942,4.041,26.942
2030,sc01,10-28 09:00:00+01:00,0.284,68.123,11.354,45.416,68.123,22.708,28.385,4.258,28.385
2030,sc01,10-28 10:00:00+01:00,0.295,70.722,11.787,47.148,70.722,23.574,29.467,4.42,29.467
2030,sc01,10-28 11:00:00+01:00,0.303,72.64,12.107,48.427,72.64,24.213,30.267,4.54,30.267
2030,sc01,10-28 12:00:00+01:00,0.302,72.439,12.073,48.293,72.439,24.146,30.183,4.527,30.183
2030,sc01,10-28 13:00:00+01:00,0.302,72.397,12.066,48.265,72.397,24.132,30.166,4.525,30.166
2030,sc01,10-28 14:00:00+01:00,0.306,73.555,12.259,49.037,73.555,24.518,30.648,4.597,30.648
2030,sc01,10-28 15:00:00+01:00,0.321,76.922,12.82,51.281,76.922,25.641,32.051,4.808,32.051
2030,sc01,10-28 16:00:00+01:00,0.337,80.946,13.491,53.964,80.946,26.982,33.728,5.059,33.728
2030,sc01,10-28 17:00:00+01:00,0.347,83.166,13.861,55.444,83.166,27.722,34.653,5.198,34.653
2030,sc01,10-28 18:00:00+01:00,0.345,82.829,13.805,55.219,82.829,27.61,34.512,5.177,34.512
2030,sc01,10-28 19:00:00+01:00,0.34,81.632,13.605,54.422,81.632,27.211,34.014,5.102,34.014
2030,sc01,10-28 20:00:00+01:00,0.333,79.989,13.332,53.326,79.989,26.663,33.329,4.999,33.329
2030,sc01,10-28 21:00:00+01:00,0.324,77.865,12.977,51.91,77.865,25.955,32.444,4.867,32.444
2030,sc01,10-28 22:00:00+01:00,0.31,74.285,12.381,49.523,74.285,24.762,30.952,4.643,30.952
2030,sc01,10-28 23:00:00+01:00,0.293,70.3,11.717,46.866,70.3,23.433,29.292,4.394,29.292
2030,sc01,10-29 00:00:00+01:00,0.3,72.0,12.0,48.0,72.0,24.0,30.0,4.5,30.0
2030,sc01,10-29 01:00:00+01:00,0.287,68.938,11.49,45.959,68.938,22.979,28.724,4.309,28.724
2030,sc01,10-29 02:00:00+01:00,0.275,66.104,11.017,44.069,66.104,22.035,27.543,4.131,27.543
2030,sc01,10-29 03:00:00+01:00,0.267,64.133,10.689,42.755,64.133,21.378,26.722,4.008,26.722
2030,sc01,10-29 04:00:00+01:00,0.261,62.6,10.433,41.734,62.6,20.867,26.083,3.913,26.083
2030,sc01,10-29 05:00:00+01:00,0.259,62.263,10.377,41.509,62.263,20.754,25.943,3.891,25.943
2030,sc01,10-29 06:00:00+01:00,0.259,62.151,10.358,41.434,62.151,20.717,25.896,3.884,25.896
2030,sc01,10-29 07:00:00+01:00,0.262,62.822,10.47,41.881,62.822,20.941,26.176,3.926,26.176
2030,sc01,10-29 08:00:00+01:00,0.269,64.66,10.777,43.107,64.66,21.553,26.942,4.041,26.942
2030,sc01,10-29 09:00:00+01:00,0.284,68.123,11.354,45.416,68.123,22.708,28.385,4.258,28.385
2030,sc01,10-29 10:00:00+01:00,0.295,70.722,11.787,47.148,70.722,23.574,29.467,4.42,29.467
2030,sc01,10-29 11:00:00+01:00,0.303,72.64,12.107,48.427,72.64,24.213,30.267,4.54,30.267
2030,sc01,10-29 12:00:00+01:00,0.302,72.439,12.073,48.293,72.439,24.146,30.183,4.527,30.183
2030,sc01,10-29 13:00:00+01:00,0.302,72.397,12.066,48.265,72.397,24.132,30.166,4.525,30.166
2030,sc01,10-29 14:00:00+01:00,0.306,73.555,12.259,49.037,73.555,24.518,30.648,4.597,30.648
2030,sc01,10-29 15:00:00+01:00,0.321,76.922,12.82,51.281,76.922,25.641,32.051,4.808,32.051
2030,sc01,10-29 16:00:00+01:00,0.337,80.946,13.491,53.964,80.946,26.982,33.728,5.059,33.728
2030,sc01,10-29 17:00:00+01:00,0.347,83.166,13.861,55.444,83.166,27.722,34.653,5.198,34.653
2030,sc01,10-29 18:00:00+01:00,0.345,82.829,13.805,55.219,82.829,27.61,34.512,5.177,34.512
2030,sc01,10-29 19:00:00+01:00,0.34,81.632,13.605,54.422,81.632,27.211,34.014,5.102,34.014
2030,sc01,10-29 20:00:00+01:00,0.333,79.989,13.332,53.326,79.989,26.663,33.329,4.999,33.329
2030,sc01,10-29 21:00:00+01:00,0.324,77.865,12.977,51.91,77.865,25.955,32.444,4.867,32.444
2030,sc01,10-29 22:00:00+01:00,0.31,74.285,12.381,49.523,74.285,24.762,30.952,4.643,30.952
2030,sc01,10-29 23:00:00+01:00,0.293,70.3,11.717,46.866,70.3,23.433,29.292,4.394,29.292
2030,sc01,10-30 00:00:00+01:00,0.3,72.0,12.0,48.0,72.0,24.0,30.0,4.5,30.0
2030,sc01,10-30 01:00:00+01:00,0.287,68.938,11.49,45.959,68.938,22.979,28.724,4.309,28.724
2030,sc01,10-30 02:00:00+01:00,0.275,66.104,11.017,44.069,66.104,22.035,27.543,4.131,27.543
2030,sc01,10-30 03:00:00+01:00,0.267,64.133,10.689,42.755,64.133,21.378,26.722,4.008,26.722
2030,sc01,10-30 04:00:00+01:00,0.261,62.6,10.433,41.734,62.6,20.867,26.083,3.913,26.083
2030,sc01,10-30 05:00:00+01:00,0.259,62.263,10.377,41.509,62.263,20.754,25.943,3.891,25.943
2030,sc01,10-30 06:00:00+01:00,0.259,62.151,10.358,41.434,62.151,20.717,25.896,3.884,25.896
2030,sc01,10-30 07:00:00+01:00,0.262,62.822,10.47,41.881,62.822,20.941,26.176,3.926,26.176
2030,sc01,10-30 08:00:00+01:00,0.269,64.66,10.777,43.107,64.66,21.553,26.942,4.041,26.942
2030,sc01,10-30 09:00:00+01:00,0.284,68.123,11.354,45.416,68.123,22.708,28.385,4.258,28.385
2030,sc01,10-30 10:00:00+01:00,0.295,70.722,11.787,47.148,70.722,23.574,29.467,4.42,29.467
2030,sc01,10-30 11:00:00+01:00,0.303,72.64,12.107,48.427,72.64,24.213,30.267,4.54,30.267
2030,sc01,10-30 12:00:00+01:00,0.302,72.439,12.073,48.293,72.439,24.146,30.183,4.527,30.183
2030,sc01,10-30 13:00:00+01:00,0.302,72.397,12.066,48.265,72.397,24.132,30.166,4.525,30.166
2030,sc01,10-30 14:00:00+01:00,0.306,73.555,12.259,49.037,73.555,24.518,30.648,4.597,30.648
2030,sc01,10-30 15:00:00+01:00,0.321,76.922,12.82,51.281,76.922,25.641,32.051,4.808,32.051
2030,sc01,10-30 16:00:00+01:00,0.337,80.946,13.491,53.964,80.946,26.982,33.728,5.059,33.728
2030,sc01,10-30 17:00:00+01:00,0.347,83.166,13.861,55.444,83.166,27.722,34.653,5.198,34.653
2030,sc01,10-30 18:00:00+01:00,0.345,82.829,13.805,55.219,82.829,27.61,34.512,5.177,34.512
2030,sc01,10-30 19:00:00+01:00,0.34,81.632,13.605,54.422,81.632,27.211,34.014,5.102,34.014
2030,sc01,10-30 20:00:00+01:00,0.333,79.989,13.332,53.326,79.989,26.663,33.329,4.999,33.329
2030,sc01,10-30 21:00:00+01:00,0.324,77.865,12.977,51.91,77.865,25.955,32.444,4.867,32.444
2030,sc01,10-30 22:00:00+01:00,0.31,74.285,12.381,49.523,74.285,24.762,30.952,4.643,30.952
2030,sc01,10-30 23:00:00+01:00,0.293,70.3,11.717,46.866,70.3,23.433,29.292,4.394,29.292
2030,sc01,10-31 00:00:00+01:00,0.3,72.0,12.0,48.0,72.0,24.0,30.0,4.5,30.0
2030,sc01,10-31 01:00:00+01:00,0.287,68.938,11.49,45.959,68.938,22.979,28.724,4.309,28.724
2030,sc01,10-31 02:00:00+01:00,0.275,66.104,11.017,44.069,66.104,22.035,27.543,4.131,27.543
2030,sc01,10-31 03:00:00+01:00,0.267,64.133,10.689,42.755,64.133,21.378,26.722,4.008,26.722
2030,sc01,10-31 04:00:00+01:00,0.261,62.6,10.433,41.734,62.6,20.867,26.083,3.913,26.083
2030,sc01,10-31 05:00:00+01:00,0.259,62.263,10.377,41.509,62.263,20.754,25.943,3.891,25.943
2030,sc01,10-31 06:00:00+01:00,0.259,62.151,10.358,41.434,62.151,20.717,25.896,3.884,25.896
2030,sc01,10-31 07:00:00+01:00,0.262,62.822,10.47,41.881,62.822,20.941,26.176,3.926,26.176
2030,sc01,10-31 08:00:00+01:00,0.269,64.66,10.777,43.107,64.66,21.553,26.942,4.041,26.942
2030,sc01,10-31 09:00:00+01:00,0.284,68.123,11.354,45.416,68.123,22.708,28.385,4.258,28.385
2030,sc01,10-31 10:00:00+01:00,0.295,70.722,11.787,47.148,70.722,23.574,29.467,4.42,29.467
2030,sc01,10-31 11:00:00+01:00,0.303,72.64,12.107,48.427,72.64,24.213,30.267,4.54,30.267
2030,sc01,10-31 12:00:00+01:00,0.302,72.439,12.073,48.293,72.439,24.146,30.183,4.527,30.183
2030,sc01,10-31 13:00:00+01:00,0.302,72.397,12.066,48.265,72.397,24.132,30.166,4.525,30.166
2030,sc01,10-31 14:00:00+01:00,0.306,73.555,12.259,49.037,73.555,24.518,30.648,4.597,30.648
2030,sc01,10-31 15:00:00+01:00,0.321,76.922,12.82,51.281,76.922,25.641,32.051,4.808,32.051
2030,sc01,10-31 16:00:00+01:00,0.337,80.946,13.491,53.964,80.946,26.982,33.728,5.059,33.728
2030,sc01,10-31 17:00:00+01:00,0.347,83.166,13.861,55.444,83.166,27.722,34.653,5.198,34.653
2030,sc01,10-31 18:00:00+01:00,0.345,82.829,13.805,55.219,82.829,27.61,34.512,5.177,34.512
2030,sc01,10-31 19:00:00+01:00,0.34,81.632,13.605,54.422,81.632,27.211,34.014,5.102,34.014
2030,sc01,10-31 20:00:00+01:00,0.333,79.989,13.332,53.326,79.989,26.663,33.329,4.999,33.329
2030,sc01,10-31 21:00:00+01:00,0.324,77.865,12.977,51.91,77.865,25.955,32.444,4.867,32.444
2030,sc01,10-31 22:00:00+01:00,0.31,74.285,12.381,49.523,74.285,24.762,30.952,4.643,30.952
2030,sc01,10-31 23:00:00+01:00,0.293,70.3,11.717,46.866,70.3,23.433,29.292,4.394,29.292
2030,sc01,11-01 00:00:00+01:00,0.3,72.0,12.0,48.0,72.0,24.0,30.0,4.5,30.0
2030,sc01,11-01 01:00:00+01:00,0.287,68.938,11.49,45.959,68.938,22.979,28.724,4.309,28.724
2030,sc01,11-01 02:00:00+01:00,0.275,66.104,11.017,44.069,66.104,22.035,27.543,4.131,27.543
2030,sc01,11-01 03:00:00+01:00,0.267,64.133,10.689,42.755,64.133,21.378,26.722,4.008,26.722
2030,sc01,11-01 04:00:00+01:00,0.261,62.6,10.433,41.734,62.6,20.867,26.083,3.913,26.083
2030,sc01,11-01 05:00:00+01:00,0.259,62.263,10.377,41.509,62.263,20.754,25.943,3.891,25.943
2030,sc01,11-01 06:00:00+01:00,0.259,62.151,10.358,41.434,62.151,20.717,25.896,3.884,25.896
2030,sc01,11-01 07:00:00+01:00,0.262,62.822,10.47,41.881,62.822,20.941,26.176,3.926,26.176
2030,sc01,11-01 08:00:00+01:00,0.269,64.66,10.777,43.107,64.66,21.553,26.942,4.041,26.942
2030,sc01,11-01 09:00:00+01:00,0.284,68.123,11.354,45.416,68.123,22.708,28.385,4.258,28.385
2030,sc01,11-01 10:00:00+01:00,0.295,70.722,11.787,47.148,70.722,23.574,29.467,4.42,29.467
2030,sc01,11-01 11:00:00+01:00,0.303,72.64,12.107,48.427,72.64,24.213,30.267,4.54,30.267
2030,sc01,11-01 12:00:00+01:00,0.302,72.439,12.073,48.293,72.439,24.146,30.183,4.527,30.183
2030,sc01,11-01 13:00:00+01:00,0.302,72.397,12.066,48.265,72.397,24.132,30.166,4.525,30.166
2030,sc01,11-01 14:00:00+01:00,0.306,73.555,12.259,49.037,73.555,24.518,30.648,4.597,30.648
2030,sc01,11-01 15:00:00+01:00,0.321,76.922,12.82,51.281,76.922,25.641,32.051,4.808,32.051
2030,sc01,11-01 16:00:00+01:00,0.337,80.946,13.491,53.964,80.946,26.982,33.728,5.059,33.728
2030,sc01,11-01 17:00:00+01:00,0.347,83.166,13.861,55.444,83.166,27.722,34.653,5.198,34.653
2030,sc01,11-01 18:00:00+01:00,0.345,82.829,13.805,55.219,82.829,27.61,34.512,5.177,34.512
2030,sc01,11-01 19:00:00+01:00,0.34,81.632,13.605,54.422,81.632,27.211,34.014,5.102,34.014
2030,sc01,11-01 20:00:00+01:00,0.333,79.989,13.332,53.326,79.989,26.663,33.329,4.999,33.329
2030,sc01,11-01 21:00:00+01:00,0.324,77.865,12.977,51.91,77.865,25.955,32.444,4.867,32.444
2030,sc01,11-01 22:00:00+01:00,0.31,74.285,12.381,49.523,74.285,24.762,30.952,4.643,30.952
2030,sc01,11-01 23:00:00+01:00,0.293,70.3,11.717,46.866,70.3,23.433,29.292,4.394,29.292
2030,sc01,11-02 00:00:00+01:00,0.3,72.0,12.0,48.0,72.0,24.0,30.0,4.5,30.0
2030,sc01,11-02 01:00:00+01:00,0.287,68.938,11.49,45.959,68.938,22.979,28.724,4.309,28.724
2030,sc01,11-02 02:00:00+01:00,0.275,66.104,11.017,44.069,66.104,22.035,27.543,4.131,27.543
2030,sc01,11-02 03:00:00+01:00,0.267,64.133,10.689,42.755,64.133,21.378,26.722,4.008,26.722
2030,sc01,11-02 04:00:00+01:00,0.261,62.6,10.433,41.734,62.6,20.867,26.083,3.913,26.083
2030,sc01,11-02 05:00:00+01:00,0.259,62.263,10.377,41.509,62.263,20.754,25.943,3.891,25.943
2030,sc01,11-02 06:00:00+01:00,0.259,62.151,10.358,41.434,62.151,20.717,25.896,3.884,25.896
2030,sc01,11-02 07:00:00+01:00,0.262,62.822,10.47,41.881,62.822,20.941,26.176,3.926,26.176
2030,sc01,11-02 08:00:00+01:00,0.269,64.66,10.777,43.107,64.66,21.553,26.942,4.041,26.942
2030,sc01,11-02 09:00:00+01:00,0.284,68.123,11.354,45.416,68.123,22.708,28.385,4.258,28.385
2030,sc01,11-02 10:00:00+01:00,0.295,70.722,11.787,47.148,70.722,23.574,29.467,4.42,29.467
2030,sc01,11-02 11:00:00+01:00,0.303,72.64,12.107,48.427,72.64,24.213,30.267,4.54,30.267
2030,sc01,11-02 12:00:00+01:00,0.302,72.439,12.073,48.293,72.439,24.146,30.183,4.527,30.183
2030,sc01,11-02 13:00:00+01:00,0.302,72.397,12.066,48.265,72.397,24.132,30.166,4.525,30.166
2030,sc01,11-02 14:00:00+01:00,0.306,73.555,12.259,49.037,73.555,24.518,30.648,4.597,30.648
2030,sc01,11-02 15:00:00+01:00,0.321,76.922,12.82,51.281,76.922,25.641,32.051,4.808,32.051
2030,sc01,11-02 16:00:00+01:00,0.337,80.946,13.491,53.964,80.946,26.982,33.728,5.059,33.728
2030,sc01,11-02 17:00:00+01:00,0.347,83.166,13.861,55.444,83.166,27.722,34.653,5.198,34.653
2030,sc01,11-02 18:00:00+01:00,0.345,82.829,13.805,55.219,82.829,27.61,34.512,5.177,34.512
2030,sc01,11-02 19:00:00+01:00,0.34,81.632,13.605,54.422,81.632,27.211,34.014,5.102,34.014
2030,sc01,11-02 20:00:00+01:00,0.333,79.989,13.332,53.326,79.989,26.663,33.329,4.999,33.329
2030,sc01,11-02 21:00:00+01:00,0.324,77.865,12.977,51.91,77.865,25.955,32.444,4.867,32.444
2030,sc01,11-02 22:00:00+01:00,0.31,74.285,12.381,49.523,74.285,24.762,30.952,4.643,30.952
2030,sc01,11-02 23:00:00+01:00,0.293,70.3,11.717,46.866,70.3,23.433,29.292,4.394,29.292
2030,sc01,11-03 00:00:00+01:00,0.3,72.0,12.0,48.0,72.0,24.0,30.0,4.5,30.0
2030,sc01,11-03 01:00:00+01:00,0.287,68.938,11.49,45.959,68.938,22.979,28.724,4.309,28.724
2030,sc01,11-03 02:00:00+01:00,0.275,66.104,11.017,44.069,66.104,22.035,27.543,4.131,27.543
2030,sc01,11-03 03:00:00+01:00,0.267,64.133,10.689,42.755,64.133,21.378,26.722,4.008,26.722
2030,sc01,11-03 04:00:00+01:00,0.261,62.6,10.433,41.734,62.6,20.867,26.083,3.913,26.083
2030,sc01,11-03 05:00:00+01:00,0.259,62.263,10.377,41.509,62.263,20.754,25.943,3.891,25.943
2030,sc01,11-03 06:00:00+01:00,0.259,62.151,10.358,41.434,62.151,20.717,25.896,3.884,25.896
2030,sc01,11-03 07:00:00+01:00,0.262,62.822,10.47,41.881,62.822,20.941,26.176,3.926,26.176
2030,sc01,11-03 08:00:00+01:00,0.269,64.66,10.777,43.107,64.66,21.553,26.942,4.041,26.942
2030,sc01,11-03 09:00:00+01:00,0.284,68.123,11.354,45.416,68.123,22.708,28.385,4.258,28.385
2030,sc01,11-03 10:00:00+01:00,0.295,70.722,11.787,47.148,70.722,23.574,29.467,4.42,29.467
2030,sc01,11-03 11:00:00+01:00,0.303,72.64,12.107,48.427,72.64,24.213,30.267,4.54,30.267
2030,sc01,11-03 12:00:00+01:00,0.302,72.439,12.073,48.293,72.439,24.146,30.183,4.527,30.183
2030,sc01,11-03 13:00:00+01:00,0.302,72.397,12.066,48.265,72.397,24.132,30.166,4.525,30.166
2030,sc01,11-03 14:00:00+01:00,0.306,73.555,12.259,49.037,73.555,24.518,30.648,4.597,30.648
2030,sc01,11-03 15:00:00+01:00,0.321,76.922,12.82,51.281,76.922,25.641,32.051,4.808,32.051
2030,sc01,11-03 16:00:00+01:00,0.337,80.946,13.491,53.964,80.946,26.982,33.728,5.059,33.728
2030,sc01,11-03 17:00:00+01:00,0.347,83.166,13.861,55.444,83.166,27.722,34.653,5.198,34.653
2030,sc01,11-03 18:00:00+01:00,0.345,82.829,13.805,55.219,82.829,27.61,34.512,5.177,34.512
2030,sc01,11-03 19:00:00+01:00,0.34,81.632,13.605,54.422,81.632,27.211,34.014,5.102,34.014
2030,sc01,11-03 20:00:00+01:00,0.333,79.989,13.332,53.326,79.989,26.663,33.329,4.999,33.329
2030,sc01,11-03 21:00:00+01:00,0.324,77.865,12.977,51.91,77.865,25.955,32.444,4.867,32.444
2030,sc01,11-03 22:00:00+01:00,0.31,74.285,12.381,49.523,74.285,24.762,30.952,4.643,30.952
2030,sc01,11-03 23:00:00+01:00,0.293,70.3,11.717,46.866,70.3,23.433,29.292,4.394,29.292
2030,sc01,11-04 00:00:00+01:00,0.3,72.0,12.0,48.0,72.0,24.0,30.0,4.5,30.0
2030,sc01,11-04 01:00:00+01:00,0.287,68.938,11.49,45.959,68.938,22.979,28.724,4.309,28.724
2030,sc01,11-04 02:00:00+01:00,0.275,66.104,11.017,44.069,66.104,22.035,27.543,4.131,27.543
2030,sc01,11-04 03:00:00+01:00,0.267,64.133,10.689,42.755,64.133,21.378,26.722,4.008,26.722
2030,sc01,11-04 04:00:00+01:00,0.261,62.6,10.433,41.734,62.6,20.867,26.083,3.913,26.083
2030,sc01,11-04 05:00:00+01:00,0.259,62.263,10.377,41.509,62.263,20.754,25.943,3.891,25.943
2030,sc01,11-04 06:00:00+01:00,0.259,62.151,10.358,41.434,62.151,20.717,25.896,3.884,25.896
2030,sc01,11-04 07:00:00+01:00,0.262,62.822,10.47,41.881,62.822,20.941,26.176,3.926,26.176
2030,sc01,11-04 08:00:00+01:00,0.269,64.66,10.777,43.107,64.66,21.553,26.942,4.041,26.942
2030,sc01,11-04 09:00:00+01:00,0.284,68.123,11.354,45.416,68.123,22.708,28.385,4.258,28.385
2030,sc01,11-04 10:00:00+01:00,0.295,70.722,11.787,47.148,70.722,23.574,29.467,4.42,29.467
2030,sc01,11-04 11:00:00+01:00,0.303,72.64,12.107,48.427,72.64,24.213,30.267,4.54,30.267
2030,sc01,11-04 12:00:00+01:00,0.302,72.439,12.073,48.293,72.439,24.146,30.183,4.527,30.183
2030,sc01,11-04 13:00:00+01:00,0.302,72.397,12.066,48.265,72.397,24.132,30.166,4.525,30.166
2030,sc01,11-04 14:00:00+01:00,0.306,73.555,12.259,49.037,73.555,24.518,30.648,4.597,30.648
2030,sc01,11-04 15:00:00+01:00,0.321,76.922,12.82,51.281,76.922,25.641,32.051,4.808,32.051
2030,sc01,11-04 16:00:00+01:00,0.337,80.946,13.491,53.964,80.946,26.982,33.728,5.059,33.728
2030,sc01,11-04 17:00:00+01:00,0.347,83.166,13.861,55.444,83.166,27.722,34.653,5.198,34.653
2030,sc01,11-04 18:00:00+01:00,0.345,82.829,13.805,55.219,82.829,27.61,34.512,5.177,34.512
2030,sc01,11-04 19:00:00+01:00,0.34,81.632,13.605,54.422,81.632,27.211,34.014,5.102,34.014
2030,sc01,11-04 20:00:00+01:00,0.333,79.989,13.332,53.326,79.989,26.663,33.329,4.999,33.329
2030,sc01,11-04 21:00:00+01:00,0.324,77.865,12.977,51.91,77.865,25.955,32.444,4.867,32.444
2030,sc01,11-04 22:00:00+01:00,0.31,74.285,12.381,49.523,74.285,24.762,30.952,4.643,30.952
2030,sc01,11-04 23:00:00+01:00,0.293,70.3,11.717,46.866,70.3,23.433,29.292,4.394,29.292
2030,sc01,11-05 00:00:00+01:00,0.3,72.0,12.0,48.0,72.0,24.0,30.0,4.5,30.0
2030,sc01,11-05 01:00:00+01:00,0.287,68.938,11.49,45.959,68.938,22.979,28.724,4.309,28.724
2030,sc01,11-05 02:00:00+01:00,0.275,66.104,11.017,44.069,66.104,22.035,27.543,4.131,27.543
2030,sc01,11-05 03:00:00+01:00,0.267,64.133,10.689,42.755,64.133,21.378,26.722,4.008,26.722
2030,sc01,11-05 04:00:00+01:00,0.261,62.6,10.433,41.734,62.6,20.867,26.083,3.913,26.083
2030,sc01,11-05 05:00:00+01:00,0.259,62.263,10.377,41.509,62.263,20.754,25.943,3.891,25.943
2030,sc01,11-05 06:00:00+01:00,0.259,62.151,10.358,41.434,62.151,20.717,25.896,3.884,25.896
2030,sc01,11-05 07:00:00+01:00,0.262,62.822,10.47,41.881,62.822,20.941,26.176,3.926,26.176
2030,sc01,11-05 08:00:00+01:00,0.269,64.66,10.777,43.107,64.66,21.553,26.942,4.041,26.942
2030,sc01,11-05 09:00:00+01:00,0.284,68.123,11.354,45.416,68.123,22.708,28.385,4.258,28.385
2030,sc01,11-05 10:00:00+01:00,0.295,70.722,11.787,47.148,70.722,23.574,29.467,4.42,29.467
2030,sc01,11-05 11:00:00+01:00,0.303,72.64,12.107,48.427,72.64,24.213,30.267,4.54,30.267
2030,sc01,11-05 12:00:00+01:00,0.302,72.439,12.073,48.293,72.439,24.146,30.183,4.527,30.183
2030,sc01,11-05 13:00:00+01:00,0.302,72.397,12.066,48.265,72.397,24.132,30.166,4.525,30.166
2030,sc01,11-05 14:00:00+01:00,0.306,73.555,12.259,49.037,73.555,24.518,30.648,4.597,30.648
2030,sc01,11-05 15:00:00+01:00,0.321,76.922,12.82,51.281,76.922,25.641,32.051,4.808,32.051
2030,sc01,11-05 16:00:00+01:00,0.337,80.946,13.491,53.964,80.946,26.982,33.728,5.059,33.728
2030,sc01,11-05 17:00:00+01:00,0.347,83.166,13.861,55.444,83.166,27.722,34.653,5.198,34.653
2030,sc01,11-05 18:00:00+01:00,0.345,82.829,13.805,55.219,82.829,27.61,34.512,5.177,34.512
2030,sc01,11-05 19:00:00+01:00,0.34,81.632,13.605,54.422,81.632,27.211,34.014,5.102,34.014
2030,sc01,11-05 20:00:00+01:00,0.333,79.989,13.332,53.326,79.989,26.663,33.329,4.999,33.329
2030,sc01,11-05 21:00:00+01:00,0.324,77.865,12.977,51.91,77.865,25.955,32.444,4.867,32.444
2030,sc01,11-05 22:00:00+01:00,0.31,74.285,12.381,49.523,74.285,24.762,30.952,4.643,30.952
2030,sc01,11-05 23:00:00+01:00,0.293,70.3,11.717,46.866,70.3,23.433,29.292,4.394,29.292
2030,sc01,11-06 00:00:00+01:00,0.3,72.0,12.0,48.0,72.0,24.0,30.0,4.5,30.0
2030,sc01,11-06 01:00:00+01:00,0.287,68.938,11.49,45.959,68.938,22.979,28.724,4.309,28.724
2030,sc01,11-06 02:00:00+01:00,0.275,66.104,11.017,44.069,66.104,22.035,27.543,4.131,27.543
2030,sc01,11-06 03:00:00+01:00,0.267,64.133,10.689,42.755,64.133,21.378,26.722,4.008,26.722
2030,sc01,11-06 04:00:00+01:00,0.261,62.6,10.433,41.734,62.6,20.867,26.083,3.913,26.083
2030,sc01,11-06 05:00:00+01:00,0.259,62.263,10.377,41.509,62.263,20.754,25.943,3.891,25.943
2030,sc01,11-06 06:00:00+01:00,0.259,62.151,10.358,41.434,62.151,20.717,25.896,3.884,25.896
2030,sc01,11-06 07:00:00+01:00,0.262,62.822,10.47,41.881,62.822,20.941,26.176,3.926,26.176
2030,sc01,11-06 08:00:00+01:00,0.269,64.66,10.777,43.107,64.66,21.553,26.942,4.041,26.942
2030,sc01,11-06 09:00:00+01:00,0.284,68.123,11.354,45.416,68.123,22.708,28.385,4.258,28.385
2030,sc01,11-06 10:00:00+01:00,0.295,70.722,11.787,47.148,70.722,23.574,29.467,4.42,29.467
2030,sc01,11-06 11:00:00+01:00,0.303,72.64,12.107,48.427,72.64,24.213,30.267,4.54,30.267
2030,sc01,11-06 12:00:00+01:00,0.302,72.439,12.073,48.293,72.439,24.146,30.183,4.527,30.183
2030,sc01,11-06 13:00:00+01:00,0.302,72.397,12.066,48.265,72.397,24.132,30.166,4.525,30.166
2030,sc01,11-06 14:00:00+01:00,0.306,73.555,12.259,49.037,73.555,24.518,30.648,4.597,30.648
2030,sc01,11-06 15:00:00+01:00,0.321,76.922,12.82,51.281,76.922,25.641,32.051,4.808,32.051
2030,sc01,11-06 16:00:00+01:00,0.337,80.946,13.491,53.964,80.946,26.982,33.728,5.059,33.728
2030,sc01,11-06 17:00:00+01:00,0.347,83.166,13.861,55.444,83.166,27.722,34.653,5.198,34.653
2030,sc01,11-06 18:00:00+01:00,0.345,82.829,13.805,55.219,82.829,27.61,34.512,5.177,34.512
2030,sc01,11-06 19:00:00+01:00,0.34,81.632,13.605,54.422,81.632,27.211,34.014,5.102,34.014
2030,sc01,11-06 20:00:00+01:00,0.333,79.989,13.332,53.326,79.989,26.663,33.329,4.999,33.329
2030,sc01,11-06 21:00:00+01:00,0.324,77.865,12.977,51.91,77.865,25.955,32.444,4.867,32.444
2030,sc01,11-06 22:00:00+01:00,0.31,74.285,12.381,49.523,74.285,24.762,30.952,4.643,30.952
2030,sc01,11-06 23:00:00+01:00,0.293,70.3,11.717,46.866,70.3,23.433,29.292,4.394,29.292
2030,sc01,11-07 00:00:00+01:00,0.3,72.0,12.0,48.0,72.0,24.0,30.0,4.5,30.0
2030,sc01,11-07 01:00:00+01:00,0.287,68.938,11.49,45.959,68.938,22.979,28.724,4.309,28.724
2030,sc01,11-07 02:00:00+01:00,0.275,66.104,11.017,44.069,66.104,22.035,27.543,4.131,27.543
2030,sc01,11-07 03:00:00+01:00,0.267,64.133,10.689,42.755,64.133,21.378,26.722,4.008,26.722
2030,sc01,11-07 04:00:00+01:00,0.261,62.6,10.433,41.734,62.6,20.867,26.083,3.913,26.083
2030,sc01,11-07 05:00:00+01:00,0.259,62.263,10.377,41.509,62.263,20.754,25.943,3.891,25.943
2030,sc01,11-07 06:00:00+01:00,0.259,62.151,10.358,41.434,62.151,20.717,25.896,3.884,25.896
2030,sc01,11-07 07:00:00+01:00,0.262,62.822,10.47,41.881,62.822,20.941,26.176,3.926,26.176
2030,sc01,11-07 08:00:00+01:00,0.269,64.66,10.777,43.107,64.66,21.553,26.942,4.041,26.942
2030,sc01,11-07 09:00:00+01:00,0.284,68.123,11.354,45.416,68.123,22.708,28.385,4.258,28.385
2030,sc01,11-07 10:00:00+01:00,0.295,70.722,11.787,47.148,70.722,23.574,29.467,4.42,29.467
2030,sc01,11-07 11:00:00+01:00,0.303,72.64,12.107,48.427,72.64,24.213,30.267,4.54,30.267
2030,sc01,11-07 12:00:00+01:00,0.302,72.439,12.073,48.293,72.439,24.146,30.183,4.527,30.183
2030,sc01,11-07 13:00:00+01:00,0.302,72.397,12.066,48.265,72.397,24.132,30.166,4.525,30.166
2030,sc01,11-07 14:00:00+01:00,0.306,73.555,12.259,49.037,73.555,24.518,30.648,4.597,30.648
2030,sc01,11-07 15:00:00+01:00,0.321,76.922,12.82,51.281,76.922,25.641,32.051,4.808,32.051
2030,sc01,11-07 16:00:00+01:00,0.337,80.946,13.491,53.964,80.946,26.982,33.728,5.059,33.728
2030,sc01,11-07 17:00:00+01:00,0.347,83.166,13.861,55.444,83.166,27.722,34.653,5.198,34.653
2030,sc01,11-07 18:00:00+01:00,0.345,82.829,13.805,55.219,82.829,27.61,34.512,5.177,34.512
2030,sc01,11-07 19:00:00+01:00,0.34,81.632,13.605,54.422,81.632,27.211,34.014,5.102,34.014
2030,sc01,11-07 20:00:00+01:00,0.333,79.989,13.332,53.326,79.989,26.663,33.329,4.999,33.329
2030,sc01,11-07 21:00:00+01:00,0.324,77.865,12.977,51.91,77.865,25.955,32.444,4.867,32.444
2030,sc01,11-07 22:00:00+01:00,0.31,74.285,12.381,49.523,74.285,24.762,30.952,4.643,30.952
2030,sc01,11-07 23:00:00+01:00,0.293,70.3,11.717,46.866,70.3,23.433,29.292,4.394,29.292
2030,sc01,11-08 00:00:00+01:00,0.3,72.0,12.0,48.0,72.0,24.0,30.0,4.5,30.0
2030,sc01,11-08 01:00:00+01:00,0.287,68.938,11.49,45.959,68.938,22.979,28.724,4.309,28.724
2030,sc01,11-08 02:00:00+01:00,0.275,66.104,11.017,44.069,66.104,22.035,27.543,4.131,27.543
2030,sc01,11-08 03:00:00+01:00,0.267,64.133,10.689,42.755,64.133,21.378,26.722,4.008,26.722
2030,sc01,11-08 04:00:00+01:00,0.261,62.6,10.433,41.734,62.6,20.867,26.083,3.913,26.083
2030,sc01,11-08 05:00:00+01:00,0.259,62.263,10.377,41.509,62.263,20.754,25.943,3.891,25.943
2030,sc01,11-08 06:00:00+01:00,0.259,62.151,10.358,41.434,62.151,20.717,25.896,3.884,25.896
2030,sc01,11-08 07:00:00+01:00,0.262,62.822,10.47,41.881,62.822,20.941,26.176,3.926,26.176
2030,sc01,11-08 08:00:00+01:00,0.269,64.66,10.777,43.107,64.66,21.553,26.942,4.041,26.942
2030,sc01,11-08 09:00:00+01:00,0.284,68.123,11.354,45.416,68.123,22.708,28.385,4.258,28.385
2030,sc01,11-08 10:00:00+01:00,0.295,70.722,11.787,47.148,70.722,23.574,29.467,4.42,29.467
2030,sc01,11-08 11:00:00+01:00,0.303,72.64,12.107,48.427,72.64,24.213,30.267,4.54,30.267
2030,sc01,11-08 12:00:00+01:00,0.302,72.439,12.073,48.293,72.439,24.146,30.183,4.527,30.183
2030,sc01,11-08 13:00:00+01:00,0.302,72.397,12.066,48.265,72.397,24.132,30.166,4.525,30.166
2030,sc01,11-08 14:00:00+01:00,0.306,73.555,12.259,49.037,73.555,24.518,30.648,4.597,30.648
2030,sc01,11-08 15:00:00+01:00,0.321,76.922,12.82,51.281,76.922,25.641,32.051,4.808,32.051
2030,sc01,11-08 16:00:00+01:00,0.337,80.946,13.491,53.964,80.946,26.982,33.728,5.059,33.728
2030,sc01,11-08 17:00:00+01:00,0.347,83.166,13.861,55.444,83.166,27.722,34.653,5.198,34.653
2030,sc01,11-08 18:00:00+01:00,0.345,82.829,13.805,55.219,82.829,27.61,34.512,5.177,34.512
2030,sc01,11-08 19:00:00+01:00,0.34,81.632,13.605,54.422,81.632,27.211,34.014,5.102,34.014
2030,sc01,11-08 20:00:00+01:00,0.333,79.989,13.332,53.326,79.989,26.663,33.329,4.999,33.329
2030,sc01,11-08 21:00:00+01:00,0.324,77.865,12.977,51.91,77.865,25.955,32.444,4.867,32.444
2030,sc01,11-08 22:00:00+01:00,0.31,74.285,12.381,49.523,74.285,24.762,30.952,4.643,30.952
2030,sc01,11-08 23:00:00+01:00,0.293,70.3,11.717,46.866,70.3,23.433,29.292,4.394,29.292
2030,sc01,11-09 00:00:00+01:00,0.3,72.0,12.0,48.0,72.0,24.0,30.0,4.5,30.0
2030,sc01,11-09 01:00:00+01:00,0.287,68.938,11.49,45.959,68.938,22.979,28.724,4.309,28.724
2030,sc01,11-09 02:00:00+01:00,0.275,66.104,11.017,44.069,66.104,22.035,27.543,4.131,27.543
2030,sc01,11-09 03:00:00+01:00,0.267,64.133,10.689,42.755,64.133,21.378,26.722,4.008,26.722
2030,sc01,11-09 04:00:00+01:00,0.261,62.6,10.433,41.734,62.6,20.867,26.083,3.913,26.083
2030,sc01,11-09 05:00:00+01:00,0.259,62.263,10.377,41.509,62.263,20.754,25.943,3.891,25.943
2030,sc01,11-09 06:00:00+01:00,0.259,62.151,10.358,41.434,62.151,20.717,25.896,3.884,25.896
2030,sc01,11-09 07:00:00+01:00,0.262,62.822,10.47,41.881,62.822,20.941,26.176,3.926,26.176
2030,sc01,11-09 08:00:00+01:00,0.269,64.66,10.777,43.107,64.66,21.553,26.942,4.041,26.942
2030,sc01,11-09 09:00:00+01:00,0.284,68.123,11.354,45.416,68.123,22.708,28.385,4.258,28.385
2030,sc01,11-09 10:00:00+01:00,0.295,70.722,11.787,47.148,70.722,23.574,29.467,4.42,29.467
2030,sc01,11-09 11:00:00+01:00,0.303,72.64,12.107,48.427,72.64,24.213,30.267,4.54,30.267
2030,sc01,11-09 12:00:00+01:00,0.302,72.439,12.073,48.293,72.439,24.146,30.183,4.527,30.183
2030,sc01,11-09 13:00:00+01:00,0.302,72.397,12.066,48.265,72.397,24.132,30.166,4.525,30.166
2030,sc01,11-09 14:00:00+01:00,0.306,73.555,12.259,49.037,73.555,24.518,30.648,4.597,30.648
2030,sc01,11-09 15:00:00+01:00,0.321,76.922,12.82,51.281,76.922,25.641,32.051,4.808,32.051
2030,sc01,11-09 16:00:00+01:00,0.337,80.946,13.491,53.964,80.946,26.982,33.728,5.059,33.728
2030,sc01,11-09 17:00:00+01:00,0.347,83.166,13.861,55.444,83.166,27.722,34.653,5.198,34.653
2030,sc01,11-09 18:00:00+01:00,0.345,82.829,13.805,55.219,82.829,27.61,34.512,5.177,34.512
2030,sc01,11-09 19:00:00+01:00,0.34,81.632,13.605,54.422,81.632,27.211,34.014,5.102,34.014
2030,sc01,11-09 20:00:00+01:00,0.333,79.989,13.332,53.326,79.989,26.663,33.329,4.999,33.329
2030,sc01,11-09 21:00:00+01:00,0.324,77.865,12.977,51.91,77.865,25.955,32.444,4.867,32.444
2030,sc01,11-09 22:00:00+01:00,0.31,74.285,12.381,49.523,74.285,24.762,30.952,4.643,30.952
2030,sc01,11-09 23:00:00+01:00,0.293,70.3,11.717,46.866,70.3,23.433,29.292,4.394,29.292
2030,sc01,11-10 00:00:00+01:00,0.3,72.0,12.0,48.0,72.0,24.0,30.0,4.5,30.0
2030,sc01,11-10 01:00:00+01:00,0.287,68.938,11.49,45.959,68.938,22.979,28.724,4.309,28.724
2030,sc01,11-10 02:00:00+01:00,0.275,66.104,11.017,44.069,66.104,22.035,27.543,4.131,27.543
2030,sc01,11-10 03:00:00+01:00,0.267,64.133,10.689,42.755,64.133,21.378,26.722,4.008,26.722
2030,sc01,11-10 04:00:00+01:00,0.261,62.6,10.433,41.734,62.6,20.867,26.083,3.913,26.083
2030,sc01,11-10 05:00:00+01:00,0.259,62.263,10.377,41.509,62.263,20.754,25.943,3.891,25.943
2030,sc01,11-10 06:00:00+01:00,0.259,62.151,10.358,41.434,62.151,20.717,25.896,3.884,25.896
2030,sc01,11-10 07:00:00+01:00,0.262,62.822,10.47,41.881,62.822,20.941,26.176,3.926,26.176
2030,sc01,11-10 08:00:00+01:00,0.269,64.66,10.777,43.107,64.66,21.553,26.942,4.041,26.942
2030,sc01,11-10 09:00:00+01:00,0.284,68.123,11.354,45.416,68.123,22.708,28.385,4.258,28.385
2030,sc01,11-10 10:00:00+01:00,0.295,70.722,11.787,47.148,70.722,23.574,29.467,4.42,29.467
2030,sc01,11-10 11:00:00+01:00,0.303,72.64,12.107,48.427,72.64,24.213,30.267,4.54,30.267
2030,sc01,11-10 12:00:00+01:00,0.302,72.439,12.073,48.293,72.439,24.146,30.183,4.527,30.183
2030,sc01,11-10 13:00:00+01:00,0.302,72.397,12.066,48.265,72.397,24.132,30.166,4.525,30.166
2030,sc01,11-10 14:00:00+01:00,0.306,73.555,12.259,49.037,73.555,24.518,30.648,4.597,30.648
2030,sc01,11-10 15:00:00+01:00,0.321,76.922,12.82,51.281,76.922,25.641,32.051,4.808,32.051
2030,sc01,11-10 16:00:00+01:00,0.337,80.946,13.491,53.964,80.946,26.982,33.728,5.059,33.728
2030,sc01,11-10 17:00:00+01:00,0.347,83.166,13.861,55.444,83.166,27.722,34.653,5.198,34.653
2030,sc01,11-10 18:00:00+01:00,0.345,82.829,13.805,55.219,82.829,27.61,34.512,5.177,34.512
2030,sc01,11-10 19:00:00+01:00,0.34,81.632,13.605,54.422,81.632,27.211,34.014,5.102,34.014
2030,sc01,11-10 20:00:00+01:00,0.333,79.989,13.332,53.326,79.989,26.663,33.329,4.999,33.329
2030,sc01,11-10 21:00:00+01:00,0.324,77.865,12.977,51.91,77.865,25.955,32.444,4.867,32.444
2030,sc01,11-10 22:00:00+01:00,0.31,74.285,12.381,49.523,74.285,24.762,30.952,4.643,30.952
2030,sc01,11-10 23:00:00+01:00,0.293,70.3,11.717,46.866,70.3,23.433,29.292,4.394,29.292
2030,sc01,11-11 00:00:00+01:00,0.3,72.0,12.0,48.0,72.0,24.0,30.0,4.5,30.0
2030,sc01,11-11 01:00:00+01:00,0.287,68.938,11.49,45.959,68.938,22.979,28.724,4.309,28.724
2030,sc01,11-11 02:00:00+01:00,0.275,66.104,11.017,44.069,66.104,22.035,27.543,4.131,27.543
2030,sc01,11-11 03:00:00+01:00,0.267,64.133,10.689,42.755,64.133,21.378,26.722,4.008,26.722
2030,sc01,11-11 04:00:00+01:00,0.261,62.6,10.433,41.734,62.6,20.867,26.083,3.913,26.083
2030,sc01,11-11 05:00:00+01:00,0.259,62.263,10.377,41.509,62.263,20.754,25.943,3.891,25.943
2030,sc01,11-11 06:00:00+01:00,0.259,62.151,10.358,41.434,62.151,20.717,25.896,3.884,25.896
2030,sc01,11-11 07:00:00+01:00,0.262,62.822,10.47,41.881,62.822,20.941,26.176,3.926,26.176
2030,sc01,11-11 08:00:00+01:00,0.269,64.66,10.777,43.107,64.66,21.553,26.942,4.041,26.942
2030,sc01,11-11 09:00:00+01:00,0.284,68.123,11.354,45.416,68.123,22.708,28.385,4.258,28.385
2030,sc01,11-11 10:00:00+01:00,0.295,70.722,11.787,47.148,70.722,23.574,29.467,4.42,29.467
2030,sc01,11-11 11:00:00+01:00,0.303,72.64,12.107,48.427,72.64,24.213,30.267,4.54,30.267
2030,sc01,11-11 12:00:00+01:00,0.302,72.439,12.073,48.293,72.439,24.146,30.183,4.527,30.183
2030,sc01,11-11 13:00:00+01:00,0.302,72.397,12.066,48.265,72.397,24.132,30.166,4.525,30.166
2030,sc01,11-11 14:00:00+01:00,0.306,73.555,12.259,49.037,73.555,24.518,30.648,4.597,30.648
2030,sc01,11-11 15:00:00+01:00,0.321,76.922,12.82,51.281,76.922,25.641,32.051,4.808,32.051
2030,sc01,11-11 16:00:00+01:00,0.337,80.946,13.491,53.964,80.946,26.982,33.728,5.059,33.728
2030,sc01,11-11 17:00:00+01:00,0.347,83.166,13.861,55.444,83.166,27.722,34.653,5.198,34.653
2030,sc01,11-11 18:00:00+01:00,0.345,82.829,13.805,55.219,82.829,27.61,34.512,5.177,34.512
2030,sc01,11-11 19:00:00+01:00,0.34,81.632,13.605,54.422,81.632,27.211,34.014,5.102,34.014
2030,sc01,11-11 20:00:00+01:00,0.333,79.989,13.332,53.326,79.989,26.663,33.329,4.999,33.329
2030,sc01,11-11 21:00:00+01:00,0.324,77.865,12.977,51.91,77.865,25.955,32.444,4.867,32.444
2030,sc01,11-11 22:00:00+01:00,0.31,74.285,12.381,49.523,74.285,24.762,30.952,4.643,30.952
2030,sc01,11-11 23:00:00+01:00,0.293,70.3,11.717,46.866,70.3,23.433,29.292,4.394,29.292
2030,sc01,11-12 00:00:00+01:00,0.3,72.0,12.0,48.0,72.0,24.0,30.0,4.5,30.0
2030,sc01,11-12 01:00:00+01:00,0.287,68.938,11.49,45.959,68.938,22.979,28.724,4.309,28.724
2030,sc01,11-12 02:00:00+01:00,0.275,66.104,11.017,44.069,66.104,22.035,27.543,4.131,27.543
2030,sc01,11-12 03:00:00+01:00,0.267,64.133,10.689,42.755,64.133,21.378,26.722,4.008,26.722
2030,sc01,11-12 04:00:00+01:00,0.261,62.6,10.433,41.734,62.6,20.867,26.083,3.913,26.083
2030,sc01,11-12 05:00:00+01:00,0.259,62.263,10.377,41.509,62.263,20.754,25.943,3.891,25.943
2030,sc01,11-12 06:00:00+01:00,0.259,62.151,10.358,41.434,62.151,20.717,25.896,3.884,25.896
2030,sc01,11-12 07:00:00+01:00,0.262,62.822,10.47,41.881,62.822,20.941,26.176,3.926,26.176
2030,sc01,11-12 08:00:00+01:00,0.269,64.66,10.777,43.107,64.66,21.553,26.942,4.041,26.942
2030,sc01,11-12 09:00:00+01:00,0.284,68.123,11.354,45.416,68.123,22.708,28.385,4.258,28.385
2030,sc01,11-12 10:00:00+01:00,0.295,70.722,11.787,47.148,70.722,23.574,29.467,4.42,29.467
2030,sc01,11-12 11:00:00+01:00,0.303,72.64,12.107,48.427,72.64,24.213,30.267,4.54,30.267
2030,sc01,11-12 12:00:00+01:00,0.302,72.439,12.073,48.293,72.439,24.146,30.183,4.527,30.183
2030,sc01,11-12 13:00:00+01:00,0.302,72.397,12.066,48.265,72.397,24.132,30.166,4.525,30.166
2030,sc01,11-12 14:00:00+01:00,0.306,73.555,12.259,49.037,73.555,24.518,30.648,4.597,30.648
2030,sc01,11-12 15:00:00+01:00,0.321,76.922,12.82,51.281,76.922,25.641,32.051,4.808,32.051
2030,sc01,11-12 16:00:00+01:00,0.337,80.946,13.491,53.964,80.946,26.982,33.728,5.059,33.728
2030,sc01,11-12 17:00:00+01:00,0.347,83.166,13.861,55.444,83.166,27.722,34.653,5.198,34.653
2030,sc01,11-12 18:00:00+01:00,0.345,82.829,13.805,55.219,82.829,27.61,34.512,5.177,34.512
2030,sc01,11-12 19:00:00+01:00,0.34,81.632,13.605,54.422,81.632,27.211,34.014,5.102,34.014
2030,sc01,11-12 20:00:00+01:00,0.333,79.989,13.332,53.326,79.989,26.663,33.329,4.999,33.329
2030,sc01,11-12 21:00:00+01:00,0.324,77.865,12.977,51.91,77.865,25.955,32.444,4.867,32.444
2030,sc01,11-12 22:00:00+01:00,0.31,74.285,12.381,49.523,74.285,24.762,30.952,4.643,30.952
2030,sc01,11-12 23:00:00+01:00,0.293,70.3,11.717,46.866,70.3,23.433,29.292,4.394,29.292
2030,sc01,11-13 00:00:00+01:00,0.3,72.0,12.0,48.0,72.0,24.0,30.0,4.5,30.0
2030,sc01,11-13 01:00:00+01:00,0.287,68.938,11.49,45.959,68.938,22.979,28.724,4.309,28.724
2030,sc01,11-13 02:00:00+01:00,0.275,66.104,11.017,44.069,66.104,22.035,27.543,4.131,27.543
2030,sc01,11-13 03:00:00+01:00,0.267,64.133,10.689,42.755,64.133,21.378,26.722,4.008,26.722
2030,sc01,11-13 04:00:00+01:00,0.261,62.6,10.433,41.734,62.6,20.867,26.083,3.913,26.083
2030,sc01,11-13 05:00:00+01:00,0.259,62.263,10.377,41.509,62.263,20.754,25.943,3.891,25.943
2030,sc01,11-13 06:00:00+01:00,0.259,62.151,10.358,41.434,62.151,20.717,25.896,3.884,25.896
2030,sc01,11-13 07:00:00+01:00,0.262,62.822,10.47,41.881,62.822,20.941,26.176,3.926,26.176
2030,sc01,11-13 08:00:00+01:00,0.269,64.66,10.777,43.107,64.66,21.553,26.942,4.041,26.942
2030,sc01,11-13 09:00:00+01:00,0.284,68.123,11.354,45.416,68.123,22.708,28.385,4.258,28.385
2030,sc01,11-13 10:00:00+01:00,0.295,70.722,11.787,47.148,70.722,23.574,29.467,4.42,29.467
2030,sc01,11-13 11:00:00+01:00,0.303,72.64,12.107,48.427,72.64,24.213,30.267,4.54,30.267
2030,sc01,11-13 12:00:00+01:00,0.302,72.439,12.073,48.293,72.439,24.146,30.183,4.527,30.183
2030,sc01,11-13 13:00:00+01:00,0.302,72.397,12.066,48.265,72.397,24.132,30.166,4.525,30.166
2030,sc01,11-13 14:00:00+01:00,0.306,73.555,12.259,49.037,73.555,24.518,30.648,4.597,30.648
2030,sc01,11-13 15:00:00+01:00,0.321,76.922,12.82,51.281,76.922,25.641,32.051,4.808,32.051
2030,sc01,11-13 16:00:00+01:00,0.337,80.946,13.491,53.964,80.946,26.982,33.728,5.059,33.728
2030,sc01,11-13 17:00:00+01:00,0.347,83.166,13.861,55.444,83.166,27.722,34.653,5.198,34.653
2030,sc01,11-13 18:00:00+01:00,0.345,82.829,13.805,55.219,82.829,27.61,34.512,5.177,34.512
2030,sc01,11-13 19:00:00+01:00,0.34,81.632,13.605,54.422,81.632,27.211,34.014,5.102,34.014
2030,sc01,11-13 20:00:00+01:00,0.333,79.989,13.332,53.326,79.989,26.663,33.329,4.999,33.329
2030,sc01,11-13 21:00:00+01:00,0.324,77.865,12.977,51.91,77.865,25.955,32.444,4.867,32.444
2030,sc01,11-13 22:00:00+01:00,0.31,74.285,12.381,49.523,74.285,24.762,30.952,4.643,30.952
2030,sc01,11-13 23:00:00+01:00,0.293,70.3,11.717,46.866,70.3,23.433,29.292,4.394,29.292
2030,sc01,11-14 00:00:00+01:00,0.3,72.0,12.0,48.0,72.0,24.0,30.0,4.5,30.0
2030,sc01,11-14 01:00:00+01:00,0.287,68.938,11.49,45.959,68.938,22.979,28.724,4.309,28.724
2030,sc01,11-14 02:00:00+01:00,0.275,66.104,11.017,44.069,66.104,22.035,27.543,4.131,27.543
2030,sc01,11-14 03:00:00+01:00,0.267,64.133,10.689,42.755,64.133,21.378,26.722,4.008,26.722
2030,sc01,11-14 04:00:00+01:00,0.261,62.6,10.433,41.734,62.6,20.867,26.083,3.913,26.083
2030,sc01,11-14 05:00:00+01:00,0.259,62.263,10.377,41.509,62.263,20.754,25.943,3.891,25.943
2030,sc01,11-14 06:00:00+01:00,0.259,62.151,10.358,41.434,62.151,20.717,25.896,3.884,25.896
2030,sc01,11-14 07:00:00+01:00,0.262,62.822,10.47,41.881,62.822,20.941,26.176,3.926,26.176
2030,sc01,11-14 08:00:00+01:00,0.269,64.66,10.777,43.107,64.66,21.553,26.942,4.041,26.942
2030,sc01,11-14 09:00:00+01:00,0.284,68.123,11.354,45.416,68.123,22.708,28.385,4.258,28.385
2030,sc01,11-14 10:00:00+01:00,0.295,70.722,11.787,47.148,70.722,23.574,29.467,4.42,29.467
2030,sc01,11-14 11:00:00+01:00,0.303,72.64,12.107,48.427,72.64,24.213,30.267,4.54,30.267
2030,sc01,11-14 12:00:00+01:00,0.302,72.439,12.073,48.293,72.439,24.146,30.183,4.527,30.183
2030,sc01,11-14 13:00:00+01:00,0.302,72.397,12.066,48.265,72.397,24.132,30.166,4.525,30.166
2030,sc01,11-14 14:00:00+01:00,0.306,73.555,12.259,49.037,73.555,24.518,30.648,4.597,30.648
2030,sc01,11-14 15:00:00+01:00,0.321,76.922,12.82,51.281,76.922,25.641,32.051,4.808,32.051
2030,sc01,11-14 16:00:00+01:00,0.337,80.946,13.491,53.964,80.946,26.982,33.728,5.059,33.728
2030,sc01,11-14 17:00:00+01:00,0.347,83.166,13.861,55.444,83.166,27.722,34.653,5.198,34.653
2030,sc01,11-14 18:00:00+01:00,0.345,82.829,13.805,55.219,82.829,27.61,34.512,5.177,34.512
2030,sc01,11-14 19:00:00+01:00,0.34,81.632,13.605,54.422,81.632,27.211,34.014,5.102,34.014
2030,sc01,11-14 20:00:00+01:00,0.333,79.989,13.332,53.326,79.989,26.663,33.329,4.999,33.329
2030,sc01,11-14 21:00:00+01:00,0.324,77.865,12.977,51.91,77.865,25.955,32.444,4.867,32.444
2030,sc01,11-14 22:00:00+01:00,0.31,74.285,12.381,49.523,74.285,24.762,30.952,4.643,30.952
2030,sc01,11-14 23:00:00+01:00,0.293,70.3,11.717,46.866,70.3,23.433,29.292,4.394,29.292
2030,sc01,11-15 00:00:00+01:00,0.3,72.0,12.0,48.0,72.0,24.0,30.0,4.5,30.0
2030,sc01,11-15 01:00:00+01:00,0.287,68.938,11.49,45.959,68.938,22.979,28.724,4.309,28.724
2030,sc01,11-15 02:00:00+01:00,0.275,66.104,11.017,44.069,66.104,22.035,27.543,4.131,27.543
2030,sc01,11-15 03:00:00+01:00,0.267,64.133,10.689,42.755,64.133,21.378,26.722,4.008,26.722
2030,sc01,11-15 04:00:00+01:00,0.261,62.6,10.433,41.734,62.6,20.867,26.083,3.913,26.083
2030,sc01,11-15 05:00:00+01:00,0.259,62.263,10.377,41.509,62.263,20.754,25.943,3.891,25.943
2030,sc01,11-15 06:00:00+01:00,0.259,62.151,10.358,41.434,62.151,20.717,25.896,3.884,25.896
2030,sc01,11-15 07:00:00+01:00,0.262,62.822,10.47,41.881,62.822,20.941,26.176,3.926,26.176
2030,sc01,11-15 08:00:00+01:00,0.269,64.66,10.777,43.107,64.66,21.553,26.942,4.041,26.942
2030,sc01,11-15 09:00:00+01:00,0.284,68.123,11.354,45.416,68.123,22.708,28.385,4.258,28.385
2030,sc01,11-15 10:00:00+01:00,0.295,70.722,11.787,47.148,70.722,23.574,29.467,4.42,29.467
2030,sc01,11-15 11:00:00+01:00,0.303,72.64,12.107,48.427,72.64,24.213,30.267,4.54,30.267
2030,sc01,11-15 12:00:00+01:00,0.302,72.439,12.073,48.293,72.439,24.146,30.183,4.527,30.183
2030,sc01,11-15 13:00:00+01:00,0.302,72.397,12.066,48.265,72.397,24.132,30.166,4.525,30.166
2030,sc01,11-15 14:00:00+01:00,0.306,73.555,12.259,49.037,73.555,24.518,30.648,4.597,30.648
2030,sc01,11-15 15:00:00+01:00,0.321,76.922,12.82,51.281,76.922,25.641,32.051,4.808,32.051
2030,sc01,11-15 16:00:00+01:00,0.337,80.946,13.491,53.964,80.946,26.982,33.728,5.059,33.728
2030,sc01,11-15 17:00:00+01:00,0.347,83.166,13.861,55.444,83.166,27.722,34.653,5.198,34.653
2030,sc01,11-15 18:00:00+01:00,0.345,82.829,13.805,55.219,82.829,27.61,34.512,5.177,34.512
2030,sc01,11-15 19:00:00+01:00,0.34,81.632,13.605,54.422,81.632,27.211,34.014,5.102,34.014
2030,sc01,11-15 20:00:00+01:00,0.333,79.989,13.332,53.326,79.989,26.663,33.329,4.999,33.329
2030,sc01,11-15 21:00:00+01:00,0.324,77.865,12.977,51.91,77.865,25.955,32.444,4.867,32.444
2030,sc01,11-15 22:00:00+01:00,0.31,74.285,12.381,49.523,74.285,24.762,30.952,4.643,30.952
2030,sc01,11-15 23:00:00+01:00,0.293,70.3,11.717,46.866,70.3,23.433,29.292,4.394,29.292
2030,sc01,11-16 00:00:00+01:00,0.3,72.0,12.0,48.0,72.0,24.0,30.0,4.5,30.0
2030,sc01,11-16 01:00:00+01:00,0.287,68.938,11.49,45.959,68.938,22.979,28.724,4.309,28.724
2030,sc01,11-16 02:00:00+01:00,0.275,66.104,11.017,44.069,66.104,22.035,27.543,4.131,27.543
2030,sc01,11-16 03:00:00+01:00,0.267,64.133,10.689,42.755,64.133,21.378,26.722,4.008,26.722
2030,sc01,11-16 04:00:00+01:00,0.261,62.6,10.433,41.734,62.6,20.867,26.083,3.913,26.083
2030,sc01,11-16 05:00:00+01:00,0.259,62.263,10.377,41.509,62.263,20.754,25.943,3.891,25.943
2030,sc01,11-16 06:00:00+01:00,0.259,62.151,10.358,41.434,62.151,20.717,25.896,3.884,25.896
2030,sc01,11-16 07:00:00+01:00,0.262,62.822,10.47,41.881,62.822,20.941,26.176,3.926,26.176
2030,sc01,11-16 08:00:00+01:00,0.269,64.66,10.777,43.107,64.66,21.553,26.942,4.041,26.942
2030,sc01,11-16 09:00:00+01:00,0.284,68.123,11.354,45.416,68.123,22.708,28.385,4.258,28.385
2030,sc01,11-16 10:00:00+01:00,0.295,70.722,11.787,47.148,70.722,23.574,29.467,4.42,29.467
2030,sc01,11-16 11:00:00+01:00,0.303,72.64,12.107,48.427,72.64,24.213,30.267,4.54,30.267
2030,sc01,11-16 12:00:00+01:00,0.302,72.439,12.073,48.293,72.439,24.146,30.183,4.527,30.183
2030,sc01,11-16 13:00:00+01:00,0.302,72.397,12.066,48.265,72.397,24.132,30.166,4.525,30.166
2030,sc01,11-16 14:00:00+01:00,0.306,73.555,12.259,49.037,73.555,24.518,30.648,4.597,30.648
2030,sc01,11-16 15:00:00+01:00,0.321,76.922,12.82,51.281,76.922,25.641,32.051,4.808,32.051
2030,sc01,11-16 16:00:00+01:00,0.337,80.946,13.491,53.964,80.946,26.982,33.728,5.059,33.728
2030,sc01,11-16 17:00:00+01:00,0.347,83.166,13.861,55.444,83.166,27.722,34.653,5.198,34.653
2030,sc01,11-16 18:00:00+01:00,0.345,82.829,13.805,55.219,82.829,27.61,34.512,5.177,34.512
2030,sc01,11-16 19:00:00+01:00,0.34,81.632,13.605,54.422,81.632,27.211,34.014,5.102,34.014
2030,sc01,11-16 20:00:00+01:00,0.333,79.989,13.332,53.326,79.989,26.663,33.329,4.999,33.329
2030,sc01,11-16 21:00:00+01:00,0.324,77.865,12.977,51.91,77.865,25.955,32.444,4.867,32.444
2030,sc01,11-16 22:00:00+01:00,0.31,74.285,12.381,49.523,74.285,24.762,30.952,4.643,30.952
2030,sc01,11-16 23:00:00+01:00,0.293,70.3,11.717,46.866,70.3,23.433,29.292,4.394,29.292
2030,sc01,11-17 00:00:00+01:00,0.3,72.0,12.0,48.0,72.0,24.0,30.0,4.5,30.0
2030,sc01,11-17 01:00:00+01:00,0.287,68.938,11.49,45.959,68.938,22.979,28.724,4.309,28.724
2030,sc01,11-17 02:00:00+01:00,0.275,66.104,11.017,44.069,66.104,22.035,27.543,4.131,27.543
2030,sc01,11-17 03:00:00+01:00,0.267,64.133,10.689,42.755,64.133,21.378,26.722,4.008,26.722
2030,sc01,11-17 04:00:00+01:00,0.261,62.6,10.433,41.734,62.6,20.867,26.083,3.913,26.083
2030,sc01,11-17 05:00:00+01:00,0.259,62.263,10.377,41.509,62.263,20.754,25.943,3.891,25.943
2030,sc01,11-17 06:00:00+01:00,0.259,62.151,10.358,41.434,62.151,20.717,25.896,3.884,25.896
2030,sc01,11-17 07:00:00+01:00,0.262,62.822,10.47,41.881,62.822,20.941,26.176,3.926,26.176
2030,sc01,11-17 08:00:00+01:00,0.269,64.66,10.777,43.107,64.66,21.553,26.942,4.041,26.942
2030,sc01,11-17 09:00:00+01:00,0.284,68.123,11.354,45.416,68.123,22.708,28.385,4.258,28.385
2030,sc01,11-17 10:00:00+01:00,0.295,70.722,11.787,47.148,70.722,23.574,29.467,4.42,29.467
2030,sc01,11-17 11:00:00+01:00,0.303,72.64,12.107,48.427,72.64,24.213,30.267,4.54,30.267
2030,sc01,11-17 12:00:00+01:00,0.302,72.439,12.073,48.293,72.439,24.146,30.183,4.527,30.183
2030,sc01,11-17 13:00:00+01:00,0.302,72.397,12.066,48.265,72.397,24.132,30.166,4.525,30.166
2030,sc01,11-17 14:00:00+01:00,0.306,73.555,12.259,49.037,73.555,24.518,30.648,4.597,30.648
2030,sc01,11-17 15:00:00+01:00,0.321,76.922,12.82,51.281,76.922,25.641,32.051,4.808,32.051
2030,sc01,11-17 16:00:00+01:00,0.337,80.946,13.491,53.964,80.946,26.982,33.728,5.059,33.728
2030,sc01,11-17 17:00:00+01:00,0.347,83.166,13.861,55.444,83.166,27.722,34.653,5.198,34.653
2030,sc01,11-17 18:00:00+01:00,0.345,82.829,13.805,55.219,82.829,27.61,34.512,5.177,34.512
2030,sc01,11-17 19:00:00+01:00,0.34,81.632,13.605,54.422,81.632,27.211,34.014,5.102,34.014
2030,sc01,11-17 20:00:00+01:00,0.333,79.989,13.332,53.326,79.989,26.663,33.329,4.999,33.329
2030,sc01,11-17 21:00:00+01:00,0.324,77.865,12.977,51.91,77.865,25.955,32.444,4.867,32.444
2030,sc01,11-17 22:00:00+01:00,0.31,74.285,12.381,49.523,74.285,24.762,30.952,4.643,30.952
2030,sc01,11-17 23:00:00+01:00,0.293,70.3,11.717,46.866,70.3,23.433,29.292,4.394,29.292
2030,sc01,11-18 00:00:00+01:00,0.3,72.0,12.0,48.0,72.0,24.0,30.0,4.5,30.0
2030,sc01,11-18 01:00:00+01:00,0.287,68.938,11.49,45.959,68.938,22.979,28.724,4.309,28.724
2030,sc01,11-18 02:00:00+01:00,0.275,66.104,11.017,44.069,66.104,22.035,27.543,4.131,27.543
2030,sc01,11-18 03:00:00+01:00,0.267,64.133,10.689,42.755,64.133,21.378,26.722,4.008,26.722
2030,sc01,11-18 04:00:00+01:00,0.261,62.6,10.433,41.734,62.6,20.867,26.083,3.913,26.083
2030,sc01,11-18 05:00:00+01:00,0.259,62.263,10.377,41.509,62.263,20.754,25.943,3.891,25.943
2030,sc01,11-18 06:00:00+01:00,0.259,62.151,10.358,41.434,62.151,20.717,25.896,3.884,25.896
2030,sc01,11-18 07:00:00+01:00,0.262,62.822,10.47,41.881,62.822,20.941,26.176,3.926,26.176
2030,sc01,11-18 08:00:00+01:00,0.269,64.66,10.777,43.107,64.66,21.553,26.942,4.041,26.942
2030,sc01,11-18 09:00:00+01:00,0.284,68.123,11.354,45.416,68.123,22.708,28.385,4.258,28.385
2030,sc01,11-18 10:00:00+01:00,0.295,70.722,11.787,47.148,70.722,23.574,29.467,4.42,29.467
2030,sc01,11-18 11:00:00+01:00,0.303,72.64,12.107,48.427,72.64,24.213,30.267,4.54,30.267
2030,sc01,11-18 12:00:00+01:00,0.302,72.439,12.073,48.293,72.439,24.146,30.183,4.527,30.183
2030,sc01,11-18 13:00:00+01:00,0.302,72.397,12.066,48.265,72.397,24.132,30.166,4.525,30.166
2030,sc01,11-18 14:00:00+01:00,0.306,73.555,12.259,49.037,73.555,24.518,30.648,4.597,30.648
2030,sc01,11-18 15:00:00+01:00,0.321,76.922,12.82,51.281,76.922,25.641,32.051,4.808,32.051
2030,sc01,11-18 16:00:00+01:00,0.337,80.946,13.491,53.964,80.946,26.982,33.728,5.059,33.728
2030,sc01,11-18 17:00:00+01:00,0.347,83.166,13.861,55.444,83.166,27.722,34.653,5.198,34.653
2030,sc01,11-18 18:00:00+01:00,0.345,82.829,13.805,55.219,82.829,27.61,34.512,5.177,34.512
2030,sc01,11-18 19:00:00+01:00,0.34,81.632,13.605,54.422,81.632,27.211,34.014,5.102,34.014
2030,sc01,11-18 20:00:00+01:00,0.333,79.989,13.332,53.326,79.989,26.663,33.329,4.999,33.329
2030,sc01,11-18 21:00:00+01:00,0.324,77.865,12.977,51.91,77.865,25.955,32.444,4.867,32.444
2030,sc01,11-18 22:00:00+01:00,0.31,74.285,12.381,49.523,74.285,24.762,30.952,4.643,30.952
2030,sc01,11-18 23:00:00+01:00,0.293,70.3,11.717,46.866,70.3,23.433,29.292,4.394,29.292
2030,sc01,11-19 00:00:00+01:00,0.3,72.0,12.0,48.0,72.0,24.0,30.0,4.5,30.0
2030,sc01,11-19 01:00:00+01:00,0.287,68.938,11.49,45.959,68.938,22.979,28.724,4.309,28.724
2030,sc01,11-19 02:00:00+01:00,0.275,66.104,11.017,44.069,66.104,22.035,27.543,4.131,27.543
2030,sc01,11-19 03:00:00+01:00,0.267,64.133,10.689,42.755,64.133,21.378,26.722,4.008,26.722
2030,sc01,11-19 04:00:00+01:00,0.261,62.6,10.433,41.734,62.6,20.867,26.083,3.913,26.083
2030,sc01,11-19 05:00:00+01:00,0.259,62.263,10.377,41.509,62.263,20.754,25.943,3.891,25.943
2030,sc01,11-19 06:00:00+01:00,0.259,62.151,10.358,41.434,62.151,20.717,25.896,3.884,25.896
2030,sc01,11-19 07:00:00+01:00,0.262,62.822,10.47,41.881,62.822,20.941,26.176,3.926,26.176
2030,sc01,11-19 08:00:00+01:00,0.269,64.66,10.777,43.107,64.66,21.553,26.942,4.041,26.942
2030,sc01,11-19 09:00:00+01:00,0.284,68.123,11.354,45.416,68.123,22.708,28.385,4.258,28.385
2030,sc01,11-19 10:00:00+01:00,0.295,70.722,11.787,47.148,70.722,23.574,29.467,4.42,29.467
2030,sc01,11-19 11:00:00+01:00,0.303,72.64,12.107,48.427,72.64,24.213,30.267,4.54,30.267
2030,sc01,11-19 12:00:00+01:00,0.302,72.439,12.073,48.293,72.439,24.146,30.183,4.527,30.183
2030,sc01,11-19 13:00:00+01:00,0.302,72.397,12.066,48.265,72.397,24.132,30.166,4.525,30.166
2030,sc01,11-19 14:00:00+01:00,0.306,73.555,12.259,49.037,73.555,24.518,30.648,4.597,30.648
2030,sc01,11-19 15:00:00+01:00,0.321,76.922,12.82,51.281,76.922,25.641,32.051,4.808,32.051
2030,sc01,11-19 16:00:00+01:00,0.337,80.946,13.491,53.964,80.946,26.982,33.728,5.059,33.728
2030,sc01,11-19 17:00:00+01:00,0.347,83.166,13.861,55.444,83.166,27.722,34.653,5.198,34.653
2030,sc01,11-19 18:00:00+01:00,0.345,82.829,13.805,55.219,82.829,27.61,34.512,5.177,34.512
2030,sc01,11-19 19:00:00+01:00,0.34,81.632,13.605,54.422,81.632,27.211,34.014,5.102,34.014
2030,sc01,11-19 20:00:00+01:00,0.333,79.989,13.332,53.326,79.989,26.663,33.329,4.999,33.329
2030,sc01,11-19 21:00:00+01:00,0.324,77.865,12.977,51.91,77.865,25.955,32.444,4.867,32.444
2030,sc01,11-19 22:00:00+01:00,0.31,74.285,12.381,49.523,74.285,24.762,30.952,4.643,30.952
2030,sc01,11-19 23:00:00+01:00,0.293,70.3,11.717,46.866,70.3,23.433,29.292,4.394,29.292
2030,sc01,11-20 00:00:00+01:00,0.3,72.0,12.0,48.0,72.0,24.0,30.0,4.5,30.0
2030,sc01,11-20 01:00:00+01:00,0.287,68.938,11.49,45.959,68.938,22.979,28.724,4.309,28.724
2030,sc01,11-20 02:00:00+01:00,0.275,66.104,11.017,44.069,66.104,22.035,27.543,4.131,27.543
2030,sc01,11-20 03:00:00+01:00,0.267,64.133,10.689,42.755,64.133,21.378,26.722,4.008,26.722
2030,sc01,11-20 04:00:00+01:00,0.261,62.6,10.433,41.734,62.6,20.867,26.083,3.913,26.083
2030,sc01,11-20 05:00:00+01:00,0.259,62.263,10.377,41.509,62.263,20.754,25.943,3.891,25.943
2030,sc01,11-20 06:00:00+01:00,0.259,62.151,10.358,41.434,62.151,20.717,25.896,3.884,25.896
2030,sc01,11-20 07:00:00+01:00,0.262,62.822,10.47,41.881,62.822,20.941,26.176,3.926,26.176
2030,sc01,11-20 08:00:00+01:00,0.269,64.66,10.777,43.107,64.66,21.553,26.942,4.041,26.942
2030,sc01,11-20 09:00:00+01:00,0.284,68.123,11.354,45.416,68.123,22.708,28.385,4.258,28.385
2030,sc01,11-20 10:00:00+01:00,0.295,70.722,11.787,47.148,70.722,23.574,29.467,4.42,29.467
2030,sc01,11-20 11:00:00+01:00,0.303,72.64,12.107,48.427,72.64,24.213,30.267,4.54,30.267
2030,sc01,11-20 12:00:00+01:00,0.302,72.439,12.073,48.293,72.439,24.146,30.183,4.527,30.183
2030,sc01,11-20 13:00:00+01:00,0.302,72.397,12.066,48.265,72.397,24.132,30.166,4.525,30.166
2030,sc01,11-20 14:00:00+01:00,0.306,73.555,12.259,49.037,73.555,24.518,30.648,4.597,30.648
2030,sc01,11-20 15:00:00+01:00,0.321,76.922,12.82,51.281,76.922,25.641,32.051,4.808,32.051
2030,sc01,11-20 16:00:00+01:00,0.337,80.946,13.491,53.964,80.946,26.982,33.728,5.059,33.728
2030,sc01,11-20 17:00:00+01:00,0.347,83.166,13.861,55.444,83.166,27.722,34.653,5.198,34.653
2030,sc01,11-20 18:00:00+01:00,0.345,82.829,13.805,55.219,82.829,27.61,34.512,5.177,34.512
2030,sc01,11-20 19:00:00+01:00,0.34,81.632,13.605,54.422,81.632,27.211,34.014,5.102,34.014
2030,sc01,11-20 20:00:00+01:00,0.333,79.989,13.332,53.326,79.989,26.663,33.329,4.999,33.329
2030,sc01,11-20 21:00:00+01:00,0.324,77.865,12.977,51.91,77.865,25.955,32.444,4.867,32.444
2030,sc01,11-20 22:00:00+01:00,0.31,74.285,12.381,49.523,74.285,24.762,30.952,4.643,30.952
2030,sc01,11-20 23:00:00+01:00,0.293,70.3,11.717,46.866,70.3,23.433,29.292,4.394,29.292
2030,sc01,11-21 00:00:00+01:00,0.3,72.0,12.0,48.0,72.0,24.0,30.0,4.5,30.0
2030,sc01,11-21 01:00:00+01:00,0.287,68.938,11.49,45.959,68.938,22.979,28.724,4.309,28.724
2030,sc01,11-21 02:00:00+01:00,0.275,66.104,11.017,44.069,66.104,22.035,27.543,4.131,27.543
2030,sc01,11-21 03:00:00+01:00,0.267,64.133,10.689,42.755,64.133,21.378,26.722,4.008,26.722
2030,sc01,11-21 04:00:00+01:00,0.261,62.6,10.433,41.734,62.6,20.867,26.083,3.913,26.083
2030,sc01,11-21 05:00:00+01:00,0.259,62.263,10.377,41.509,62.263,20.754,25.943,3.891,25.943
2030,sc01,11-21 06:00:00+01:00,0.259,62.151,10.358,41.434,62.151,20.717,25.896,3.884,25.896
2030,sc01,11-21 07:00:00+01:00,0.262,62.822,10.47,41.881,62.822,20.941,26.176,3.926,26.176
2030,sc01,11-21 08:00:00+01:00,0.269,64.66,10.777,43.107,64.66,21.553,26.942,4.041,26.942
2030,sc01,11-21 09:00:00+01:00,0.284,68.123,11.354,45.416,68.123,22.708,28.385,4.258,28.385
2030,sc01,11-21 10:00:00+01:00,0.295,70.722,11.787,47.148,70.722,23.574,29.467,4.42,29.467
2030,sc01,11-21 11:00:00+01:00,0.303,72.64,12.107,48.427,72.64,24.213,30.267,4.54,30.267
2030,sc01,11-21 12:00:00+01:00,0.302,72.439,12.073,48.293,72.439,24.146,30.183,4.527,30.183
2030,sc01,11-21 13:00:00+01:00,0.302,72.397,12.066,48.265,72.397,24.132,30.166,4.525,30.166
2030,sc01,11-21 14:00:00+01:00,0.306,73.555,12.259,49.037,73.555,24.518,30.648,4.597,30.648
2030,sc01,11-21 15:00:00+01:00,0.321,76.922,12.82,51.281,76.922,25.641,32.051,4.808,32.051
2030,sc01,11-21 16:00:00+01:00,0.337,80.946,13.491,53.964,80.946,26.982,33.728,5.059,33.728
2030,sc01,11-21 17:00:00+01:00,0.347,83.166,13.861,55.444,83.166,27.722,34.653,5.198,34.653
2030,sc01,11-21 18:00:00+01:00,0.345,82.829,13.805,55.219,82.829,27.61,34.512,5.177,34.512
2030,sc01,11-21 19:00:00+01:00,0.34,81.632,13.605,54.422,81.632,27.211,34.014,5.102,34.014
2030,sc01,11-21 20:00:00+01:00,0.333,79.989,13.332,53.326,79.989,26.663,33.329,4.999,33.329
2030,sc01,11-21 21:00:00+01:00,0.324,77.865,12.977,51.91,77.865,25.955,32.444,4.867,32.444
2030,sc01,11-21 22:00:00+01:00,0.31,74.285,12.381,49.523,74.285,24.762,30.952,4.643,30.952
2030,sc01,11-21 23:00:00+01:00,0.293,70.3,11.717,46.866,70.3,23.433,29.292,4.394,29.292
2030,sc01,11-22 00:00:00+01:00,0.3,72.0,12.0,48.0,72.0,24.0,30.0,4.5,30.0
2030,sc01,11-22 01:00:00+01:00,0.287,68.938,11.49,45.959,68.938,22.979,28.724,4.309,28.724
2030,sc01,11-22 02:00:00+01:00,0.275,66.104,11.017,44.069,66.104,22.035,27.543,4.131,27.543
2030,sc01,11-22 03:00:00+01:00,0.267,64.133,10.689,42.755,64.133,21.378,26.722,4.008,26.722
2030,sc01,11-22 04:00:00+01:00,0.261,62.6,10.433,41.734,62.6,20.867,26.083,3.913,26.083
2030,sc01,11-22 05:00:00+01:00,0.259,62.263,10.377,41.509,62.263,20.754,25.943,3.891,25.943
2030,sc01,11-22 06:00:00+01:00,0.259,62.151,10.358,41.434,62.151,20.717,25.896,3.884,25.896
2030,sc01,11-22 07:00:00+01:00,0.262,62.822,10.47,41.881,62.822,20.941,26.176,3.926,26.176
2030,sc01,11-22 08:00:00+01:00,0.269,64.66,10.777,43.107,64.66,21.553,26.942,4.041,26.942
2030,sc01,11-22 09:00:00+01:00,0.284,68.123,11.354,45.416,68.123,22.708,28.385,4.258,28.385
2030,sc01,11-22 10:00:00+01:00,0.295,70.722,11.787,47.148,70.722,23.574,29.467,4.42,29.467
2030,sc01,11-22 11:00:00+01:00,0.303,72.64,12.107,48.427,72.64,24.213,30.267,4.54,30.267
2030,sc01,11-22 12:00:00+01:00,0.302,72.439,12.073,48.293,72.439,24.146,30.183,4.527,30.183
2030,sc01,11-22 13:00:00+01:00,0.302,72.397,12.066,48.265,72.397,24.132,30.166,4.525,30.166
2030,sc01,11-22 14:00:00+01:00,0.306,73.555,12.259,49.037,73.555,24.518,30.648,4.597,30.648
2030,sc01,11-22 15:00:00+01:00,0.321,76.922,12.82,51.281,76.922,25.641,32.051,4.808,32.051
2030,sc01,11-22 16:00:00+01:00,0.337,80.946,13.491,53.964,80.946,26.982,33.728,5.059,33.728
2030,sc01,11-22 17:00:00+01:00,0.347,83.166,13.861,55.444,83.166,27.722,34.653,5.198,34.653
2030,sc01,11-22 18:00:00+01:00,0.345,82.829,13.805,55.219,82.829,27.61,34.512,5.177,34.512
2030,sc01,11-22 19:00:00+01:00,0.34,81.632,13.605,54.422,81.632,27.211,34.014,5.102,34.014
2030,sc01,11-22 20:00:00+01:00,0.333,79.989,13.332,53.326,79.989,26.663,33.329,4.999,33.329
2030,sc01,11-22 21:00:00+01:00,0.324,77.865,12.977,51.91,77.865,25.955,32.444,4.867,32.444
2030,sc01,11-22 22:00:00+01:00,0.31,74.285,12.381,49.523,74.285,24.762,30.952,4.643,30.952
2030,sc01,11-22 23:00:00+01:00,0.293,70.3,11.717,46.866,70.3,23.433,29.292,4.394,29.292
2030,sc01,11-23 00:00:00+01:00,0.3,72.0,12.0,48.0,72.0,24.0,30.0,4.5,30.0
2030,sc01,11-23 01:00:00+01:00,0.287,68.938,11.49,45.959,68.938,22.979,28.724,4.309,28.724
2030,sc01,11-23 02:00:00+01:00,0.275,66.104,11.017,44.069,66.104,22.035,27.543,4.131,27.543
2030,sc01,11-23 03:00:00+01:00,0.267,64.133,10.689,42.755,64.133,21.378,26.722,4.008,26.722
2030,sc01,11-23 04:00:00+01:00,0.261,62.6,10.433,41.734,62.6,20.867,26.083,3.913,26.083
2030,sc01,11-23 05:00:00+01:00,0.259,62.263,10.377,41.509,62.263,20.754,25.943,3.891,25.943
2030,sc01,11-23 06:00:00+01:00,0.259,62.151,10.358,41.434,62.151,20.717,25.896,3.884,25.896
2030,sc01,11-23 07:00:00+01:00,0.262,62.822,10.47,41.881,62.822,20.941,26.176,3.926,26.176
2030,sc01,11-23 08:00:00+01:00,0.269,64.66,10.777,43.107,64.66,21.553,26.942,4.041,26.942
2030,sc01,11-23 09:00:00+01:00,0.284,68.123,11.354,45.416,68.123,22.708,28.385,4.258,28.385
2030,sc01,11-23 10:00:00+01:00,0.295,70.722,11.787,47.148,70.722,23.574,29.467,4.42,29.467
2030,sc01,11-23 11:00:00+01:00,0.303,72.64,12.107,48.427,72.64,24.213,30.267,4.54,30.267
2030,sc01,11-23 12:00:00+01:00,0.302,72.439,12.073,48.293,72.439,24.146,30.183,4.527,30.183
2030,sc01,11-23 13:00:00+01:00,0.302,72.397,12.066,48.265,72.397,24.132,30.166,4.525,30.166
2030,sc01,11-23 14:00:00+01:00,0.306,73.555,12.259,49.037,73.555,24.518,30.648,4.597,30.648
2030,sc01,11-23 15:00:00+01:00,0.321,76.922,12.82,51.281,76.922,25.641,32.051,4.808,32.051
2030,sc01,11-23 16:00:00+01:00,0.337,80.946,13.491,53.964,80.946,26.982,33.728,5.059,33.728
2030,sc01,11-23 17:00:00+01:00,0.347,83.166,13.861,55.444,83.166,27.722,34.653,5.198,34.653
2030,sc01,11-23 18:00:00+01:00,0.345,82.829,13.805,55.219,82.829,27.61,34.512,5.177,34.512
2030,sc01,11-23 19:00:00+01:00,0.34,81.632,13.605,54.422,81.632,27.211,34.014,5.102,34.014
2030,sc01,11-23 20:00:00+01:00,0.333,79.989,13.332,53.326,79.989,26.663,33.329,4.999,33.329
2030,sc01,11-23 21:00:00+01:00,0.324,77.865,12.977,51.91,77.865,25.955,32.444,4.867,32.444
2030,sc01,11-23 22:00:00+01:00,0.31,74.285,12.381,49.523,74.285,24.762,30.952,4.643,30.952
2030,sc01,11-23 23:00:00+01:00,0.293,70.3,11.717,46.866,70.3,23.433,29.292,4.394,29.292
2030,sc01,11-24 00:00:00+01:00,0.3,72.0,12.0,48.0,72.0,24.0,30.0,4.5,30.0
2030,sc01,11-24 01:00:00+01:00,0.287,68.938,11.49,45.959,68.938,22.979,28.724,4.309,28.724
2030,sc01,11-24 02:00:00+01:00,0.275,66.104,11.017,44.069,66.104,22.035,27.543,4.131,27.543
2030,sc01,11-24 03:00:00+01:00,0.267,64.133,10.689,42.755,64.133,21.378,26.722,4.008,26.722
2030,sc01,11-24 04:00:00+01:00,0.261,62.6,10.433,41.734,62.6,20.867,26.083,3.913,26.083
2030,sc01,11-24 05:00:00+01:00,0.259,62.263,10.377,41.509,62.263,20.754,25.943,3.891,25.943
2030,sc01,11-24 06:00:00+01:00,0.259,62.151,10.358,41.434,62.151,20.717,25.896,3.884,25.896
2030,sc01,11-24 07:00:00+01:00,0.262,62.822,10.47,41.881,62.822,20.941,26.176,3.926,26.176
2030,sc01,11-24 08:00:00+01:00,0.269,64.66,10.777,43.107,64.66,21.553,26.942,4.041,26.942
2030,sc01,11-24 09:00:00+01:00,0.284,68.123,11.354,45.416,68.123,22.708,28.385,4.258,28.385
2030,sc01,11-24 10:00:00+01:00,0.295,70.722,11.787,47.148,70.722,23.574,29.467,4.42,29.467
2030,sc01,11-24 11:00:00+01:00,0.303,72.64,12.107,48.427,72.64,24.213,30.267,4.54,30.267
2030,sc01,11-24 12:00:00+01:00,0.302,72.439,12.073,48.293,72.439,24.146,30.183,4.527,30.183
2030,sc01,11-24 13:00:00+01:00,0.302,72.397,12.066,48.265,72.397,24.132,30.166,4.525,30.166
2030,sc01,11-24 14:00:00+01:00,0.306,73.555,12.259,49.037,73.555,24.518,30.648,4.597,30.648
2030,sc01,11-24 15:00:00+01:00,0.321,76.922,12.82,51.281,76.922,25.641,32.051,4.808,32.051
2030,sc01,11-24 16:00:00+01:00,0.337,80.946,13.491,53.964,80.946,26.982,33.728,5.059,33.728
2030,sc01,11-24 17:00:00+01:00,0.347,83.166,13.861,55.444,83.166,27.722,34.653,5.198,34.653
2030,sc01,11-24 18:00:00+01:00,0.345,82.829,13.805,55.219,82.829,27.61,34.512,5.177,34.512
2030,sc01,11-24 19:00:00+01:00,0.34,81.632,13.605,54.422,81.632,27.211,34.014,5.102,34.014
2030,sc01,11-24 20:00:00+01:00,0.333,79.989,13.332,53.326,79.989,26.663,33.329,4.999,33.329
2030,sc01,11-24 21:00:00+01:00,0.324,77.865,12.977,51.91,77.865,25.955,32.444,4.867,32.444
2030,sc01,11-24 22:00:00+01:00,0.31,74.285,12.381,49.523,74.285,24.762,30.952,4.643,30.952
2030,sc01,11-24 23:00:00+01:00,0.293,70.3,11.717,46.866,70.3,23.433,29.292,4.394,29.292
2030,sc01,11-25 00:00:00+01:00,0.3,72.0,12.0,48.0,72.0,24.0,30.0,4.5,30.0
2030,sc01,11-25 01:00:00+01:00,0.287,68.938,11.49,45.959,68.938,22.979,28.724,4.309,28.724
2030,sc01,11-25 02:00:00+01:00,0.275,66.104,11.017,44.069,66.104,22.035,27.543,4.131,27.543
2030,sc01,11-25 03:00:00+01:00,0.267,64.133,10.689,42.755,64.133,21.378,26.722,4.008,26.722
2030,sc01,11-25 04:00:00+01:00,0.261,62.6,10.433,41.734,62.6,20.867,26.083,3.913,26.083
2030,sc01,11-25 05:00:00+01:00,0.259,62.263,10.377,41.509,62.263,20.754,25.943,3.891,25.943
2030,sc01,11-25 06:00:00+01:00,0.259,62.151,10.358,41.434,62.151,20.717,25.896,3.884,25.896
2030,sc01,11-25 07:00:00+01:00,0.262,62.822,10.47,41.881,62.822,20.941,26.176,3.926,26.176
2030,sc01,11-25 08:00:00+01:00,0.269,64.66,10.777,43.107,64.66,21.553,26.942,4.041,26.942
2030,sc01,11-25 09:00:00+01:00,0.284,68.123,11.354,45.416,68.123,22.708,28.385,4.258,28.385
2030,sc01,11-25 10:00:00+01:00,0.295,70.722,11.787,47.148,70.722,23.574,29.467,4.42,29.467
2030,sc01,11-25 11:00:00+01:00,0.303,72.64,12.107,48.427,72.64,24.213,30.267,4.54,30.267
2030,sc01,11-25 12:00:00+01:00,0.302,72.439,12.073,48.293,72.439,24.146,30.183,4.527,30.183
2030,sc01,11-25 13:00:00+01:00,0.302,72.397,12.066,48.265,72.397,24.132,30.166,4.525,30.166
2030,sc01,11-25 14:00:00+01:00,0.306,73.555,12.259,49.037,73.555,24.518,30.648,4.597,30.648
2030,sc01,11-25 15:00:00+01:00,0.321,76.922,12.82,51.281,76.922,25.641,32.051,4.808,32.051
2030,sc01,11-25 16:00:00+01:00,0.337,80.946,13.491,53.964,80.946,26.982,33.728,5.059,33.728
2030,sc01,11-25 17:00:00+01:00,0.347,83.166,13.861,55.444,83.166,27.722,34.653,5.198,34.653
2030,sc01,11-25 18:00:00+01:00,0.345,82.829,13.805,55.219,82.829,27.61,34.512,5.177,34.512
2030,sc01,11-25 19:00:00+01:00,0.34,81.632,13.605,54.422,81.632,27.211,34.014,5.102,34.014
2030,sc01,11-25 20:00:00+01:00,0.333,79.989,13.332,53.326,79.989,26.663,33.329,4.999,33.329
2030,sc01,11-25 21:00:00+01:00,0.324,77.865,12.977,51.91,77.865,25.955,32.444,4.867,32.444
2030,sc01,11-25 22:00:00+01:00,0.31,74.285,12.381,49.523,74.285,24.762,30.952,4.643,30.952
2030,sc01,11-25 23:00:00+01:00,0.293,70.3,11.717,46.866,70.3,23.433,29.292,4.394,29.292
2030,sc01,11-26 00:00:00+01:00,0.3,72.0,12.0,48.0,72.0,24.0,30.0,4.5,30.0
2030,sc01,11-26 01:00:00+01:00,0.287,68.938,11.49,45.959,68.938,22.979,28.724,4.309,28.724
2030,sc01,11-26 02:00:00+01:00,0.275,66.104,11.017,44.069,66.104,22.035,27.543,4.131,27.543
2030,sc01,11-26 03:00:00+01:00,0.267,64.133,10.689,42.755,64.133,21.378,26.722,4.008,26.722
2030,sc01,11-26 04:00:00+01:00,0.261,62.6,10.433,41.734,62.6,20.867,26.083,3.913,26.083
2030,sc01,11-26 05:00:00+01:00,0.259,62.263,10.377,41.509,62.263,20.754,25.943,3.891,25.943
2030,sc01,11-26 06:00:00+01:00,0.259,62.151,10.358,41.434,62.151,20.717,25.896,3.884,25.896
2030,sc01,11-26 07:00:00+01:00,0.262,62.822,10.47,41.881,62.822,20.941,26.176,3.926,26.176
2030,sc01,11-26 08:00:00+01:00,0.269,64.66,10.777,43.107,64.66,21.553,26.942,4.041,26.942
2030,sc01,11-26 09:00:00+01:00,0.284,68.123,11.354,45.416,68.123,22.708,28.385,4.258,28.385
2030,sc01,11-26 10:00:00+01:00,0.295,70.722,11.787,47.148,70.722,23.574,29.467,4.42,29.467
2030,sc01,11-26 11:00:00+01:00,0.303,72.64,12.107,48.427,72.64,24.213,30.267,4.54,30.267
2030,sc01,11-26 12:00:00+01:00,0.302,72.439,12.073,48.293,72.439,24.146,30.183,4.527,30.183
2030,sc01,11-26 13:00:00+01:00,0.302,72.397,12.066,48.265,72.397,24.132,30.166,4.525,30.166
2030,sc01,11-26 14:00:00+01:00,0.306,73.555,12.259,49.037,73.555,24.518,30.648,4.597,30.648
2030,sc01,11-26 15:00:00+01:00,0.321,76.922,12.82,51.281,76.922,25.641,32.051,4.808,32.051
2030,sc01,11-26 16:00:00+01:00,0.337,80.946,13.491,53.964,80.946,26.982,33.728,5.059,33.728
2030,sc01,11-26 17:00:00+01:00,0.347,83.166,13.861,55.444,83.166,27.722,34.653,5.198,34.653
2030,sc01,11-26 18:00:00+01:00,0.345,82.829,13.805,55.219,82.829,27.61,34.512,5.177,34.512
2030,sc01,11-26 19:00:00+01:00,0.34,81.632,13.605,54.422,81.632,27.211,34.014,5.102,34.014
2030,sc01,11-26 20:00:00+01:00,0.333,79.989,13.332,53.326,79.989,26.663,33.329,4.999,33.329
2030,sc01,11-26 21:00:00+01:00,0.324,77.865,12.977,51.91,77.865,25.955,32.444,4.867,32.444
2030,sc01,11-26 22:00:00+01:00,0.31,74.285,12.381,49.523,74.285,24.762,30.952,4.643,30.952
2030,sc01,11-26 23:00:00+01:00,0.293,70.3,11.717,46.866,70.3,23.433,29.292,4.394,29.292
2030,sc01,11-27 00:00:00+01:00,0.3,72.0,12.0,48.0,72.0,24.0,30.0,4.5,30.0
2030,sc01,11-27 01:00:00+01:00,0.287,68.938,11.49,45.959,68.938,22.979,28.724,4.309,28.724
2030,sc01,11-27 02:00:00+01:00,0.275,66.104,11.017,44.069,66.104,22.035,27.543,4.131,27.543
2030,sc01,11-27 03:00:00+01:00,0.267,64.133,10.689,42.755,64.133,21.378,26.722,4.008,26.722
2030,sc01,11-27 04:00:00+01:00,0.261,62.6,10.433,41.734,62.6,20.867,26.083,3.913,26.083
2030,sc01,11-27 05:00:00+01:00,0.259,62.263,10.377,41.509,62.263,20.754,25.943,3.891,25.943
2030,sc01,11-27 06:00:00+01:00,0.259,62.151,10.358,41.434,62.151,20.717,25.896,3.884,25.896
2030,sc01,11-27 07:00:00+01:00,0.262,62.822,10.47,41.881,62.822,20.941,26.176,3.926,26.176
2030,sc01,11-27 08:00:00+01:00,0.269,64.66,10.777,43.107,64.66,21.553,26.942,4.041,26.942
2030,sc01,11-27 09:00:00+01:00,0.284,68.123,11.354,45.416,68.123,22.708,28.385,4.258,28.385
2030,sc01,11-27 10:00:00+01:00,0.295,70.722,11.787,47.148,70.722,23.574,29.467,4.42,29.467
2030,sc01,11-27 11:00:00+01:00,0.303,72.64,12.107,48.427,72.64,24.213,30.267,4.54,30.267
2030,sc01,11-27 12:00:00+01:00,0.302,72.439,12.073,48.293,72.439,24.146,30.183,4.527,30.183
2030,sc01,11-27 13:00:00+01:00,0.302,72.397,12.066,48.265,72.397,24.132,30.166,4.525,30.166
2030,sc01,11-27 14:00:00+01:00,0.306,73.555,12.259,49.037,73.555,24.518,30.648,4.597,30.648
2030,sc01,11-27 15:00:00+01:00,0.321,76.922,12.82,51.281,76.922,25.641,32.051,4.808,32.051
2030,sc01,11-27 16:00:00+01:00,0.337,80.946,13.491,53.964,80.946,26.982,33.728,5.059,33.728
2030,sc01,11-27 17:00:00+01:00,0.347,83.166,13.861,55.444,83.166,27.722,34.653,5.198,34.653
2030,sc01,11-27 18:00:00+01:00,0.345,82.829,13.805,55.219,82.829,27.61,34.512,5.177,34.512
2030,sc01,11-27 19:00:00+01:00,0.34,81.632,13.605,54.422,81.632,27.211,34.014,5.102,34.014
2030,sc01,11-27 20:00:00+01:00,0.333,79.989,13.332,53.326,79.989,26.663,33.329,4.999,33.329
2030,sc01,11-27 21:00:00+01:00,0.324,77.865,12.977,51.91,77.865,25.955,32.444,4.867,32.444
2030,sc01,11-27 22:00:00+01:00,0.31,74.285,12.381,49.523,74.285,24.762,30.952,4.643,30.952
2030,sc01,11-27 23:00:00+01:00,0.293,70.3,11.717,46.866,70.3,23.433,29.292,4.394,29.292
2030,sc01,11-28 00:00:00+01:00,0.3,72.0,12.0,48.0,72.0,24.0,30.0,4.5,30.0
2030,sc01,11-28 01:00:00+01:00,0.287,68.938,11.49,45.959,68.938,22.979,28.724,4.309,28.724
2030,sc01,11-28 02:00:00+01:00,0.275,66.104,11.017,44.069,66.104,22.035,27.543,4.131,27.543
2030,sc01,11-28 03:00:00+01:00,0.267,64.133,10.689,42.755,64.133,21.378,26.722,4.008,26.722
2030,sc01,11-28 04:00:00+01:00,0.261,62.6,10.433,41.734,62.6,20.867,26.083,3.913,26.083
2030,sc01,11-28 05:00:00+01:00,0.259,62.263,10.377,41.509,62.263,20.754,25.943,3.891,25.943
2030,sc01,11-28 06:00:00+01:00,0.259,62.151,10.358,41.434,62.151,20.717,25.896,3.884,25.896
2030,sc01,11-28 07:00:00+01:00,0.262,62.822,10.47,41.881,62.822,20.941,26.176,3.926,26.176
2030,sc01,11-28 08:00:00+01:00,0.269,64.66,10.777,43.107,64.66,21.553,26.942,4.041,26.942
2030,sc01,11-28 09:00:00+01:00,0.284,68.123,11.354,45.416,68.123,22.708,28.385,4.258,28.385
2030,sc01,11-28 10:00:00+01:00,0.295,70.722,11.787,47.148,70.722,23.574,29.467,4.42,29.467
2030,sc01,11-28 11:00:00+01:00,0.303,72.64,12.107,48.427,72.64,24.213,30.267,4.54,30.267
2030,sc01,11-28 12:00:00+01:00,0.302,72.439,12.073,48.293,72.439,24.146,30.183,4.527,30.183
2030,sc01,11-28 13:00:00+01:00,0.302,72.397,12.066,48.265,72.397,24.132,30.166,4.525,30.166
2030,sc01,11-28 14:00:00+01:00,0.306,73.555,12.259,49.037,73.555,24.518,30.648,4.597,30.648
2030,sc01,11-28 15:00:00+01:00,0.321,76.922,12.82,51.281,76.922,25.641,32.051,4.808,32.051
2030,sc01,11-28 16:00:00+01:00,0.337,80.946,13.491,53.964,80.946,26.982,33.728,5.059,33.728
2030,sc01,11-28 17:00:00+01:00,0.347,83.166,13.861,55.444,83.166,27.722,34.653,5.198,34.653
2030,sc01,11-28 18:00:00+01:00,0.345,82.829,13.805,55.219,82.829,27.61,34.512,5.177,34.512
2030,sc01,11-28 19:00:00+01:00,0.34,81.632,13.605,54.422,81.632,27.211,34.014,5.102,34.014
2030,sc01,11-28 20:00:00+01:00,0.333,79.989,13.332,53.326,79.989,26.663,33.329,4.999,33.329
2030,sc01,11-28 21:00:00+01:00,0.324,77.865,12.977,51.91,77.865,25.955,32.444,4.867,32.444
2030,sc01,11-28 22:00:00+01:00,0.31,74.285,12.381,49.523,74.285,24.762,30.952,4.643,30.952
2030,sc01,11-28 23:00:00+01:00,0.293,70.3,11.717,46.866,70.3,23.433,29.292,4.394,29.292
2030,sc01,11-29 00:00:00+01:00,0.3,72.0,12.0,48.0,72.0,24.0,30.0,4.5,30.0
2030,sc01,11-29 01:00:00+01:00,0.287,68.938,11.49,45.959,68.938,22.979,28.724,4.309,28.724
2030,sc01,11-29 02:00:00+01:00,0.275,66.104,11.017,44.069,66.104,22.035,27.543,4.131,27.543
2030,sc01,11-29 03:00:00+01:00,0.267,64.133,10.689,42.755,64.133,21.378,26.722,4.008,26.722
2030,sc01,11-29 04:00:00+01:00,0.261,62.6,10.433,41.734,62.6,20.867,26.083,3.913,26.083
2030,sc01,11-29 05:00:00+01:00,0.259,62.263,10.377,41.509,62.263,20.754,25.943,3.891,25.943
2030,sc01,11-29 06:00:00+01:00,0.259,62.151,10.358,41.434,62.151,20.717,25.896,3.884,25.896
2030,sc01,11-29 07:00:00+01:00,0.262,62.822,10.47,41.881,62.822,20.941,26.176,3.926,26.176
2030,sc01,11-29 08:00:00+01:00,0.269,64.66,10.777,43.107,64.66,21.553,26.942,4.041,26.942
2030,sc01,11-29 09:00:00+01:00,0.284,68.123,11.354,45.416,68.123,22.708,28.385,4.258,28.385
2030,sc01,11-29 10:00:00+01:00,0.295,70.722,11.787,47.148,70.722,23.574,29.467,4.42,29.467
2030,sc01,11-29 11:00:00+01:00,0.303,72.64,12.107,48.427,72.64,24.213,30.267,4.54,30.267
2030,sc01,11-29 12:00:00+01:00,0.302,72.439,12.073,48.293,72.439,24.146,30.183,4.527,30.183
2030,sc01,11-29 13:00:00+01:00,0.302,72.397,12.066,48.265,72.397,24.132,30.166,4.525,30.166
2030,sc01,11-29 14:00:00+01:00,0.306,73.555,12.259,49.037,73.555,24.518,30.648,4.597,30.648
2030,sc01,11-29 15:00:00+01:00,0.321,76.922,12.82,51.281,76.922,25.641,32.051,4.808,32.051
2030,sc01,11-29 16:00:00+01:00,0.337,80.946,13.491,53.964,80.946,26.982,33.728,5.059,33.728
2030,sc01,11-29 17:00:00+01:00,0.347,83.166,13.861,55.444,83.166,27.722,34.653,5.198,34.653
2030,sc01,11-29 18:00:00+01:00,0.345,82.829,13.805,55.219,82.829,27.61,34.512,5.177,34.512
2030,sc01,11-29 19:00:00+01:00,0.34,81.632,13.605,54.422,81.632,27.211,34.014,5.102,34.014
2030,sc01,11-29 20:00:00+01:00,0.333,79.989,13.332,53.326,79.989,26.663,33.329,4.999,33.329
2030,sc01,11-29 21:00:00+01:00,0.324,77.865,12.977,51.91,77.865,25.955,32.444,4.867,32.444
2030,sc01,11-29 22:00:00+01:00,0.31,74.285,12.381,49.523,74.285,24.762,30.952,4.643,30.952
2030,sc01,11-29 23:00:00+01:00,0.293,70.3,11.717,46.866,70.3,23.433,29.292,4.394,29.292
2030,sc01,11-30 00:00:00+01:00,0.3,72.0,12.0,48.0,72.0,24.0,30.0,4.5,30.0
2030,sc01,11-30 01:00:00+01:00,0.287,68.938,11.49,45.959,68.938,22.979,28.724,4.309,28.724
2030,sc01,11-30 02:00:00+01:00,0.275,66.104,11.017,44.069,66.104,22.035,27.543,4.131,27.543
2030,sc01,11-30 03:00:00+01:00,0.267,64.133,10.689,42.755,64.133,21.378,26.722,4.008,26.722
2030,sc01,11-30 04:00:00+01:00,0.261,62.6,10.433,41.734,62.6,20.867,26.083,3.913,26.083
2030,sc01,11-30 05:00:00+01:00,0.259,62.263,10.377,41.509,62.263,20.754,25.943,3.891,25.943
2030,sc01,11-30 06:00:00+01:00,0.259,62.151,10.358,41.434,62.151,20.717,25.896,3.884,25.896
2030,sc01,11-30 07:00:00+01:00,0.262,62.822,10.47,41.881,62.822,20.941,26.176,3.926,26.176
2030,sc01,11-30 08:00:00+01:00,0.269,64.66,10.777,43.107,64.66,21.553,26.942,4.041,26.942
2030,sc01,11-30 09:00:00+01:00,0.284,68.123,11.354,45.416,68.123,22.708,28.385,4.258,28.385
2030,sc01,11-30 10:00:00+01:00,0.295,70.722,11.787,47.148,70.722,23.574,29.467,4.42,29.467
2030,sc01,11-30 11:00:00+01:00,0.303,72.64,12.107,48.427,72.64,24.213,30.267,4.54,30.267
2030,sc01,11-30 12:00:00+01:00,0.302,72.439,12.073,48.293,72.439,24.146,30.183,4.527,30.183
2030,sc01,11-30 13:00:00+01:00,0.302,72.397,12.066,48.265,72.397,24.132,30.166,4.525,30.166
2030,sc01,11-30 14:00:00+01:00,0.306,73.555,12.259,49.037,73.555,24.518,30.648,4.597,30.648
2030,sc01,11-30 15:00:00+01:00,0.321,76.922,12.82,51.281,76.922,25.641,32.051,4.808,32.051
2030,sc01,11-30 16:00:00+01:00,0.337,80.946,13.491,53.964,80.946,26.982,33.728,5.059,33.728
2030,sc01,11-30 17:00:00+01:00,0.347,83.166,13.861,55.444,83.166,27.722,34.653,5.198,34.653
2030,sc01,11-30 18:00:00+01:00,0.345,82.829,13.805,55.219,82.829,27.61,34.512,5.177,34.512
2030,sc01,11-30 19:00:00+01:00,0.34,81.632,13.605,54.422,81.632,27.211,34.014,5.102,34.014
2030,sc01,11-30 20:00:00+01:00,0.333,79.989,13.332,53.326,79.989,26.663,33.329,4.999,33.329
2030,sc01,11-30 21:00:00+01:00,0.324,77.865,12.977,51.91,77.865,25.955,32.444,4.867,32.444
2030,sc01,11-30 22:00:00+01:00,0.31,74.285,12.381,49.523,74.285,24.762,30.952,4.643,30.952
2030,sc01,11-30 23:00:00+01:00,0.293,70.3,11.717,46.866,70.3,23.433,29.292,4.394,29.292
2030,sc01,12-01 00:00:00+01:00,0.3,72.0,12.0,48.0,72.0,24.0,30.0,4.5,30.0
2030,sc01,12-01 01:00:00+01:00,0.287,68.938,11.49,45.959,68.938,22.979,28.724,4.309,28.724
2030,sc01,12-01 02:00:00+01:00,0.275,66.104,11.017,44.069,66.104,22.035,27.543,4.131,27.543
2030,sc01,12-01 03:00:00+01:00,0.267,64.133,10.689,42.755,64.133,21.378,26.722,4.008,26.722
2030,sc01,12-01 04:00:00+01:00,0.261,62.6,10.433,41.734,62.6,20.867,26.083,3.913,26.083
2030,sc01,12-01 05:00:00+01:00,0.259,62.263,10.377,41.509,62.263,20.754,25.943,3.891,25.943
2030,sc01,12-01 06:00:00+01:00,0.259,62.151,10.358,41.434,62.151,20.717,25.896,3.884,25.896
2030,sc01,12-01 07:00:00+01:00,0.262,62.822,10.47,41.881,62.822,20.941,26.176,3.926,26.176
2030,sc01,12-01 08:00:00+01:00,0.269,64.66,10.777,43.107,64.66,21.553,26.942,4.041,26.942
2030,sc01,12-01 09:00:00+01:00,0.284,68.123,11.354,45.416,68.123,22.708,28.385,4.258,28.385
2030,sc01,12-01 10:00:00+01:00,0.295,70.722,11.787,47.148,70.722,23.574,29.467,4.42,29.467
2030,sc01,12-01 11:00:00+01:00,0.303,72.64,12.107,48.427,72.64,24.213,30.267,4.54,30.267
2030,sc01,12-01 12:00:00+01:00,0.302,72.439,12.073,48.293,72.439,24.146,30.183,4.527,30.183
2030,sc01,12-01 13:00:00+01:00,0.302,72.397,12.066,48.265,72.397,24.132,30.166,4.525,30.166
2030,sc01,12-01 14:00:00+01:00,0.306,73.555,12.259,49.037,73.555,24.518,30.648,4.597,30.648
2030,sc01,12-01 15:00:00+01:00,0.321,76.922,12.82,51.281,76.922,25.641,32.051,4.808,32.051
2030,sc01,12-01 16:00:00+01:00,0.337,80.946,13.491,53.964,80.946,26.982,33.728,5.059,33.728
2030,sc01,12-01 17:00:00+01:00,0.347,83.166,13.861,55.444,83.166,27.722,34.653,5.198,34.653
2030,sc01,12-01 18:00:00+01:00,0.345,82.829,13.805,55.219,82.829,27.61,34.512,5.177,34.512
2030,sc01,12-01 19:00:00+01:00,0.34,81.632,13.605,54.422,81.632,27.211,34.014,5.102,34.014
2030,sc01,12-01 20:00:00+01:00,0.333,79.989,13.332,53.326,79.989,26.663,33.329,4.999,33.329
2030,sc01,12-01 21:00:00+01:00,0.324,77.865,12.977,51.91,77.865,25.955,32.444,4.867,32.444
2030,sc01,12-01 22:00:00+01:00,0.31,74.285,12.381,49.523,74.285,24.762,30.952,4.643,30.952
2030,sc01,12-01 23:00:00+01:00,0.293,70.3,11.717,46.866,70.3,23.433,29.292,4.394,29.292
2030,sc01,12-02 00:00:00+01:00,0.3,72.0,12.0,48.0,72.0,24.0,30.0,4.5,30.0
2030,sc01,12-02 01:00:00+01:00,0.287,68.938,11.49,45.959,68.938,22.979,28.724,4.309,28.724
2030,sc01,12-02 02:00:00+01:00,0.275,66.104,11.017,44.069,66.104,22.035,27.543,4.131,27.543
2030,sc01,12-02 03:00:00+01:00,0.267,64.133,10.689,42.755,64.133,21.378,26.722,4.008,26.722
2030,sc01,12-02 04:00:00+01:00,0.261,62.6,10.433,41.734,62.6,20.867,26.083,3.913,26.083
2030,sc01,12-02 05:00:00+01:00,0.259,62.263,10.377,41.509,62.263,20.754,25.943,3.891,25.943
2030,sc01,12-02 06:00:00+01:00,0.259,62.151,10.358,41.434,62.151,20.717,25.896,3.884,25.896
2030,sc01,12-02 07:00:00+01:00,0.262,62.822,10.47,41.881,62.822,20.941,26.176,3.926,26.176
2030,sc01,12-02 08:00:00+01:00,0.269,64.66,10.777,43.107,64.66,21.553,26.942,4.041,26.942
2030,sc01,12-02 09:00:00+01:00,0.284,68.123,11.354,45.416,68.123,22.708,28.385,4.258,28.385
2030,sc01,12-02 10:00:00+01:00,0.295,70.722,11.787,47.148,70.722,23.574,29.467,4.42,29.467
2030,sc01,12-02 11:00:00+01:00,0.303,72.64,12.107,48.427,72.64,24.213,30.267,4.54,30.267
2030,sc01,12-02 12:00:00+01:00,0.302,72.439,12.073,48.293,72.439,24.146,30.183,4.527,30.183
2030,sc01,12-02 13:00:00+01:00,0.302,72.397,12.066,48.265,72.397,24.132,30.166,4.525,30.166
2030,sc01,12-02 14:00:00+01:00,0.306,73.555,12.259,49.037,73.555,24.518,30.648,4.597,30.648
2030,sc01,12-02 15:00:00+01:00,0.321,76.922,12.82,51.281,76.922,25.641,32.051,4.808,32.051
2030,sc01,12-02 16:00:00+01:00,0.337,80.946,13.491,53.964,80.946,26.982,33.728,5.059,33.728
2030,sc01,12-02 17:00:00+01:00,0.347,83.166,13.861,55.444,83.166,27.722,34.653,5.198,34.653
2030,sc01,12-02 18:00:00+01:00,0.345,82.829,13.805,55.219,82.829,27.61,34.512,5.177,34.512
2030,sc01,12-02 19:00:00+01:00,0.34,81.632,13.605,54.422,81.632,27.211,34.014,5.102,34.014
2030,sc01,12-02 20:00:00+01:00,0.333,79.989,13.332,53.326,79.989,26.663,33.329,4.999,33.329
2030,sc01,12-02 21:00:00+01:00,0.324,77.865,12.977,51.91,77.865,25.955,32.444,4.867,32.444
2030,sc01,12-02 22:00:00+01:00,0.31,74.285,12.381,49.523,74.285,24.762,30.952,4.643,30.952
2030,sc01,12-02 23:00:00+01:00,0.293,70.3,11.717,46.866,70.3,23.433,29.292,4.394,29.292
2030,sc01,12-03 00:00:00+01:00,0.3,72.0,12.0,48.0,72.0,24.0,30.0,4.5,30.0
2030,sc01,12-03 01:00:00+01:00,0.287,68.938,11.49,45.959,68.938,22.979,28.724,4.309,28.724
2030,sc01,12-03 02:00:00+01:00,0.275,66.104,11.017,44.069,66.104,22.035,27.543,4.131,27.543
2030,sc01,12-03 03:00:00+01:00,0.267,64.133,10.689,42.755,64.133,21.378,26.722,4.008,26.722
2030,sc01,12-03 04:00:00+01:00,0.261,62.6,10.433,41.734,62.6,20.867,26.083,3.913,26.083
2030,sc01,12-03 05:00:00+01:00,0.259,62.263,10.377,41.509,62.263,20.754,25.943,3.891,25.943
2030,sc01,12-03 06:00:00+01:00,0.259,62.151,10.358,41.434,62.151,20.717,25.896,3.884,25.896
2030,sc01,12-03 07:00:00+01:00,0.262,62.822,10.47,41.881,62.822,20.941,26.176,3.926,26.176
2030,sc01,12-03 08:00:00+01:00,0.269,64.66,10.777,43.107,64.66,21.553,26.942,4.041,26.942
2030,sc01,12-03 09:00:00+01:00,0.284,68.123,11.354,45.416,68.123,22.708,28.385,4.258,28.385
2030,sc01,12-03 10:00:00+01:00,0.295,70.722,11.787,47.148,70.722,23.574,29.467,4.42,29.467
2030,sc01,12-03 11:00:00+01:00,0.303,72.64,12.107,48.427,72.64,24.213,30.267,4.54,30.267
2030,sc01,12-03 12:00:00+01:00,0.302,72.439,12.073,48.293,72.439,24.146,30.183,4.527,30.183
2030,sc01,12-03 13:00:00+01:00,0.302,72.397,12.066,48.265,72.397,24.132,30.166,4.525,30.166
2030,sc01,12-03 14:00:00+01:00,0.306,73.555,12.259,49.037,73.555,24.518,30.648,4.597,30.648
2030,sc01,12-03 15:00:00+01:00,0.321,76.922,12.82,51.281,76.922,25.641,32.051,4.808,32.051
2030,sc01,12-03 16:00:00+01:00,0.337,80.946,13.491,53.964,80.946,26.982,33.728,5.059,33.728
2030,sc01,12-03 17:00:00+01:00,0.347,83.166,13.861,55.444,83.166,27.722,34.653,5.198,34.653
2030,sc01,12-03 18:00:00+01:00,0.345,82.829,13.805,55.219,82.829,27.61,34.512,5.177,34.512
2030,sc01,12-03 19:00:00+01:00,0.34,81.632,13.605,54.422,81.632,27.211,34.014,5.102,34.014
2030,sc01,12-03 20:00:00+01:00,0.333,79.989,13.332,53.326,79.989,26.663,33.329,4.999,33.329
2030,sc01,12-03 21:00:00+01:00,0.324,77.865,12.977,51.91,77.865,25.955,32.444,4.867,32.444
2030,sc01,12-03 22:00:00+01:00,0.31,74.285,12.381,49.523,74.285,24.762,30.952,4.643,30.952
2030,sc01,12-03 23:00:00+01:00,0.293,70.3,11.717,46.866,70.3,23.433,29.292,4.394,29.292
2030,sc01,12-04 00:00:00+01:00,0.3,72.0,12.0,48.0,72.0,24.0,30.0,4.5,30.0
2030,sc01,12-04 01:00:00+01:00,0.287,68.938,11.49,45.959,68.938,22.979,28.724,4.309,28.724
2030,sc01,12-04 02:00:00+01:00,0.275,66.104,11.017,44.069,66.104,22.035,27.543,4.131,27.543
2030,sc01,12-04 03:00:00+01:00,0.267,64.133,10.689,42.755,64.133,21.378,26.722,4.008,26.722
2030,sc01,12-04 04:00:00+01:00,0.261,62.6,10.433,41.734,62.6,20.867,26.083,3.913,26.083
2030,sc01,12-04 05:00:00+01:00,0.259,62.263,10.377,41.509,62.263,20.754,25.943,3.891,25.943
2030,sc01,12-04 06:00:00+01:00,0.259,62.151,10.358,41.434,62.151,20.717,25.896,3.884,25.896
2030,sc01,12-04 07:00:00+01:00,0.262,62.822,10.47,41.881,62.822,20.941,26.176,3.926,26.176
2030,sc01,12-04 08:00:00+01:00,0.269,64.66,10.777,43.107,64.66,21.553,26.942,4.041,26.942
2030,sc01,12-04 09:00:00+01:00,0.284,68.123,11.354,45.416,68.123,22.708,28.385,4.258,28.385
2030,sc01,12-04 10:00:00+01:00,0.295,70.722,11.787,47.148,70.722,23.574,29.467,4.42,29.467
2030,sc01,12-04 11:00:00+01:00,0.303,72.64,12.107,48.427,72.64,24.213,30.267,4.54,30.267
2030,sc01,12-04 12:00:00+01:00,0.302,72.439,12.073,48.293,72.439,24.146,30.183,4.527,30.183
2030,sc01,12-04 13:00:00+01:00,0.302,72.397,12.066,48.265,72.397,24.132,30.166,4.525,30.166
2030,sc01,12-04 14:00:00+01:00,0.306,73.555,12.259,49.037,73.555,24.518,30.648,4.597,30.648
2030,sc01,12-04 15:00:00+01:00,0.321,76.922,12.82,51.281,76.922,25.641,32.051,4.808,32.051
2030,sc01,12-04 16:00:00+01:00,0.337,80.946,13.491,53.964,80.946,26.982,33.728,5.059,33.728
2030,sc01,12-04 17:00:00+01:00,0.347,83.166,13.861,55.444,83.166,27.722,34.653,5.198,34.653
2030,sc01,12-04 18:00:00+01:00,0.345,82.829,13.805,55.219,82.829,27.61,34.512,5.177,34.512
2030,sc01,12-04 19:00:00+01:00,0.34,81.632,13.605,54.422,81.632,27.211,34.014,5.102,34.014
2030,sc01,12-04 20:00:00+01:00,0.333,79.989,13.332,53.326,79.989,26.663,33.329,4.999,33.329
2030,sc01,12-04 21:00:00+01:00,0.324,77.865,12.977,51.91,77.865,25.955,32.444,4.867,32.444
2030,sc01,12-04 22:00:00+01:00,0.31,74.285,12.381,49.523,74.285,24.762,30.952,4.643,30.952
2030,sc01,12-04 23:00:00+01:00,0.293,70.3,11.717,46.866,70.3,23.433,29.292,4.394,29.292
2030,sc01,12-05 00:00:00+01:00,0.3,72.0,12.0,48.0,72.0,24.0,30.0,4.5,30.0
2030,sc01,12-05 01:00:00+01:00,0.287,68.938,11.49,45.959,68.938,22.979,28.724,4.309,28.724
2030,sc01,12-05 02:00:00+01:00,0.275,66.104,11.017,44.069,66.104,22.035,27.543,4.131,27.543
2030,sc01,12-05 03:00:00+01:00,0.267,64.133,10.689,42.755,64.133,21.378,26.722,4.008,26.722
2030,sc01,12-05 04:00:00+01:00,0.261,62.6,10.433,41.734,62.6,20.867,26.083,3.913,26.083
2030,sc01,12-05 05:00:00+01:00,0.259,62.263,10.377,41.509,62.263,20.754,25.943,3.891,25.943
2030,sc01,12-05 06:00:00+01:00,0.259,62.151,10.358,41.434,62.151,20.717,25.896,3.884,25.896
2030,sc01,12-05 07:00:00+01:00,0.262,62.822,10.47,41.881,62.822,20.941,26.176,3.926,26.176
2030,sc01,12-05 08:00:00+01:00,0.269,64.66,10.777,43.107,64.66,21.553,26.942,4.041,26.942
2030,sc01,12-05 09:00:00+01:00,0.284,68.123,11.354,45.416,68.123,22.708,28.385,4.258,28.385
2030,sc01,12-05 10:00:00+01:00,0.295,70.722,11.787,47.148,70.722,23.574,29.467,4.42,29.467
2030,sc01,12-05 11:00:00+01:00,0.303,72.64,12.107,48.427,72.64,24.213,30.267,4.54,30.267
2030,sc01,12-05 12:00:00+01:00,0.302,72.439,12.073,48.293,72.439,24.146,30.183,4.527,30.183
2030,sc01,12-05 13:00:00+01:00,0.302,72.397,12.066,48.265,72.397,24.132,30.166,4.525,30.166
2030,sc01,12-05 14:00:00+01:00,0.306,73.555,12.259,49.037,73.555,24.518,30.648,4.597,30.648
2030,sc01,12-05 15:00:00+01:00,0.321,76.922,12.82,51.281,76.922,25.641,32.051,4.808,32.051
2030,sc01,12-05 16:00:00+01:00,0.337,80.946,13.491,53.964,80.946,26.982,33.728,5.059,33.728
2030,sc01,12-05 17:00:00+01:00,0.347,83.166,13.861,55.444,83.166,27.722,34.653,5.198,34.653
2030,sc01,12-05 18:00:00+01:00,0.345,82.829,13.805,55.219,82.829,27.61,34.512,5.177,34.512
2030,sc01,12-05 19:00:00+01:00,0.34,81.632,13.605,54.422,81.632,27.211,34.014,5.102,34.014
2030,sc01,12-05 20:00:00+01:00,0.333,79.989,13.332,53.326,79.989,26.663,33.329,4.999,33.329
2030,sc01,12-05 21:00:00+01:00,0.324,77.865,12.977,51.91,77.865,25.955,32.444,4.867,32.444
2030,sc01,12-05 22:00:00+01:00,0.31,74.285,12.381,49.523,74.285,24.762,30.952,4.643,30.952
2030,sc01,12-05 23:00:00+01:00,0.293,70.3,11.717,46.866,70.3,23.433,29.292,4.394,29.292
2030,sc01,12-06 00:00:00+01:00,0.3,72.0,12.0,48.0,72.0,24.0,30.0,4.5,30.0
2030,sc01,12-06 01:00:00+01:00,0.287,68.938,11.49,45.959,68.938,22.979,28.724,4.309,28.724
2030,sc01,12-06 02:00:00+01:00,0.275,66.104,11.017,44.069,66.104,22.035,27.543,4.131,27.543
2030,sc01,12-06 03:00:00+01:00,0.267,64.133,10.689,42.755,64.133,21.378,26.722,4.008,26.722
2030,sc01,12-06 04:00:00+01:00,0.261,62.6,10.433,41.734,62.6,20.867,26.083,3.913,26.083
2030,sc01,12-06 05:00:00+01:00,0.259,62.263,10.377,41.509,62.263,20.754,25.943,3.891,25.943
2030,sc01,12-06 06:00:00+01:00,0.259,62.151,10.358,41.434,62.151,20.717,25.896,3.884,25.896
2030,sc01,12-06 07:00:00+01:00,0.262,62.822,10.47,41.881,62.822,20.941,26.176,3.926,26.176
2030,sc01,12-06 08:00:00+01:00,0.269,64.66,10.777,43.107,64.66,21.553,26.942,4.041,26.942
2030,sc01,12-06 09:00:00+01:00,0.284,68.123,11.354,45.416,68.123,22.708,28.385,4.258,28.385
2030,sc01,12-06 10:00:00+01:00,0.295,70.722,11.787,47.148,70.722,23.574,29.467,4.42,29.467
2030,sc01,12-06 11:00:00+01:00,0.303,72.64,12.107,48.427,72.64,24.213,30.267,4.54,30.267
2030,sc01,12-06 12:00:00+01:00,0.302,72.439,12.073,48.293,72.439,24.146,30.183,4.527,30.183
2030,sc01,12-06 13:00:00+01:00,0.302,72.397,12.066,48.265,72.397,24.132,30.166,4.525,30.166
2030,sc01,12-06 14:00:00+01:00,0.306,73.555,12.259,49.037,73.555,24.518,30.648,4.597,30.648
2030,sc01,12-06 15:00:00+01:00,0.321,76.922,12.82,51.281,76.922,25.641,32.051,4.808,32.051
2030,sc01,12-06 16:00:00+01:00,0.337,80.946,13.491,53.964,80.946,26.982,33.728,5.059,33.728
2030,sc01,12-06 17:00:00+01:00,0.347,83.166,13.861,55.444,83.166,27.722,34.653,5.198,34.653
2030,sc01,12-06 18:00:00+01:00,0.345,82.829,13.805,55.219,82.829,27.61,34.512,5.177,34.512
2030,sc01,12-06 19:00:00+01:00,0.34,81.632,13.605,54.422,81.632,27.211,34.014,5.102,34.014
2030,sc01,12-06 20:00:00+01:00,0.333,79.989,13.332,53.326,79.989,26.663,33.329,4.999,33.329
2030,sc01,12-06 21:00:00+01:00,0.324,77.865,12.977,51.91,77.865,25.955,32.444,4.867,32.444
2030,sc01,12-06 22:00:00+01:00,0.31,74.285,12.381,49.523,74.285,24.762,30.952,4.643,30.952
2030,sc01,12-06 23:00:00+01:00,0.293,70.3,11.717,46.866,70.3,23.433,29.292,4.394,29.292
2030,sc01,12-07 00:00:00+01:00,0.3,72.0,12.0,48.0,72.0,24.0,30.0,4.5,30.0
2030,sc01,12-07 01:00:00+01:00,0.287,68.938,11.49,45.959,68.938,22.979,28.724,4.309,28.724
2030,sc01,12-07 02:00:00+01:00,0.275,66.104,11.017,44.069,66.104,22.035,27.543,4.131,27.543
2030,sc01,12-07 03:00:00+01:00,0.267,64.133,10.689,42.755,64.133,21.378,26.722,4.008,26.722
2030,sc01,12-07 04:00:00+01:00,0.261,62.6,10.433,41.734,62.6,20.867,26.083,3.913,26.083
2030,sc01,12-07 05:00:00+01:00,0.259,62.263,10.377,41.509,62.263,20.754,25.943,3.891,25.943
2030,sc01,12-07 06:00:00+01:00,0.259,62.151,10.358,41.434,62.151,20.717,25.896,3.884,25.896
2030,sc01,12-07 07:00:00+01:00,0.262,62.822,10.47,41.881,62.822,20.941,26.176,3.926,26.176
2030,sc01,12-07 08:00:00+01:00,0.269,64.66,10.777,43.107,64.66,21.553,26.942,4.041,26.942
2030,sc01,12-07 09:00:00+01:00,0.284,68.123,11.354,45.416,68.123,22.708,28.385,4.258,28.385
2030,sc01,12-07 10:00:00+01:00,0.295,70.722,11.787,47.148,70.722,23.574,29.467,4.42,29.467
2030,sc01,12-07 11:00:00+01:00,0.303,72.64,12.107,48.427,72.64,24.213,30.267,4.54,30.267
2030,sc01,12-07 12:00:00+01:00,0.302,72.439,12.073,48.293,72.439,24.146,30.183,4.527,30.183
2030,sc01,12-07 13:00:00+01:00,0.302,72.397,12.066,48.265,72.397,24.132,30.166,4.525,30.166
2030,sc01,12-07 14:00:00+01:00,0.306,73.555,12.259,49.037,73.555,24.518,30.648,4.597,30.648
2030,sc01,12-07 15:00:00+01:00,0.321,76.922,12.82,51.281,76.922,25.641,32.051,4.808,32.051
2030,sc01,12-07 16:00:00+01:00,0.337,80.946,13.491,53.964,80.946,26.982,33.728,5.059,33.728
2030,sc01,12-07 17:00:00+01:00,0.347,83.166,13.861,55.444,83.166,27.722,34.653,5.198,34.653
2030,sc01,12-07 18:00:00+01:00,0.345,82.829,13.805,55.219,82.829,27.61,34.512,5.177,34.512
2030,sc01,12-07 19:00:00+01:00,0.34,81.632,13.605,54.422,81.632,27.211,34.014,5.102,34.014
2030,sc01,12-07 20:00:00+01:00,0.333,79.989,13.332,53.326,79.989,26.663,33.329,4.999,33.329
2030,sc01,12-07 21:00:00+01:00,0.324,77.865,12.977,51.91,77.865,25.955,32.444,4.867,32.444
2030,sc01,12-07 22:00:00+01:00,0.31,74.285,12.381,49.523,74.285,24.762,30.952,4.643,30.952
2030,sc01,12-07 23:00:00+01:00,0.293,70.3,11.717,46.866,70.3,23.433,29.292,4.394,29.292
2030,sc01,12-08 00:00:00+01:00,0.3,72.0,12.0,48.0,72.0,24.0,30.0,4.5,30.0
2030,sc01,12-08 01:00:00+01:00,0.287,68.938,11.49,45.959,68.938,22.979,28.724,4.309,28.724
2030,sc01,12-08 02:00:00+01:00,0.275,66.104,11.017,44.069,66.104,22.035,27.543,4.131,27.543
2030,sc01,12-08 03:00:00+01:00,0.267,64.133,10.689,42.755,64.133,21.378,26.722,4.008,26.722
2030,sc01,12-08 04:00:00+01:00,0.261,62.6,10.433,41.734,62.6,20.867,26.083,3.913,26.083
2030,sc01,12-08 05:00:00+01:00,0.259,62.263,10.377,41.509,62.263,20.754,25.943,3.891,25.943
2030,sc01,12-08 06:00:00+01:00,0.259,62.151,10.358,41.434,62.151,20.717,25.896,3.884,25.896
2030,sc01,12-08 07:00:00+01:00,0.262,62.822,10.47,41.881,62.822,20.941,26.176,3.926,26.176
2030,sc01,12-08 08:00:00+01:00,0.269,64.66,10.777,43.107,64.66,21.553,26.942,4.041,26.942
2030,sc01,12-08 09:00:00+01:00,0.284,68.123,11.354,45.416,68.123,22.708,28.385,4.258,28.385
2030,sc01,12-08 10:00:00+01:00,0.295,70.722,11.787,47.148,70.722,23.574,29.467,4.42,29.467
2030,sc01,12-08 11:00:00+01:00,0.303,72.64,12.107,48.427,72.64,24.213,30.267,4.54,30.267
2030,sc01,12-08 12:00:00+01:00,0.302,72.439,12.073,48.293,72.439,24.146,30.183,4.527,30.183
2030,sc01,12-08 13:00:00+01:00,0.302,72.397,12.066,48.265,72.397,24.132,30.166,4.525,30.166
2030,sc01,12-08 14:00:00+01:00,0.306,73.555,12.259,49.037,73.555,24.518,30.648,4.597,30.648
2030,sc01,12-08 15:00:00+01:00,0.321,76.922,12.82,51.281,76.922,25.641,32.051,4.808,32.051
2030,sc01,12-08 16:00:00+01:00,0.337,80.946,13.491,53.964,80.946,26.982,33.728,5.059,33.728
2030,sc01,12-08 17:00:00+01:00,0.347,83.166,13.861,55.444,83.166,27.722,34.653,5.198,34.653
2030,sc01,12-08 18:00:00+01:00,0.345,82.829,13.805,55.219,82.829,27.61,34.512,5.177,34.512
2030,sc01,12-08 19:00:00+01:00,0.34,81.632,13.605,54.422,81.632,27.211,34.014,5.102,34.014
2030,sc01,12-08 20:00:00+01:00,0.333,79.989,13.332,53.326,79.989,26.663,33.329,4.999,33.329
2030,sc01,12-08 21:00:00+01:00,0.324,77.865,12.977,51.91,77.865,25.955,32.444,4.867,32.444
2030,sc01,12-08 22:00:00+01:00,0.31,74.285,12.381,49.523,74.285,24.762,30.952,4.643,30.952
2030,sc01,12-08 23:00:00+01:00,0.293,70.3,11.717,46.866,70.3,23.433,29.292,4.394,29.292
2030,sc01,12-09 00:00:00+01:00,0.3,72.0,12.0,48.0,72.0,24.0,30.0,4.5,30.0
2030,sc01,12-09 01:00:00+01:00,0.287,68.938,11.49,45.959,68.938,22.979,28.724,4.309,28.724
2030,sc01,12-09 02:00:00+01:00,0.275,66.104,11.017,44.069,66.104,22.035,27.543,4.131,27.543
2030,sc01,12-09 03:00:00+01:00,0.267,64.133,10.689,42.755,64.133,21.378,26.722,4.008,26.722
2030,sc01,12-09 04:00:00+01:00,0.261,62.6,10.433,41.734,62.6,20.867,26.083,3.913,26.083
2030,sc01,12-09 05:00:00+01:00,0.259,62.263,10.377,41.509,62.263,20.754,25.943,3.891,25.943
2030,sc01,12-09 06:00:00+01:00,0.259,62.151,10.358,41.434,62.151,20.717,25.896,3.884,25.896
2030,sc01,12-09 07:00:00+01:00,0.262,62.822,10.47,41.881,62.822,20.941,26.176,3.926,26.176
2030,sc01,12-09 08:00:00+01:00,0.269,64.66,10.777,43.107,64.66,21.553,26.942,4.041,26.942
2030,sc01,12-09 09:00:00+01:00,0.284,68.123,11.354,45.416,68.123,22.708,28.385,4.258,28.385
2030,sc01,12-09 10:00:00+01:00,0.295,70.722,11.787,47.148,70.722,23.574,29.467,4.42,29.467
2030,sc01,12-09 11:00:00+01:00,0.303,72.64,12.107,48.427,72.64,24.213,30.267,4.54,30.267
2030,sc01,12-09 12:00:00+01:00,0.302,72.439,12.073,48.293,72.439,24.146,30.183,4.527,30.183
2030,sc01,12-09 13:00:00+01:00,0.302,72.397,12.066,48.265,72.397,24.132,30.166,4.525,30.166
2030,sc01,12-09 14:00:00+01:00,0.306,73.555,12.259,49.037,73.555,24.518,30.648,4.597,30.648
2030,sc01,12-09 15:00:00+01:00,0.321,76.922,12.82,51.281,76.922,25.641,32.051,4.808,32.051
2030,sc01,12-09 16:00:00+01:00,0.337,80.946,13.491,53.964,80.946,26.982,33.728,5.059,33.728
2030,sc01,12-09 17:00:00+01:00,0.347,83.166,13.861,55.444,83.166,27.722,34.653,5.198,34.653
2030,sc01,12-09 18:00:00+01:00,0.345,82.829,13.805,55.219,82.829,27.61,34.512,5.177,34.512
2030,sc01,12-09 19:00:00+01:00,0.34,81.632,13.605,54.422,81.632,27.211,34.014,5.102,34.014
2030,sc01,12-09 20:00:00+01:00,0.333,79.989,13.332,53.326,79.989,26.663,33.329,4.999,33.329
2030,sc01,12-09 21:00:00+01:00,0.324,77.865,12.977,51.91,77.865,25.955,32.444,4.867,32.444
2030,sc01,12-09 22:00:00+01:00,0.31,74.285,12.381,49.523,74.285,24.762,30.952,4.643,30.952
2030,sc01,12-09 23:00:00+01:00,0.293,70.3,11.717,46.866,70.3,23.433,29.292,4.394,29.292
2030,sc01,12-10 00:00:00+01:00,0.3,72.0,12.0,48.0,72.0,24.0,30.0,4.5,30.0
2030,sc01,12-10 01:00:00+01:00,0.287,68.938,11.49,45.959,68.938,22.979,28.724,4.309,28.724
2030,sc01,12-10 02:00:00+01:00,0.275,66.104,11.017,44.069,66.104,22.035,27.543,4.131,27.543
2030,sc01,12-10 03:00:00+01:00,0.267,64.133,10.689,42.755,64.133,21.378,26.722,4.008,26.722
2030,sc01,12-10 04:00:00+01:00,0.261,62.6,10.433,41.734,62.6,20.867,26.083,3.913,26.083
2030,sc01,12-10 05:00:00+01:00,0.259,62.263,10.377,41.509,62.263,20.754,25.943,3.891,25.943
2030,sc01,12-10 06:00:00+01:00,0.259,62.151,10.358,41.434,62.151,20.717,25.896,3.884,25.896
2030,sc01,12-10 07:00:00+01:00,0.262,62.822,10.47,41.881,62.822,20.941,26.176,3.926,26.176
2030,sc01,12-10 08:00:00+01:00,0.269,64.66,10.777,43.107,64.66,21.553,26.942,4.041,26.942
2030,sc01,12-10 09:00:00+01:00,0.284,68.123,11.354,45.416,68.123,22.708,28.385,4.258,28.385
2030,sc01,12-10 10:00:00+01:00,0.295,70.722,11.787,47.148,70.722,23.574,29.467,4.42,29.467
2030,sc01,12-10 11:00:00+01:00,0.303,72.64,12.107,48.427,72.64,24.213,30.267,4.54,30.267
2030,sc01,12-10 12:00:00+01:00,0.302,72.439,12.073,48.293,72.439,24.146,30.183,4.527,30.183
2030,sc01,12-10 13:00:00+01:00,0.302,72.397,12.066,48.265,72.397,24.132,30.166,4.525,30.166
2030,sc01,12-10 14:00:00+01:00,0.306,73.555,12.259,49.037,73.555,24.518,30.648,4.597,30.648
2030,sc01,12-10 15:00:00+01:00,0.321,76.922,12.82,51.281,76.922,25.641,32.051,4.808,32.051
2030,sc01,12-10 16:00:00+01:00,0.337,80.946,13.491,53.964,80.946,26.982,33.728,5.059,33.728
2030,sc01,12-10 17:00:00+01:00,0.347,83.166,13.861,55.444,83.166,27.722,34.653,5.198,34.653
2030,sc01,12-10 18:00:00+01:00,0.345,82.829,13.805,55.219,82.829,27.61,34.512,5.177,34.512
2030,sc01,12-10 19:00:00+01:00,0.34,81.632,13.605,54.422,81.632,27.211,34.014,5.102,34.014
2030,sc01,12-10 20:00:00+01:00,0.333,79.989,13.332,53.326,79.989,26.663,33.329,4.999,33.329
2030,sc01,12-10 21:00:00+01:00,0.324,77.865,12.977,51.91,77.865,25.955,32.444,4.867,32.444
2030,sc01,12-10 22:00:00+01:00,0.31,74.285,12.381,49.523,74.285,24.762,30.952,4.643,30.952
2030,sc01,12-10 23:00:00+01:00,0.293,70.3,11.717,46.866,70.3,23.433,29.292,4.394,29.292
2030,sc01,12-11 00:00:00+01:00,0.3,72.0,12.0,48.0,72.0,24.0,30.0,4.5,30.0
2030,sc01,12-11 01:00:00+01:00,0.287,68.938,11.49,45.959,68.938,22.979,28.724,4.309,28.724
2030,sc01,12-11 02:00:00+01:00,0.275,66.104,11.017,44.069,66.104,22.035,27.543,4.131,27.543
2030,sc01,12-11 03:00:00+01:00,0.267,64.133,10.689,42.755,64.133,21.378,26.722,4.008,26.722
2030,sc01,12-11 04:00:00+01:00,0.261,62.6,10.433,41.734,62.6,20.867,26.083,3.913,26.083
2030,sc01,12-11 05:00:00+01:00,0.259,62.263,10.377,41.509,62.263,20.754,25.943,3.891,25.943
2030,sc01,12-11 06:00:00+01:00,0.259,62.151,10.358,41.434,62.151,20.717,25.896,3.884,25.896
2030,sc01,12-11 07:00:00+01:00,0.262,62.822,10.47,41.881,62.822,20.941,26.176,3.926,26.176
2030,sc01,12-11 08:00:00+01:00,0.269,64.66,10.777,43.107,64.66,21.553,26.942,4.041,26.942
2030,sc01,12-11 09:00:00+01:00,0.284,68.123,11.354,45.416,68.123,22.708,28.385,4.258,28.385
2030,sc01,12-11 10:00:00+01:00,0.295,70.722,11.787,47.148,70.722,23.574,29.467,4.42,29.467
2030,sc01,12-11 11:00:00+01:00,0.303,72.64,12.107,48.427,72.64,24.213,30.267,4.54,30.267
2030,sc01,12-11 12:00:00+01:00,0.302,72.439,12.073,48.293,72.439,24.146,30.183,4.527,30.183
2030,sc01,12-11 13:00:00+01:00,0.302,72.397,12.066,48.265,72.397,24.132,30.166,4.525,30.166
2030,sc01,12-11 14:00:00+01:00,0.306,73.555,12.259,49.037,73.555,24.518,30.648,4.597,30.648
2030,sc01,12-11 15:00:00+01:00,0.321,76.922,12.82,51.281,76.922,25.641,32.051,4.808,32.051
2030,sc01,12-11 16:00:00+01:00,0.337,80.946,13.491,53.964,80.946,26.982,33.728,5.059,33.728
2030,sc01,12-11 17:00:00+01:00,0.347,83.166,13.861,55.444,83.166,27.722,34.653,5.198,34.653
2030,sc01,12-11 18:00:00+01:00,0.345,82.829,13.805,55.219,82.829,27.61,34.512,5.177,34.512
2030,sc01,12-11 19:00:00+01:00,0.34,81.632,13.605,54.422,81.632,27.211,34.014,5.102,34.014
2030,sc01,12-11 20:00:00+01:00,0.333,79.989,13.332,53.326,79.989,26.663,33.329,4.999,33.329
2030,sc01,12-11 21:00:00+01:00,0.324,77.865,12.977,51.91,77.865,25.955,32.444,4.867,32.444
2030,sc01,12-11 22:00:00+01:00,0.31,74.285,12.381,49.523,74.285,24.762,30.952,4.643,30.952
2030,sc01,12-11 23:00:00+01:00,0.293,70.3,11.717,46.866,70.3,23.433,29.292,4.394,29.292
2030,sc01,12-12 00:00:00+01:00,0.3,72.0,12.0,48.0,72.0,24.0,30.0,4.5,30.0
2030,sc01,12-12 01:00:00+01:00,0.287,68.938,11.49,45.959,68.938,22.979,28.724,4.309,28.724
2030,sc01,12-12 02:00:00+01:00,0.275,66.104,11.017,44.069,66.104,22.035,27.543,4.131,27.543
2030,sc01,12-12 03:00:00+01:00,0.267,64.133,10.689,42.755,64.133,21.378,26.722,4.008,26.722
2030,sc01,12-12 04:00:00+01:00,0.261,62.6,10.433,41.734,62.6,20.867,26.083,3.913,26.083
2030,sc01,12-12 05:00:00+01:00,0.259,62.263,10.377,41.509,62.263,20.754,25.943,3.891,25.943
2030,sc01,12-12 06:00:00+01:00,0.259,62.151,10.358,41.434,62.151,20.717,25.896,3.884,25.896
2030,sc01,12-12 07:00:00+01:00,0.262,62.822,10.47,41.881,62.822,20.941,26.176,3.926,26.176
2030,sc01,12-12 08:00:00+01:00,0.269,64.66,10.777,43.107,64.66,21.553,26.942,4.041,26.942
2030,sc01,12-12 09:00:00+01:00,0.284,68.123,11.354,45.416,68.123,22.708,28.385,4.258,28.385
2030,sc01,12-12 10:00:00+01:00,0.295,70.722,11.787,47.148,70.722,23.574,29.467,4.42,29.467
2030,sc01,12-12 11:00:00+01:00,0.303,72.64,12.107,48.427,72.64,24.213,30.267,4.54,30.267
2030,sc01,12-12 12:00:00+01:00,0.302,72.439,12.073,48.293,72.439,24.146,30.183,4.527,30.183
2030,sc01,12-12 13:00:00+01:00,0.302,72.397,12.066,48.265,72.397,24.132,30.166,4.525,30.166
2030,sc01,12-12 14:00:00+01:00,0.306,73.555,12.259,49.037,73.555,24.518,30.648,4.597,30.648
2030,sc01,12-12 15:00:00+01:00,0.321,76.922,12.82,51.281,76.922,25.641,32.051,4.808,32.051
2030,sc01,12-12 16:00:00+01:00,0.337,80.946,13.491,53.964,80.946,26.982,33.728,5.059,33.728
2030,sc01,12-12 17:00:00+01:00,0.347,83.166,13.861,55.444,83.166,27.722,34.653,5.198,34.653
2030,sc01,12-12 18:00:00+01:00,0.345,82.829,13.805,55.219,82.829,27.61,34.512,5.177,34.512
2030,sc01,12-12 19:00:00+01:00,0.34,81.632,13.605,54.422,81.632,27.211,34.014,5.102,34.014
2030,sc01,12-12 20:00:00+01:00,0.333,79.989,13.332,53.326,79.989,26.663,33.329,4.999,33.329
2030,sc01,12-12 21:00:00+01:00,0.324,77.865,12.977,51.91,77.865,25.955,32.444,4.867,32.444
2030,sc01,12-12 22:00:00+01:00,0.31,74.285,12.381,49.523,74.285,24.762,30.952,4.643,30.952
2030,sc01,12-12 23:00:00+01:00,0.293,70.3,11.717,46.866,70.3,23.433,29.292,4.394,29.292
2030,sc01,12-13 00:00:00+01:00,0.3,72.0,12.0,48.0,72.0,24.0,30.0,4.5,30.0
2030,sc01,12-13 01:00:00+01:00,0.287,68.938,11.49,45.959,68.938,22.979,28.724,4.309,28.724
2030,sc01,12-13 02:00:00+01:00,0.275,66.104,11.017,44.069,66.104,22.035,27.543,4.131,27.543
2030,sc01,12-13 03:00:00+01:00,0.267,64.133,10.689,42.755,64.133,21.378,26.722,4.008,26.722
2030,sc01,12-13 04:00:00+01:00,0.261,62.6,10.433,41.734,62.6,20.867,26.083,3.913,26.083
2030,sc01,12-13 05:00:00+01:00,0.259,62.263,10.377,41.509,62.263,20.754,25.943,3.891,25.943
2030,sc01,12-13 06:00:00+01:00,0.259,62.151,10.358,41.434,62.151,20.717,25.896,3.884,25.896
2030,sc01,12-13 07:00:00+01:00,0.262,62.822,10.47,41.881,62.822,20.941,26.176,3.926,26.176
2030,sc01,12-13 08:00:00+01:00,0.269,64.66,10.777,43.107,64.66,21.553,26.942,4.041,26.942
2030,sc01,12-13 09:00:00+01:00,0.284,68.123,11.354,45.416,68.123,22.708,28.385,4.258,28.385
2030,sc01,12-13 10:00:00+01:00,0.295,70.722,11.787,47.148,70.722,23.574,29.467,4.42,29.467
2030,sc01,12-13 11:00:00+01:00,0.303,72.64,12.107,48.427,72.64,24.213,30.267,4.54,30.267
2030,sc01,12-13 12:00:00+01:00,0.302,72.439,12.073,48.293,72.439,24.146,30.183,4.527,30.183
2030,sc01,12-13 13:00:00+01:00,0.302,72.397,12.066,48.265,72.397,24.132,30.166,4.525,30.166
2030,sc01,12-13 14:00:00+01:00,0.306,73.555,12.259,49.037,73.555,24.518,30.648,4.597,30.648
2030,sc01,12-13 15:00:00+01:00,0.321,76.922,12.82,51.281,76.922,25.641,32.051,4.808,32.051
2030,sc01,12-13 16:00:00+01:00,0.337,80.946,13.491,53.964,80.946,26.982,33.728,5.059,33.728
2030,sc01,12-13 17:00:00+01:00,0.347,83.166,13.861,55.444,83.166,27.722,34.653,5.198,34.653
2030,sc01,12-13 18:00:00+01:00,0.345,82.829,13.805,55.219,82.829,27.61,34.512,5.177,34.512
2030,sc01,12-13 19:00:00+01:00,0.34,81.632,13.605,54.422,81.632,27.211,34.014,5.102,34.014
2030,sc01,12-13 20:00:00+01:00,0.333,79.989,13.332,53.326,79.989,26.663,33.329,4.999,33.329
2030,sc01,12-13 21:00:00+01:00,0.324,77.865,12.977,51.91,77.865,25.955,32.444,4.867,32.444
2030,sc01,12-13 22:00:00+01:00,0.31,74.285,12.381,49.523,74.285,24.762,30.952,4.643,30.952
2030,sc01,12-13 23:00:00+01:00,0.293,70.3,11.717,46.866,70.3,23.433,29.292,4.394,29.292
2030,sc01,12-14 00:00:00+01:00,0.3,72.0,12.0,48.0,72.0,24.0,30.0,4.5,30.0
2030,sc01,12-14 01:00:00+01:00,0.287,68.938,11.49,45.959,68.938,22.979,28.724,4.309,28.724
2030,sc01,12-14 02:00:00+01:00,0.275,66.104,11.017,44.069,66.104,22.035,27.543,4.131,27.543
2030,sc01,12-14 03:00:00+01:00,0.267,64.133,10.689,42.755,64.133,21.378,26.722,4.008,26.722
2030,sc01,12-14 04:00:00+01:00,0.261,62.6,10.433,41.734,62.6,20.867,26.083,3.913,26.083
2030,sc01,12-14 05:00:00+01:00,0.259,62.263,10.377,41.509,62.263,20.754,25.943,3.891,25.943
2030,sc01,12-14 06:00:00+01:00,0.259,62.151,10.358,41.434,62.151,20.717,25.896,3.884,25.896
2030,sc01,12-14 07:00:00+01:00,0.262,62.822,10.47,41.881,62.822,20.941,26.176,3.926,26.176
2030,sc01,12-14 08:00:00+01:00,0.269,64.66,10.777,43.107,64.66,21.553,26.942,4.041,26.942
2030,sc01,12-14 09:00:00+01:00,0.284,68.123,11.354,45.416,68.123,22.708,28.385,4.258,28.385
2030,sc01,12-14 10:00:00+01:00,0.295,70.722,11.787,47.148,70.722,23.574,29.467,4.42,29.467
2030,sc01,12-14 11:00:00+01:00,0.303,72.64,12.107,48.427,72.64,24.213,30.267,4.54,30.267
2030,sc01,12-14 12:00:00+01:00,0.302,72.439,12.073,48.293,72.439,24.146,30.183,4.527,30.183
2030,sc01,12-14 13:00:00+01:00,0.302,72.397,12.066,48.265,72.397,24.132,30.166,4.525,30.166
2030,sc01,12-14 14:00:00+01:00,0.306,73.555,12.259,49.037,73.555,24.518,30.648,4.597,30.648
2030,sc01,12-14 15:00:00+01:00,0.321,76.922,12.82,51.281,76.922,25.641,32.051,4.808,32.051
2030,sc01,12-14 16:00:00+01:00,0.337,80.946,13.491,53.964,80.946,26.982,33.728,5.059,33.728
2030,sc01,12-14 17:00:00+01:00,0.347,83.166,13.861,55.444,83.166,27.722,34.653,5.198,34.653
2030,sc01,12-14 18:00:00+01:00,0.345,82.829,13.805,55.219,82.829,27.61,34.512,5.177,34.512
2030,sc01,12-14 19:00:00+01:00,0.34,81.632,13.605,54.422,81.632,27.211,34.014,5.102,34.014
2030,sc01,12-14 20:00:00+01:00,0.333,79.989,13.332,53.326,79.989,26.663,33.329,4.999,33.329
2030,sc01,12-14 21:00:00+01:00,0.324,77.865,12.977,51.91,77.865,25.955,32.444,4.867,32.444
2030,sc01,12-14 22:00:00+01:00,0.31,74.285,12.381,49.523,74.285,24.762,30.952,4.643,30.952
2030,sc01,12-14 23:00:00+01:00,0.293,70.3,11.717,46.866,70.3,23.433,29.292,4.394,29.292
2030,sc01,12-15 00:00:00+01:00,0.3,72.0,12.0,48.0,72.0,24.0,30.0,4.5,30.0
2030,sc01,12-15 01:00:00+01:00,0.287,68.938,11.49,45.959,68.938,22.979,28.724,4.309,28.724
2030,sc01,12-15 02:00:00+01:00,0.275,66.104,11.017,44.069,66.104,22.035,27.543,4.131,27.543
2030,sc01,12-15 03:00:00+01:00,0.267,64.133,10.689,42.755,64.133,21.378,26.722,4.008,26.722
2030,sc01,12-15 04:00:00+01:00,0.261,62.6,10.433,41.734,62.6,20.867,26.083,3.913,26.083
2030,sc01,12-15 05:00:00+01:00,0.259,62.263,10.377,41.509,62.263,20.754,25.943,3.891,25.943
2030,sc01,12-15 06:00:00+01:00,0.259,62.151,10.358,41.434,62.151,20.717,25.896,3.884,25.896
2030,sc01,12-15 07:00:00+01:00,0.262,62.822,10.47,41.881,62.822,20.941,26.176,3.926,26.176
2030,sc01,12-15 08:00:00+01:00,0.269,64.66,10.777,43.107,64.66,21.553,26.942,4.041,26.942
2030,sc01,12-15 09:00:00+01:00,0.284,68.123,11.354,45.416,68.123,22.708,28.385,4.258,28.385
2030,sc01,12-15 10:00:00+01:00,0.295,70.722,11.787,47.148,70.722,23.574,29.467,4.42,29.467
2030,sc01,12-15 11:00:00+01:00,0.303,72.64,12.107,48.427,72.64,24.213,30.267,4.54,30.267
2030,sc01,12-15 12:00:00+01:00,0.302,72.439,12.073,48.293,72.439,24.146,30.183,4.527,30.183
2030,sc01,12-15 13:00:00+01:00,0.302,72.397,12.066,48.265,72.397,24.132,30.166,4.525,30.166
2030,sc01,12-15 14:00:00+01:00,0.306,73.555,12.259,49.037,73.555,24.518,30.648,4.597,30.648
2030,sc01,12-15 15:00:00+01:00,0.321,76.922,12.82,51.281,76.922,25.641,32.051,4.808,32.051
2030,sc01,12-15 16:00:00+01:00,0.337,80.946,13.491,53.964,80.946,26.982,33.728,5.059,33.728
2030,sc01,12-15 17:00:00+01:00,0.347,83.166,13.861,55.444,83.166,27.722,34.653,5.198,34.653
2030,sc01,12-15 18:00:00+01:00,0.345,82.829,13.805,55.219,82.829,27.61,34.512,5.177,34.512
2030,sc01,12-15 19:00:00+01:00,0.34,81.632,13.605,54.422,81.632,27.211,34.014,5.102,34.014
2030,sc01,12-15 20:00:00+01:00,0.333,79.989,13.332,53.326,79.989,26.663,33.329,4.999,33.329
2030,sc01,12-15 21:00:00+01:00,0.324,77.865,12.977,51.91,77.865,25.955,32.444,4.867,32.444
2030,sc01,12-15 22:00:00+01:00,0.31,74.285,12.381,49.523,74.285,24.762,30.952,4.643,30.952
2030,sc01,12-15 23:00:00+01:00,0.293,70.3,11.717,46.866,70.3,23.433,29.292,4.394,29.292
2030,sc01,12-16 00:00:00+01:00,0.3,72.0,12.0,48.0,72.0,24.0,30.0,4.5,30.0
2030,sc01,12-16 01:00:00+01:00,0.287,68.938,11.49,45.959,68.938,22.979,28.724,4.309,28.724
2030,sc01,12-16 02:00:00+01:00,0.275,66.104,11.017,44.069,66.104,22.035,27.543,4.131,27.543
2030,sc01,12-16 03:00:00+01:00,0.267,64.133,10.689,42.755,64.133,21.378,26.722,4.008,26.722
2030,sc01,12-16 04:00:00+01:00,0.261,62.6,10.433,41.734,62.6,20.867,26.083,3.913,26.083
2030,sc01,12-16 05:00:00+01:00,0.259,62.263,10.377,41.509,62.263,20.754,25.943,3.891,25.943
2030,sc01,12-16 06:00:00+01:00,0.259,62.151,10.358,41.434,62.151,20.717,25.896,3.884,25.896
2030,sc01,12-16 07:00:00+01:00,0.262,62.822,10.47,41.881,62.822,20.941,26.176,3.926,26.176
2030,sc01,12-16 08:00:00+01:00,0.269,64.66,10.777,43.107,64.66,21.553,26.942,4.041,26.942
2030,sc01,12-16 09:00:00+01:00,0.284,68.123,11.354,45.416,68.123,22.708,28.385,4.258,28.385
2030,sc01,12-16 10:00:00+01:00,0.295,70.722,11.787,47.148,70.722,23.574,29.467,4.42,29.467
2030,sc01,12-16 11:00:00+01:00,0.303,72.64,12.107,48.427,72.64,24.213,30.267,4.54,30.267
2030,sc01,12-16 12:00:00+01:00,0.302,72.439,12.073,48.293,72.439,24.146,30.183,4.527,30.183
2030,sc01,12-16 13:00:00+01:00,0.302,72.397,12.066,48.265,72.397,24.132,30.166,4.525,30.166
2030,sc01,12-16 14:00:00+01:00,0.306,73.555,12.259,49.037,73.555,24.518,30.648,4.597,30.648
2030,sc01,12-16 15:00:00+01:00,0.321,76.922,12.82,51.281,76.922,25.641,32.051,4.808,32.051
2030,sc01,12-16 16:00:00+01:00,0.337,80.946,13.491,53.964,80.946,26.982,33.728,5.059,33.728
2030,sc01,12-16 17:00:00+01:00,0.347,83.166,13.861,55.444,83.166,27.722,34.653,5.198,34.653
2030,sc01,12-16 18:00:00+01:00,0.345,82.829,13.805,55.219,82.829,27.61,34.512,5.177,34.512
2030,sc01,12-16 19:00:00+01:00,0.34,81.632,13.605,54.422,81.632,27.211,34.014,5.102,34.014
2030,sc01,12-16 20:00:00+01:00,0.333,79.989,13.332,53.326,79.989,26.663,33.329,4.999,33.329
2030,sc01,12-16 21:00:00+01:00,0.324,77.865,12.977,51.91,77.865,25.955,32.444,4.867,32.444
2030,sc01,12-16 22:00:00+01:00,0.31,74.285,12.381,49.523,74.285,24.762,30.952,4.643,30.952
2030,sc01,12-16 23:00:00+01:00,0.293,70.3,11.717,46.866,70.3,23.433,29.292,4.394,29.292
2030,sc01,12-17 00:00:00+01:00,0.3,72.0,12.0,48.0,72.0,24.0,30.0,4.5,30.0
2030,sc01,12-17 01:00:00+01:00,0.287,68.938,11.49,45.959,68.938,22.979,28.724,4.309,28.724
2030,sc01,12-17 02:00:00+01:00,0.275,66.104,11.017,44.069,66.104,22.035,27.543,4.131,27.543
2030,sc01,12-17 03:00:00+01:00,0.267,64.133,10.689,42.755,64.133,21.378,26.722,4.008,26.722
2030,sc01,12-17 04:00:00+01:00,0.261,62.6,10.433,41.734,62.6,20.867,26.083,3.913,26.083
2030,sc01,12-17 05:00:00+01:00,0.259,62.263,10.377,41.509,62.263,20.754,25.943,3.891,25.943
2030,sc01,12-17 06:00:00+01:00,0.259,62.151,10.358,41.434,62.151,20.717,25.896,3.884,25.896
2030,sc01,12-17 07:00:00+01:00,0.262,62.822,10.47,41.881,62.822,20.941,26.176,3.926,26.176
2030,sc01,12-17 08:00:00+01:00,0.269,64.66,10.777,43.107,64.66,21.553,26.942,4.041,26.942
2030,sc01,12-17 09:00:00+01:00,0.284,68.123,11.354,45.416,68.123,22.708,28.385,4.258,28.385
2030,sc01,12-17 10:00:00+01:00,0.295,70.722,11.787,47.148,70.722,23.574,29.467,4.42,29.467
2030,sc01,12-17 11:00:00+01:00,0.303,72.64,12.107,48.427,72.64,24.213,30.267,4.54,30.267
2030,sc01,12-17 12:00:00+01:00,0.302,72.439,12.073,48.293,72.439,24.146,30.183,4.527,30.183
2030,sc01,12-17 13:00:00+01:00,0.302,72.397,12.066,48.265,72.397,24.132,30.166,4.525,30.166
2030,sc01,12-17 14:00:00+01:00,0.306,73.555,12.259,49.037,73.555,24.518,30.648,4.597,30.648
2030,sc01,12-17 15:00:00+01:00,0.321,76.922,12.82,51.281,76.922,25.641,32.051,4.808,32.051
2030,sc01,12-17 16:00:00+01:00,0.337,80.946,13.491,53.964,80.946,26.982,33.728,5.059,33.728
2030,sc01,12-17 17:00:00+01:00,0.347,83.166,13.861,55.444,83.166,27.722,34.653,5.198,34.653
2030,sc01,12-17 18:00:00+01:00,0.345,82.829,13.805,55.219,82.829,27.61,34.512,5.177,34.512
2030,sc01,12-17 19:00:00+01:00,0.34,81.632,13.605,54.422,81.632,27.211,34.014,5.102,34.014
2030,sc01,12-17 20:00:00+01:00,0.333,79.989,13.332,53.326,79.989,26.663,33.329,4.999,33.329
2030,sc01,12-17 21:00:00+01:00,0.324,77.865,12.977,51.91,77.865,25.955,32.444,4.867,32.444
2030,sc01,12-17 22:00:00+01:00,0.31,74.285,12.381,49.523,74.285,24.762,30.952,4.643,30.952
2030,sc01,12-17 23:00:00+01:00,0.293,70.3,11.717,46.866,70.3,23.433,29.292,4.394,29.292
2030,sc01,12-18 00:00:00+01:00,0.3,72.0,12.0,48.0,72.0,24.0,30.0,4.5,30.0
2030,sc01,12-18 01:00:00+01:00,0.287,68.938,11.49,45.959,68.938,22.979,28.724,4.309,28.724
2030,sc01,12-18 02:00:00+01:00,0.275,66.104,11.017,44.069,66.104,22.035,27.543,4.131,27.543
2030,sc01,12-18 03:00:00+01:00,0.267,64.133,10.689,42.755,64.133,21.378,26.722,4.008,26.722
2030,sc01,12-18 04:00:00+01:00,0.261,62.6,10.433,41.734,62.6,20.867,26.083,3.913,26.083
2030,sc01,12-18 05:00:00+01:00,0.259,62.263,10.377,41.509,62.263,20.754,25.943,3.891,25.943
2030,sc01,12-18 06:00:00+01:00,0.259,62.151,10.358,41.434,62.151,20.717,25.896,3.884,25.896
2030,sc01,12-18 07:00:00+01:00,0.262,62.822,10.47,41.881,62.822,20.941,26.176,3.926,26.176
2030,sc01,12-18 08:00:00+01:00,0.269,64.66,10.777,43.107,64.66,21.553,26.942,4.041,26.942
2030,sc01,12-18 09:00:00+01:00,0.284,68.123,11.354,45.416,68.123,22.708,28.385,4.258,28.385
2030,sc01,12-18 10:00:00+01:00,0.295,70.722,11.787,47.148,70.722,23.574,29.467,4.42,29.467
2030,sc01,12-18 11:00:00+01:00,0.303,72.64,12.107,48.427,72.64,24.213,30.267,4.54,30.267
2030,sc01,12-18 12:00:00+01:00,0.302,72.439,12.073,48.293,72.439,24.146,30.183,4.527,30.183
2030,sc01,12-18 13:00:00+01:00,0.302,72.397,12.066,48.265,72.397,24.132,30.166,4.525,30.166
2030,sc01,12-18 14:00:00+01:00,0.306,73.555,12.259,49.037,73.555,24.518,30.648,4.597,30.648
2030,sc01,12-18 15:00:00+01:00,0.321,76.922,12.82,51.281,76.922,25.641,32.051,4.808,32.051
2030,sc01,12-18 16:00:00+01:00,0.337,80.946,13.491,53.964,80.946,26.982,33.728,5.059,33.728
2030,sc01,12-18 17:00:00+01:00,0.347,83.166,13.861,55.444,83.166,27.722,34.653,5.198,34.653
2030,sc01,12-18 18:00:00+01:00,0.345,82.829,13.805,55.219,82.829,27.61,34.512,5.177,34.512
2030,sc01,12-18 19:00:00+01:00,0.34,81.632,13.605,54.422,81.632,27.211,34.014,5.102,34.014
2030,sc01,12-18 20:00:00+01:00,0.333,79.989,13.332,53.326,79.989,26.663,33.329,4.999,33.329
2030,sc01,12-18 21:00:00+01:00,0.324,77.865,12.977,51.91,77.865,25.955,32.444,4.867,32.444
2030,sc01,12-18 22:00:00+01:00,0.31,74.285,12.381,49.523,74.285,24.762,30.952,4.643,30.952
2030,sc01,12-18 23:00:00+01:00,0.293,70.3,11.717,46.866,70.3,23.433,29.292,4.394,29.292
2030,sc01,12-19 00:00:00+01:00,0.3,72.0,12.0,48.0,72.0,24.0,30.0,4.5,30.0
2030,sc01,12-19 01:00:00+01:00,0.287,68.938,11.49,45.959,68.938,22.979,28.724,4.309,28.724
2030,sc01,12-19 02:00:00+01:00,0.275,66.104,11.017,44.069,66.104,22.035,27.543,4.131,27.543
2030,sc01,12-19 03:00:00+01:00,0.267,64.133,10.689,42.755,64.133,21.378,26.722,4.008,26.722
2030,sc01,12-19 04:00:00+01:00,0.261,62.6,10.433,41.734,62.6,20.867,26.083,3.913,26.083
2030,sc01,12-19 05:00:00+01:00,0.259,62.263,10.377,41.509,62.263,20.754,25.943,3.891,25.943
2030,sc01,12-19 06:00:00+01:00,0.259,62.151,10.358,41.434,62.151,20.717,25.896,3.884,25.896
2030,sc01,12-19 07:00:00+01:00,0.262,62.822,10.47,41.881,62.822,20.941,26.176,3.926,26.176
2030,sc01,12-19 08:00:00+01:00,0.269,64.66,10.777,43.107,64.66,21.553,26.942,4.041,26.942
2030,sc01,12-19 09:00:00+01:00,0.284,68.123,11.354,45.416,68.123,22.708,28.385,4.258,28.385
2030,sc01,12-19 10:00:00+01:00,0.295,70.722,11.787,47.148,70.722,23.574,29.467,4.42,29.467
2030,sc01,12-19 11:00:00+01:00,0.303,72.64,12.107,48.427,72.64,24.213,30.267,4.54,30.267
2030,sc01,12-19 12:00:00+01:00,0.302,72.439,12.073,48.293,72.439,24.146,30.183,4.527,30.183
2030,sc01,12-19 13:00:00+01:00,0.302,72.397,12.066,48.265,72.397,24.132,30.166,4.525,30.166
2030,sc01,12-19 14:00:00+01:00,0.306,73.555,12.259,49.037,73.555,24.518,30.648,4.597,30.648
2030,sc01,12-19 15:00:00+01:00,0.321,76.922,12.82,51.281,76.922,25.641,32.051,4.808,32.051
2030,sc01,12-19 16:00:00+01:00,0.337,80.946,13.491,53.964,80.946,26.982,33.728,5.059,33.728
2030,sc01,12-19 17:00:00+01:00,0.347,83.166,13.861,55.444,83.166,27.722,34.653,5.198,34.653
2030,sc01,12-19 18:00:00+01:00,0.345,82.829,13.805,55.219,82.829,27.61,34.512,5.177,34.512
2030,sc01,12-19 19:00:00+01:00,0.34,81.632,13.605,54.422,81.632,27.211,34.014,5.102,34.014
2030,sc01,12-19 20:00:00+01:00,0.333,79.989,13.332,53.326,79.989,26.663,33.329,4.999,33.329
2030,sc01,12-19 21:00:00+01:00,0.324,77.865,12.977,51.91,77.865,25.955,32.444,4.867,32.444
2030,sc01,12-19 22:00:00+01:00,0.31,74.285,12.381,49.523,74.285,24.762,30.952,4.643,30.952
2030,sc01,12-19 23:00:00+01:00,0.293,70.3,11.717,46.866,70.3,23.433,29.292,4.394,29.292
2030,sc01,12-20 00:00:00+01:00,0.3,72.0,12.0,48.0,72.0,24.0,30.0,4.5,30.0
2030,sc01,12-20 01:00:00+01:00,0.287,68.938,11.49,45.959,68.938,22.979,28.724,4.309,28.724
2030,sc01,12-20 02:00:00+01:00,0.275,66.104,11.017,44.069,66.104,22.035,27.543,4.131,27.543
2030,sc01,12-20 03:00:00+01:00,0.267,64.133,10.689,42.755,64.133,21.378,26.722,4.008,26.722
2030,sc01,12-20 04:00:00+01:00,0.261,62.6,10.433,41.734,62.6,20.867,26.083,3.913,26.083
2030,sc01,12-20 05:00:00+01:00,0.259,62.263,10.377,41.509,62.263,20.754,25.943,3.891,25.943
2030,sc01,12-20 06:00:00+01:00,0.259,62.151,10.358,41.434,62.151,20.717,25.896,3.884,25.896
2030,sc01,12-20 07:00:00+01:00,0.262,62.822,10.47,41.881,62.822,20.941,26.176,3.926,26.176
2030,sc01,12-20 08:00:00+01:00,0.269,64.66,10.777,43.107,64.66,21.553,26.942,4.041,26.942
2030,sc01,12-20 09:00:00+01:00,0.284,68.123,11.354,45.416,68.123,22.708,28.385,4.258,28.385
2030,sc01,12-20 10:00:00+01:00,0.295,70.722,11.787,47.148,70.722,23.574,29.467,4.42,29.467
2030,sc01,12-20 11:00:00+01:00,0.303,72.64,12.107,48.427,72.64,24.213,30.267,4.54,30.267
2030,sc01,12-20 12:00:00+01:00,0.302,72.439,12.073,48.293,72.439,24.146,30.183,4.527,30.183
2030,sc01,12-20 13:00:00+01:00,0.302,72.397,12.066,48.265,72.397,24.132,30.166,4.525,30.166
2030,sc01,12-20 14:00:00+01:00,0.306,73.555,12.259,49.037,73.555,24.518,30.648,4.597,30.648
2030,sc01,12-20 15:00:00+01:00,0.321,76.922,12.82,51.281,76.922,25.641,32.051,4.808,32.051
2030,sc01,12-20 16:00:00+01:00,0.337,80.946,13.491,53.964,80.946,26.982,33.728,5.059,33.728
2030,sc01,12-20 17:00:00+01:00,0.347,83.166,13.861,55.444,83.166,27.722,34.653,5.198,34.653
2030,sc01,12-20 18:00:00+01:00,0.345,82.829,13.805,55.219,82.829,27.61,34.512,5.177,34.512
2030,sc01,12-20 19:00:00+01:00,0.34,81.632,13.605,54.422,81.632,27.211,34.014,5.102,34.014
2030,sc01,12-20 20:00:00+01:00,0.333,79.989,13.332,53.326,79.989,26.663,33.329,4.999,33.329
2030,sc01,12-20 21:00:00+01:00,0.324,77.865,12.977,51.91,77.865,25.955,32.444,4.867,32.444
2030,sc01,12-20 22:00:00+01:00,0.31,74.285,12.381,49.523,74.285,24.762,30.952,4.643,30.952
2030,sc01,12-20 23:00:00+01:00,0.293,70.3,11.717,46.866,70.3,23.433,29.292,4.394,29.292
2030,sc01,12-21 00:00:00+01:00,0.3,72.0,12.0,48.0,72.0,24.0,30.0,4.5,30.0
2030,sc01,12-21 01:00:00+01:00,0.287,68.938,11.49,45.959,68.938,22.979,28.724,4.309,28.724
2030,sc01,12-21 02:00:00+01:00,0.275,66.104,11.017,44.069,66.104,22.035,27.543,4.131,27.543
2030,sc01,12-21 03:00:00+01:00,0.267,64.133,10.689,42.755,64.133,21.378,26.722,4.008,26.722
2030,sc01,12-21 04:00:00+01:00,0.261,62.6,10.433,41.734,62.6,20.867,26.083,3.913,26.083
2030,sc01,12-21 05:00:00+01:00,0.259,62.263,10.377,41.509,62.263,20.754,25.943,3.891,25.943
2030,sc01,12-21 06:00:00+01:00,0.259,62.151,10.358,41.434,62.151,20.717,25.896,3.884,25.896
2030,sc01,12-21 07:00:00+01:00,0.262,62.822,10.47,41.881,62.822,20.941,26.176,3.926,26.176
2030,sc01,12-21 08:00:00+01:00,0.269,64.66,10.777,43.107,64.66,21.553,26.942,4.041,26.942
2030,sc01,12-21 09:00:00+01:00,0.284,68.123,11.354,45.416,68.123,22.708,28.385,4.258,28.385
2030,sc01,12-21 10:00:00+01:00,0.295,70.722,11.787,47.148,70.722,23.574,29.467,4.42,29.467
2030,sc01,12-21 11:00:00+01:00,0.303,72.64,12.107,48.427,72.64,24.213,30.267,4.54,30.267
2030,sc01,12-21 12:00:00+01:00,0.302,72.439,12.073,48.293,72.439,24.146,30.183,4.527,30.183
2030,sc01,12-21 13:00:00+01:00,0.302,72.397,12.066,48.265,72.397,24.132,30.166,4.525,30.166
2030,sc01,12-21 14:00:00+01:00,0.306,73.555,12.259,49.037,73.555,24.518,30.648,4.597,30.648
2030,sc01,12-21 15:00:00+01:00,0.321,76.922,12.82,51.281,76.922,25.641,32.051,4.808,32.051
2030,sc01,12-21 16:00:00+01:00,0.337,80.946,13.491,53.964,80.946,26.982,33.728,5.059,33.728
2030,sc01,12-21 17:00:00+01:00,0.347,83.166,13.861,55.444,83.166,27.722,34.653,5.198,34.653
2030,sc01,12-21 18:00:00+01:00,0.345,82.829,13.805,55.219,82.829,27.61,34.512,5.177,34.512
2030,sc01,12-21 19:00:00+01:00,0.34,81.632,13.605,54.422,81.632,27.211,34.014,5.102,34.014
2030,sc01,12-21 20:00:00+01:00,0.333,79.989,13.332,53.326,79.989,26.663,33.329,4.999,33.329
2030,sc01,12-21 21:00:00+01:00,0.324,77.865,12.977,51.91,77.865,25.955,32.444,4.867,32.444
2030,sc01,12-21 22:00:00+01:00,0.31,74.285,12.381,49.523,74.285,24.762,30.952,4.643,30.952
2030,sc01,12-21 23:00:00+01:00,0.293,70.3,11.717,46.866,70.3,23.433,29.292,4.394,29.292
2030,sc01,12-22 00:00:00+01:00,0.3,72.0,12.0,48.0,72.0,24.0,30.0,4.5,30.0
2030,sc01,12-22 01:00:00+01:00,0.287,68.938,11.49,45.959,68.938,22.979,28.724,4.309,28.724
2030,sc01,12-22 02:00:00+01:00,0.275,66.104,11.017,44.069,66.104,22.035,27.543,4.131,27.543
2030,sc01,12-22 03:00:00+01:00,0.267,64.133,10.689,42.755,64.133,21.378,26.722,4.008,26.722
2030,sc01,12-22 04:00:00+01:00,0.261,62.6,10.433,41.734,62.6,20.867,26.083,3.913,26.083
2030,sc01,12-22 05:00:00+01:00,0.259,62.263,10.377,41.509,62.263,20.754,25.943,3.891,25.943
2030,sc01,12-22 06:00:00+01:00,0.259,62.151,10.358,41.434,62.151,20.717,25.896,3.884,25.896
2030,sc01,12-22 07:00:00+01:00,0.262,62.822,10.47,41.881,62.822,20.941,26.176,3.926,26.176
2030,sc01,12-22 08:00:00+01:00,0.269,64.66,10.777,43.107,64.66,21.553,26.942,4.041,26.942
2030,sc01,12-22 09:00:00+01:00,0.284,68.123,11.354,45.416,68.123,22.708,28.385,4.258,28.385
2030,sc01,12-22 10:00:00+01:00,0.295,70.722,11.787,47.148,70.722,23.574,29.467,4.42,29.467
2030,sc01,12-22 11:00:00+01:00,0.303,72.64,12.107,48.427,72.64,24.213,30.267,4.54,30.267
2030,sc01,12-22 12:00:00+01:00,0.302,72.439,12.073,48.293,72.439,24.146,30.183,4.527,30.183
2030,sc01,12-22 13:00:00+01:00,0.302,72.397,12.066,48.265,72.397,24.132,30.166,4.525,30.166
2030,sc01,12-22 14:00:00+01:00,0.306,73.555,12.259,49.037,73.555,24.518,30.648,4.597,30.648
2030,sc01,12-22 15:00:00+01:00,0.321,76.922,12.82,51.281,76.922,25.641,32.051,4.808,32.051
2030,sc01,12-22 16:00:00+01:00,0.337,80.946,13.491,53.964,80.946,26.982,33.728,5.059,33.728
2030,sc01,12-22 17:00:00+01:00,0.347,83.166,13.861,55.444,83.166,27.722,34.653,5.198,34.653
2030,sc01,12-22 18:00:00+01:00,0.345,82.829,13.805,55.219,82.829,27.61,34.512,5.177,34.512
2030,sc01,12-22 19:00:00+01:00,0.34,81.632,13.605,54.422,81.632,27.211,34.014,5.102,34.014
2030,sc01,12-22 20:00:00+01:00,0.333,79.989,13.332,53.326,79.989,26.663,33.329,4.999,33.329
2030,sc01,12-22 21:00:00+01:00,0.324,77.865,12.977,51.91,77.865,25.955,32.444,4.867,32.444
2030,sc01,12-22 22:00:00+01:00,0.31,74.285,12.381,49.523,74.285,24.762,30.952,4.643,30.952
2030,sc01,12-22 23:00:00+01:00,0.293,70.3,11.717,46.866,70.3,23.433,29.292,4.394,29.292
2030,sc01,12-23 00:00:00+01:00,0.3,72.0,12.0,48.0,72.0,24.0,30.0,4.5,30.0
2030,sc01,12-23 01:00:00+01:00,0.287,68.938,11.49,45.959,68.938,22.979,28.724,4.309,28.724
2030,sc01,12-23 02:00:00+01:00,0.275,66.104,11.017,44.069,66.104,22.035,27.543,4.131,27.543
2030,sc01,12-23 03:00:00+01:00,0.267,64.133,10.689,42.755,64.133,21.378,26.722,4.008,26.722
2030,sc01,12-23 04:00:00+01:00,0.261,62.6,10.433,41.734,62.6,20.867,26.083,3.913,26.083
2030,sc01,12-23 05:00:00+01:00,0.259,62.263,10.377,41.509,62.263,20.754,25.943,3.891,25.943
2030,sc01,12-23 06:00:00+01:00,0.259,62.151,10.358,41.434,62.151,20.717,25.896,3.884,25.896
2030,sc01,12-23 07:00:00+01:00,0.262,62.822,10.47,41.881,62.822,20.941,26.176,3.926,26.176
2030,sc01,12-23 08:00:00+01:00,0.269,64.66,10.777,43.107,64.66,21.553,26.942,4.041,26.942
2030,sc01,12-23 09:00:00+01:00,0.284,68.123,11.354,45.416,68.123,22.708,28.385,4.258,28.385
2030,sc01,12-23 10:00:00+01:00,0.295,70.722,11.787,47.148,70.722,23.574,29.467,4.42,29.467
2030,sc01,12-23 11:00:00+01:00,0.303,72.64,12.107,48.427,72.64,24.213,30.267,4.54,30.267
2030,sc01,12-23 12:00:00+01:00,0.302,72.439,12.073,48.293,72.439,24.146,30.183,4.527,30.183
2030,sc01,12-23 13:00:00+01:00,0.302,72.397,12.066,48.265,72.397,24.132,30.166,4.525,30.166
2030,sc01,12-23 14:00:00+01:00,0.306,73.555,12.259,49.037,73.555,24.518,30.648,4.597,30.648
2030,sc01,12-23 15:00:00+01:00,0.321,76.922,12.82,51.281,76.922,25.641,32.051,4.808,32.051
2030,sc01,12-23 16:00:00+01:00,0.337,80.946,13.491,53.964,80.946,26.982,33.728,5.059,33.728
2030,sc01,12-23 17:00:00+01:00,0.347,83.166,13.861,55.444,83.166,27.722,34.653,5.198,34.653
2030,sc01,12-23 18:00:00+01:00,0.345,82.829,13.805,55.219,82.829,27.61,34.512,5.177,34.512
2030,sc01,12-23 19:00:00+01:00,0.34,81.632,13.605,54.422,81.632,27.211,34.014,5.102,34.014
2030,sc01,12-23 20:00:00+01:00,0.333,79.989,13.332,53.326,79.989,26.663,33.329,4.999,33.329
2030,sc01,12-23 21:00:00+01:00,0.324,77.865,12.977,51.91,77.865,25.955,32.444,4.867,32.444
2030,sc01,12-23 22:00:00+01:00,0.31,74.285,12.381,49.523,74.285,24.762,30.952,4.643,30.952
2030,sc01,12-23 23:00:00+01:00,0.293,70.3,11.717,46.866,70.3,23.433,29.292,4.394,29.292
2030,sc01,12-24 00:00:00+01:00,0.3,72.0,12.0,48.0,72.0,24.0,30.0,4.5,30.0
2030,sc01,12-24 01:00:00+01:00,0.287,68.938,11.49,45.959,68.938,22.979,28.724,4.309,28.724
2030,sc01,12-24 02:00:00+01:00,0.275,66.104,11.017,44.069,66.104,22.035,27.543,4.131,27.543
2030,sc01,12-24 03:00:00+01:00,0.267,64.133,10.689,42.755,64.133,21.378,26.722,4.008,26.722
2030,sc01,12-24 04:00:00+01:00,0.261,62.6,10.433,41.734,62.6,20.867,26.083,3.913,26.083
2030,sc01,12-24 05:00:00+01:00,0.259,62.263,10.377,41.509,62.263,20.754,25.943,3.891,25.943
2030,sc01,12-24 06:00:00+01:00,0.259,62.151,10.358,41.434,62.151,20.717,25.896,3.884,25.896
2030,sc01,12-24 07:00:00+01:00,0.262,62.822,10.47,41.881,62.822,20.941,26.176,3.926,26.176
2030,sc01,12-24 08:00:00+01:00,0.269,64.66,10.777,43.107,64.66,21.553,26.942,4.041,26.942
2030,sc01,12-24 09:00:00+01:00,0.284,68.123,11.354,45.416,68.123,22.708,28.385,4.258,28.385
2030,sc01,12-24 10:00:00+01:00,0.295,70.722,11.787,47.148,70.722,23.574,29.467,4.42,29.467
2030,sc01,12-24 11:00:00+01:00,0.303,72.64,12.107,48.427,72.64,24.213,30.267,4.54,30.267
2030,sc01,12-24 12:00:00+01:00,0.302,72.439,12.073,48.293,72.439,24.146,30.183,4.527,30.183
2030,sc01,12-24 13:00:00+01:00,0.302,72.397,12.066,48.265,72.397,24.132,30.166,4.525,30.166
2030,sc01,12-24 14:00:00+01:00,0.306,73.555,12.259,49.037,73.555,24.518,30.648,4.597,30.648
2030,sc01,12-24 15:00:00+01:00,0.321,76.922,12.82,51.281,76.922,25.641,32.051,4.808,32.051
2030,sc01,12-24 16:00:00+01:00,0.337,80.946,13.491,53.964,80.946,26.982,33.728,5.059,33.728
2030,sc01,12-24 17:00:00+01:00,0.347,83.166,13.861,55.444,83.166,27.722,34.653,5.198,34.653
2030,sc01,12-24 18:00:00+01:00,0.345,82.829,13.805,55.219,82.829,27.61,34.512,5.177,34.512
2030,sc01,12-24 19:00:00+01:00,0.34,81.632,13.605,54.422,81.632,27.211,34.014,5.102,34.014
2030,sc01,12-24 20:00:00+01:00,0.333,79.989,13.332,53.326,79.989,26.663,33.329,4.999,33.329
2030,sc01,12-24 21:00:00+01:00,0.324,77.865,12.977,51.91,77.865,25.955,32.444,4.867,32.444
2030,sc01,12-24 22:00:00+01:00,0.31,74.285,12.381,49.523,74.285,24.762,30.952,4.643,30.952
2030,sc01,12-24 23:00:00+01:00,0.293,70.3,11.717,46.866,70.3,23.433,29.292,4.394,29.292
2030,sc01,12-25 00:00:00+01:00,0.3,72.0,12.0,48.0,72.0,24.0,30.0,4.5,30.0
2030,sc01,12-25 01:00:00+01:00,0.287,68.938,11.49,45.959,68.938,22.979,28.724,4.309,28.724
2030,sc01,12-25 02:00:00+01:00,0.275,66.104,11.017,44.069,66.104,22.035,27.543,4.131,27.543
2030,sc01,12-25 03:00:00+01:00,0.267,64.133,10.689,42.755,64.133,21.378,26.722,4.008,26.722
2030,sc01,12-25 04:00:00+01:00,0.261,62.6,10.433,41.734,62.6,20.867,26.083,3.913,26.083
2030,sc01,12-25 05:00:00+01:00,0.259,62.263,10.377,41.509,62.263,20.754,25.943,3.891,25.943
2030,sc01,12-25 06:00:00+01:00,0.259,62.151,10.358,41.434,62.151,20.717,25.896,3.884,25.896
2030,sc01,12-25 07:00:00+01:00,0.262,62.822,10.47,41.881,62.822,20.941,26.176,3.926,26.176
2030,sc01,12-25 08:00:00+01:00,0.269,64.66,10.777,43.107,64.66,21.553,26.942,4.041,26.942
2030,sc01,12-25 09:00:00+01:00,0.284,68.123,11.354,45.416,68.123,22.708,28.385,4.258,28.385
2030,sc01,12-25 10:00:00+01:00,0.295,70.722,11.787,47.148,70.722,23.574,29.467,4.42,29.467
2030,sc01,12-25 11:00:00+01:00,0.303,72.64,12.107,48.427,72.64,24.213,30.267,4.54,30.267
2030,sc01,12-25 12:00:00+01:00,0.302,72.439,12.073,48.293,72.439,24.146,30.183,4.527,30.183
2030,sc01,12-25 13:00:00+01:00,0.302,72.397,12.066,48.265,72.397,24.132,30.166,4.525,30.166
2030,sc01,12-25 14:00:00+01:00,0.306,73.555,12.259,49.037,73.555,24.518,30.648,4.597,30.648
2030,sc01,12-25 15:00:00+01:00,0.321,76.922,12.82,51.281,76.922,25.641,32.051,4.808,32.051
2030,sc01,12-25 16:00:00+01:00,0.337,80.946,13.491,53.964,80.946,26.982,33.728,5.059,33.728
2030,sc01,12-25 17:00:00+01:00,0.347,83.166,13.861,55.444,83.166,27.722,34.653,5.198,34.653
2030,sc01,12-25 18:00:00+01:00,0.345,82.829,13.805,55.219,82.829,27.61,34.512,5.177,34.512
2030,sc01,12-25 19:00:00+01:00,0.34,81.632,13.605,54.422,81.632,27.211,34.014,5.102,34.014
2030,sc01,12-25 20:00:00+01:00,0.333,79.989,13.332,53.326,79.989,26.663,33.329,4.999,33.329
2030,sc01,12-25 21:00:00+01:00,0.324,77.865,12.977,51.91,77.865,25.955,32.444,4.867,32.444
2030,sc01,12-25 22:00:00+01:00,0.31,74.285,12.381,49.523,74.285,24.762,30.952,4.643,30.952
2030,sc01,12-25 23:00:00+01:00,0.293,70.3,11.717,46.866,70.3,23.433,29.292,4.394,29.292
2030,sc01,12-26 00:00:00+01:00,0.3,72.0,12.0,48.0,72.0,24.0,30.0,4.5,30.0
2030,sc01,12-26 01:00:00+01:00,0.287,68.938,11.49,45.959,68.938,22.979,28.724,4.309,28.724
2030,sc01,12-26 02:00:00+01:00,0.275,66.104,11.017,44.069,66.104,22.035,27.543,4.131,27.543
2030,sc01,12-26 03:00:00+01:00,0.267,64.133,10.689,42.755,64.133,21.378,26.722,4.008,26.722
2030,sc01,12-26 04:00:00+01:00,0.261,62.6,10.433,41.734,62.6,20.867,26.083,3.913,26.083
2030,sc01,12-26 05:00:00+01:00,0.259,62.263,10.377,41.509,62.263,20.754,25.943,3.891,25.943
2030,sc01,12-26 06:00:00+01:00,0.259,62.151,10.358,41.434,62.151,20.717,25.896,3.884,25.896
2030,sc01,12-26 07:00:00+01:00,0.262,62.822,10.47,41.881,62.822,20.941,26.176,3.926,26.176
2030,sc01,12-26 08:00:00+01:00,0.269,64.66,10.777,43.107,64.66,21.553,26.942,4.041,26.942
2030,sc01,12-26 09:00:00+01:00,0.284,68.123,11.354,45.416,68.123,22.708,28.385,4.258,28.385
2030,sc01,12-26 10:00:00+01:00,0.295,70.722,11.787,47.148,70.722,23.574,29.467,4.42,29.467
2030,sc01,12-26 11:00:00+01:00,0.303,72.64,12.107,48.427,72.64,24.213,30.267,4.54,30.267
2030,sc01,12-26 12:00:00+01:00,0.302,72.439,12.073,48.293,72.439,24.146,30.183,4.527,30.183
2030,sc01,12-26 13:00:00+01:00,0.302,72.397,12.066,48.265,72.397,24.132,30.166,4.525,30.166
2030,sc01,12-26 14:00:00+01:00,0.306,73.555,12.259,49.037,73.555,24.518,30.648,4.597,30.648
2030,sc01,12-26 15:00:00+01:00,0.321,76.922,12.82,51.281,76.922,25.641,32.051,4.808,32.051
2030,sc01,12-26 16:00:00+01:00,0.337,80.946,13.491,53.964,80.946,26.982,33.728,5.059,33.728
2030,sc01,12-26 17:00:00+01:00,0.347,83.166,13.861,55.444,83.166,27.722,34.653,5.198,34.653
2030,sc01,12-26 18:00:00+01:00,0.345,82.829,13.805,55.219,82.829,27.61,34.512,5.177,34.512
2030,sc01,12-26 19:00:00+01:00,0.34,81.632,13.605,54.422,81.632,27.211,34.014,5.102,34.014
2030,sc01,12-26 20:00:00+01:00,0.333,79.989,13.332,53.326,79.989,26.663,33.329,4.999,33.329
2030,sc01,12-26 21:00:00+01:00,0.324,77.865,12.977,51.91,77.865,25.955,32.444,4.867,32.444
2030,sc01,12-26 22:00:00+01:00,0.31,74.285,12.381,49.523,74.285,24.762,30.952,4.643,30.952
2030,sc01,12-26 23:00:00+01:00,0.293,70.3,11.717,46.866,70.3,23.433,29.292,4.394,29.292
2030,sc01,12-27 00:00:00+01:00,0.3,72.0,12.0,48.0,72.0,24.0,30.0,4.5,30.0
2030,sc01,12-27 01:00:00+01:00,0.287,68.938,11.49,45.959,68.938,22.979,28.724,4.309,28.724
2030,sc01,12-27 02:00:00+01:00,0.275,66.104,11.017,44.069,66.104,22.035,27.543,4.131,27.543
2030,sc01,12-27 03:00:00+01:00,0.267,64.133,10.689,42.755,64.133,21.378,26.722,4.008,26.722
2030,sc01,12-27 04:00:00+01:00,0.261,62.6,10.433,41.734,62.6,20.867,26.083,3.913,26.083
2030,sc01,12-27 05:00:00+01:00,0.259,62.263,10.377,41.509,62.263,20.754,25.943,3.891,25.943
2030,sc01,12-27 06:00:00+01:00,0.259,62.151,10.358,41.434,62.151,20.717,25.896,3.884,25.896
2030,sc01,12-27 07:00:00+01:00,0.262,62.822,10.47,41.881,62.822,20.941,26.176,3.926,26.176
2030,sc01,12-27 08:00:00+01:00,0.269,64.66,10.777,43.107,64.66,21.553,26.942,4.041,26.942
2030,sc01,12-27 09:00:00+01:00,0.284,68.123,11.354,45.416,68.123,22.708,28.385,4.258,28.385
2030,sc01,12-27 10:00:00+01:00,0.295,70.722,11.787,47.148,70.722,23.574,29.467,4.42,29.467
2030,sc01,12-27 11:00:00+01:00,0.303,72.64,12.107,48.427,72.64,24.213,30.267,4.54,30.267
2030,sc01,12-27 12:00:00+01:00,0.302,72.439,12.073,48.293,72.439,24.146,30.183,4.527,30.183
2030,sc01,12-27 13:00:00+01:00,0.302,72.397,12.066,48.265,72.397,24.132,30.166,4.525,30.166
2030,sc01,12-27 14:00:00+01:00,0.306,73.555,12.259,49.037,73.555,24.518,30.648,4.597,30.648
2030,sc01,12-27 15:00:00+01:00,0.321,76.922,12.82,51.281,76.922,25.641,32.051,4.808,32.051
2030,sc01,12-27 16:00:00+01:00,0.337,80.946,13.491,53.964,80.946,26.982,33.728,5.059,33.728
2030,sc01,12-27 17:00:00+01:00,0.347,83.166,13.861,55.444,83.166,27.722,34.653,5.198,34.653
2030,sc01,12-27 18:00:00+01:00,0.345,82.829,13.805,55.219,82.829,27.61,34.512,5.177,34.512
2030,sc01,12-27 19:00:00+01:00,0.34,81.632,13.605,54.422,81.632,27.211,34.014,5.102,34.014
2030,sc01,12-27 20:00:00+01:00,0.333,79.989,13.332,53.326,79.989,26.663,33.329,4.999,33.329
2030,sc01,12-27 21:00:00+01:00,0.324,77.865,12.977,51.91,77.865,25.955,32.444,4.867,32.444
2030,sc01,12-27 22:00:00+01:00,0.31,74.285,12.381,49.523,74.285,24.762,30.952,4.643,30.952
2030,sc01,12-27 23:00:00+01:00,0.293,70.3,11.717,46.866,70.3,23.433,29.292,4.394,29.292
2030,sc01,12-28 00:00:00+01:00,0.3,72.0,12.0,48.0,72.0,24.0,30.0,4.5,30.0
2030,sc01,12-28 01:00:00+01:00,0.287,68.938,11.49,45.959,68.938,22.979,28.724,4.309,28.724
2030,sc01,12-28 02:00:00+01:00,0.275,66.104,11.017,44.069,66.104,22.035,27.543,4.131,27.543
2030,sc01,12-28 03:00:00+01:00,0.267,64.133,10.689,42.755,64.133,21.378,26.722,4.008,26.722
2030,sc01,12-28 04:00:00+01:00,0.261,62.6,10.433,41.734,62.6,20.867,26.083,3.913,26.083
2030,sc01,12-28 05:00:00+01:00,0.259,62.263,10.377,41.509,62.263,20.754,25.943,3.891,25.943
2030,sc01,12-28 06:00:00+01:00,0.259,62.151,10.358,41.434,62.151,20.717,25.896,3.884,25.896
2030,sc01,12-28 07:00:00+01:00,0.262,62.822,10.47,41.881,62.822,20.941,26.176,3.926,26.176
2030,sc01,12-28 08:00:00+01:00,0.269,64.66,10.777,43.107,64.66,21.553,26.942,4.041,26.942
2030,sc01,12-28 09:00:00+01:00,0.284,68.123,11.354,45.416,68.123,22.708,28.385,4.258,28.385
2030,sc01,12-28 10:00:00+01:00,0.295,70.722,11.787,47.148,70.722,23.574,29.467,4.42,29.467
2030,sc01,12-28 11:00:00+01:00,0.303,72.64,12.107,48.427,72.64,24.213,30.267,4.54,30.267
2030,sc01,12-28 12:00:00+01:00,0.302,72.439,12.073,48.293,72.439,24.146,30.183,4.527,30.183
2030,sc01,12-28 13:00:00+01:00,0.302,72.397,12.066,48.265,72.397,24.132,30.166,4.525,30.166
2030,sc01,12-28 14:00:00+01:00,0.306,73.555,12.259,49.037,73.555,24.518,30.648,4.597,30.648
2030,sc01,12-28 15:00:00+01:00,0.321,76.922,12.82,51.281,76.922,25.641,32.051,4.808,32.051
2030,sc01,12-28 16:00:00+01:00,0.337,80.946,13.491,53.964,80.946,26.982,33.728,5.059,33.728
2030,sc01,12-28 17:00:00+01:00,0.347,83.166,13.861,55.444,83.166,27.722,34.653,5.198,34.653
2030,sc01,12-28 18:00:00+01:00,0.345,82.829,13.805,55.219,82.829,27.61,34.512,5.177,34.512
2030,sc01,12-28 19:00:00+01:00,0.34,81.632,13.605,54.422,81.632,27.211,34.014,5.102,34.014
2030,sc01,12-28 20:00:00+01:00,0.333,79.989,13.332,53.326,79.989,26.663,33.329,4.999,33.329
2030,sc01,12-28 21:00:00+01:00,0.324,77.865,12.977,51.91,77.865,25.955,32.444,4.867,32.444
2030,sc01,12-28 22:00:00+01:00,0.31,74.285,12.381,49.523,74.285,24.762,30.952,4.643,30.952
2030,sc01,12-28 23:00:00+01:00,0.293,70.3,11.717,46.866,70.3,23.433,29.292,4.394,29.292
2030,sc01,12-29 00:00:00+01:00,0.3,72.0,12.0,48.0,72.0,24.0,30.0,4.5,30.0
2030,sc01,12-29 01:00:00+01:00,0.287,68.938,11.49,45.959,68.938,22.979,28.724,4.309,28.724
2030,sc01,12-29 02:00:00+01:00,0.275,66.104,11.017,44.069,66.104,22.035,27.543,4.131,27.543
2030,sc01,12-29 03:00:00+01:00,0.267,64.133,10.689,42.755,64.133,21.378,26.722,4.008,26.722
2030,sc01,12-29 04:00:00+01:00,0.261,62.6,10.433,41.734,62.6,20.867,26.083,3.913,26.083
2030,sc01,12-29 05:00:00+01:00,0.259,62.263,10.377,41.509,62.263,20.754,25.943,3.891,25.943
2030,sc01,12-29 06:00:00+01:00,0.259,62.151,10.358,41.434,62.151,20.717,25.896,3.884,25.896
2030,sc01,12-29 07:00:00+01:00,0.262,62.822,10.47,41.881,62.822,20.941,26.176,3.926,26.176
2030,sc01,12-29 08:00:00+01:00,0.269,64.66,10.777,43.107,64.66,21.553,26.942,4.041,26.942
2030,sc01,12-29 09:00:00+01:00,0.284,68.123,11.354,45.416,68.123,22.708,28.385,4.258,28.385
2030,sc01,12-29 10:00:00+01:00,0.295,70.722,11.787,47.148,70.722,23.574,29.467,4.42,29.467
2030,sc01,12-29 11:00:00+01:00,0.303,72.64,12.107,48.427,72.64,24.213,30.267,4.54,30.267
2030,sc01,12-29 12:00:00+01:00,0.302,72.439,12.073,48.293,72.439,24.146,30.183,4.527,30.183
2030,sc01,12-29 13:00:00+01:00,0.302,72.397,12.066,48.265,72.397,24.132,30.166,4.525,30.166
2030,sc01,12-29 14:00:00+01:00,0.306,73.555,12.259,49.037,73.555,24.518,30.648,4.597,30.648
2030,sc01,12-29 15:00:00+01:00,0.321,76.922,12.82,51.281,76.922,25.641,32.051,4.808,32.051
2030,sc01,12-29 16:00:00+01:00,0.337,80.946,13.491,53.964,80.946,26.982,33.728,5.059,33.728
2030,sc01,12-29 17:00:00+01:00,0.347,83.166,13.861,55.444,83.166,27.722,34.653,5.198,34.653
2030,sc01,12-29 18:00:00+01:00,0.345,82.829,13.805,55.219,82.829,27.61,34.512,5.177,34.512
2030,sc01,12-29 19:00:00+01:00,0.34,81.632,13.605,54.422,81.632,27.211,34.014,5.102,34.014
2030,sc01,12-29 20:00:00+01:00,0.333,79.989,13.332,53.326,79.989,26.663,33.329,4.999,33.329
2030,sc01,12-29 21:00:00+01:00,0.324,77.865,12.977,51.91,77.865,25.955,32.444,4.867,32.444
2030,sc01,12-29 22:00:00+01:00,0.31,74.285,12.381,49.523,74.285,24.762,30.952,4.643,30.952
2030,sc01,12-29 23:00:00+01:00,0.293,70.3,11.717,46.866,70.3,23.433,29.292,4.394,29.292
2030,sc01,12-30 00:00:00+01:00,0.3,72.0,12.0,48.0,72.0,24.0,30.0,4.5,30.0
2030,sc01,12-30 01:00:00+01:00,0.287,68.938,11.49,45.959,68.938,22.979,28.724,4.309,28.724
2030,sc01,12-30 02:00:00+01:00,0.275,66.104,11.017,44.069,66.104,22.035,27.543,4.131,27.543
2030,sc01,12-30 03:00:00+01:00,0.267,64.133,10.689,42.755,64.133,21.378,26.722,4.008,26.722
2030,sc01,12-30 04:00:00+01:00,0.261,62.6,10.433,41.734,62.6,20.867,26.083,3.913,26.083
2030,sc01,12-30 05:00:00+01:00,0.259,62.263,10.377,41.509,62.263,20.754,25.943,3.891,25.943
2030,sc01,12-30 06:00:00+01:00,0.259,62.151,10.358,41.434,62.151,20.717,25.896,3.884,25.896
2030,sc01,12-30 07:00:00+01:00,0.262,62.822,10.47,41.881,62.822,20.941,26.176,3.926,26.176
2030,sc01,12-30 08:00:00+01:00,0.269,64.66,10.777,43.107,64.66,21.553,26.942,4.041,26.942
2030,sc01,12-30 09:00:00+01:00,0.284,68.123,11.354,45.416,68.123,22.708,28.385,4.258,28.385
2030,sc01,12-30 10:00:00+01:00,0.295,70.722,11.787,47.148,70.722,23.574,29.467,4.42,29.467
2030,sc01,12-30 11:00:00+01:00,0.303,72.64,12.107,48.427,72.64,24.213,30.267,4.54,30.267
2030,sc01,12-30 12:00:00+01:00,0.302,72.439,12.073,48.293,72.439,24.146,30.183,4.527,30.183
2030,sc01,12-30 13:00:00+01:00,0.302,72.397,12.066,48.265,72.397,24.132,30.166,4.525,30.166
2030,sc01,12-30 14:00:00+01:00,0.306,73.555,12.259,49.037,73.555,24.518,30.648,4.597,30.648
2030,sc01,12-30 15:00:00+01:00,0.321,76.922,12.82,51.281,76.922,25.641,32.051,4.808,32.051
2030,sc01,12-30 16:00:00+01:00,0.337,80.946,13.491,53.964,80.946,26.982,33.728,5.059,33.728
2030,sc01,12-30 17:00:00+01:00,0.347,83.166,13.861,55.444,83.166,27.722,34.653,5.198,34.653
2030,sc01,12-30 18:00:00+01:00,0.345,82.829,13.805,55.219,82.829,27.61,34.512,5.177,34.512
2030,sc01,12-30 19:00:00+01:00,0.34,81.632,13.605,54.422,81.632,27.211,34.014,5.102,34.014
2030,sc01,12-30 20:00:00+01:00,0.333,79.989,13.332,53.326,79.989,26.663,33.329,4.999,33.329
2030,sc01,12-30 21:00:00+01:00,0.324,77.865,12.977,51.91,77.865,25.955,32.444,4.867,32.444
2030,sc01,12-30 22:00:00+01:00,0.31,74.285,12.381,49.523,74.285,24.762,30.952,4.643,30.952
2030,sc01,12-30 23:00:00+01:00,0.293,70.3,11.717,46.866,70.3,23.433,29.292,4.394,29.292
