Period,Scenario,LoadLevel,Node_101,Node_102,Node_103,Node_104,Node_105,Node_106,Node_107,Node_108,Node_109,Node_110,Node_111,Node_112,Node_113,Node_114,Node_115,Node_116,Node_117,Node_118,Node_119,Node_120,Node_121,Node_122,Node_123,Node_124,Node_201,Node_202,Node_203,Node_204,Node_205,Node_206,Node_207,Node_208,Node_209,Node_210,Node_211,Node_212,Node_213,Node_214,Node_215,Node_216,Node_217,Node_218,Node_219,Node_220,Node_221,Node_222,Node_223,Node_224,Node_301,Node_302,Node_303,Node_304,Node_305,Node_306,Node_307,Node_308,Node_309,Node_310,Node_311,Node_312,Node_313,Node_314,Node_315,Node_316,Node_317,Node_318,Node_319,Node_320,Node_321,Node_322,Node_323,Node_324,Node_325
2020,sc01,08-23 02:00:00+01:00,54.60118753,49.03995547,91.00197922,37.41192479,35.89522514,68.75705097,63.1958189,86.45188026,88.47414646,98.58547749,0,0,133.9751361,98.07991094,160.2645967,50.55665512,0,168.3536616,91.50754577,64.71251856,0,0,0,0,49.89453802,44.81268693,83.15756337,34.18699827,32.80103888,62.83015899,57.74830789,78.9996852,80.84763105,90.08736032,0,0,122.4264127,89.62537385,146.4497088,46.19864632,0,153.8414922,83.61954983,59.13426728,0,0,0,0,46.55172414,41.81034483,77.58620691,31.89655173,30.60344828,58.62068966,53.87931035,73.70689656,75.43103449,84.05172415,0,0,114.2241379,83.62068966,136.637931,43.10344828,0,143.5344828,78.01724139,55.1724138,0,0,0,0,0
2020,sc01,08-23 03:00:00+01:00,53.45225136,48.00804057,89.0870856,36.62469075,35.13990599,67.31024245,61.86603167,84.63273132,86.61244433,96.5110094,0,0,131.1559871,96.01608115,156.8922563,49.49282533,0,164.8111084,89.58201385,63.35081643,0,0,0,0,48.55155044,43.60648512,80.91925074,33.26680308,31.9181489,61.13898945,56.19392412,76.8732882,78.67149377,87.66252163,0,0,119.1311191,87.21297024,142.5077916,44.9551393,0,149.7006139,81.36880213,57.5425783,0,0,0,0,46.05631128,41.36539069,76.7605188,31.55710217,30.27776019,57.99683643,53.30591583,72.92249286,74.62828217,83.1572287,0,0,113.0085416,82.73078137,135.1838026,42.64473267,0,142.0069598,77.18696613,54.58525781,0,0,0,0,0
2020,sc01,08-23 04:00:00+01:00,52.85106383,47.4680851,88.08510638,36.21276596,34.74468085,66.55319149,61.17021276,83.68085106,85.63829787,95.42553191,0,0,129.6808511,94.93617021,155.1276596,48.93617021,0,162.9574468,88.57446808,62.63829787,0,0,0,0,47.76955768,42.90413977,79.61592947,32.73099323,31.40406107,60.15425782,55.28883991,75.635133,77.40437588,86.25059026,0,0,117.2123406,85.80827954,140.212498,44.23107193,0,147.2894695,80.05824019,56.61577207,0,0,0,0,46.21006012,41.50347992,77.01676686,31.6624486,30.37883582,58.19044607,53.48386588,73.16592852,74.87741223,83.43483077,0,0,113.3857957,83.00695984,135.6350839,42.7870927,0,142.4810187,77.44463779,54.76747866,0,0,0,0,0
2020,sc01,08-23 05:00:00+01:00,52.10291933,46.79614051,86.83819888,35.70014843,34.25284512,65.6110836,60.30430478,82.49628894,84.42602669,94.07471546,0,0,127.8451261,93.59228102,152.9317169,48.24344382,0,160.6506679,87.32063332,61.7516081,0,0,0,0,45.84857548,41.17881316,76.41429246,31.41476468,30.14119314,57.73524319,53.06548088,72.59357784,74.29167323,82.78215017,0,0,112.4988195,82.35762632,134.5740595,42.4523847,0,141.3664411,76.83881631,54.33905242,0,0,0,0,46.00506168,41.31936095,76.6751028,31.52198671,30.24406833,57.93229989,53.24659917,72.84134766,74.54523883,83.0646947,0,0,112.8827902,82.63872191,135.0333755,42.59727933,0,141.8489402,77.10107559,54.52451755,0,0,0,0,0
2020,sc01,08-23 06:00:00+01:00,54.73478475,49.15994556,91.22464124,37.50346362,35.98305293,68.92528449,63.35044531,86.66340918,88.69062343,98.82669468,0,0,134.3029441,98.31989112,160.6567293,50.68035625,0,168.7655863,91.7314448,64.87085599,0,0,0,0,48.14355422,43.24004407,80.23925703,32.98725011,31.64992916,60.62521642,55.72170627,76.22729418,78.01038878,86.92586178,0,0,118.1300173,86.48008813,141.3102471,44.57736502,0,148.4426255,80.68503068,57.05902722,0,0,0,0,46.55172414,41.81034483,77.58620691,31.89655173,30.60344828,58.62068966,53.87931035,73.70689656,75.43103449,84.05172415,0,0,114.2241379,83.62068966,136.637931,43.10344828,0,143.5344828,78.01724139,55.1724138,0,0,0,0,0
2020,sc01,08-23 07:00:00+01:00,59.81147947,53.71956952,99.68579912,40.98193964,39.32050965,75.31815933,69.22624939,94.70150916,96.91674914,107.992949,0,0,146.7596487,107.439139,175.5577684,55.38099951,0,184.4187284,100.2396091,70.88767937,0,0,0,0,53.2095073,47.79002045,88.68251217,36.45836611,34.98032424,67.00456475,61.58507789,84.24838656,86.21910905,96.07272152,0,0,130.5603651,95.58004089,156.1797575,49.26806232,0,164.0626475,89.17519279,63.06311976,0,0,0,0,48.03796266,43.1452072,80.06327109,32.91490034,31.58051249,60.49224927,55.59949382,76.06010754,77.83929134,86.73521035,0,0,117.8709269,86.2904144,141.0003163,44.47959505,0,148.1170515,80.50806705,56.93388167,0,0,0,0,0
2020,sc01,08-23 08:00:00+01:00,65.44928255,58.78315192,109.0821376,44.84487878,43.02684316,82.41761506,75.75148443,103.6280307,106.0520782,118.1723157,0,0,160.593147,117.5663038,192.1057645,60.60118754,0,201.8019545,109.6881495,77.56952006,0,0,0,0,58.95545411,52.95073194,98.25909019,40.39540374,38.75775224,74.24020148,68.2354793,93.34613568,95.52967102,106.4473477,0,0,144.6592161,105.9014639,173.0451755,54.58838344,0,181.7793169,98.80497402,69.8731308,0,0,0,0,50.27586207,45.15517242,83.79310345,34.44827586,33.05172414,63.31034483,58.18965518,79.60344828,81.46551725,90.77586207,0,0,123.362069,90.31034483,147.5689655,46.55172414,0,155.0172414,84.25862069,59.5862069,0,0,0,0,0
2020,sc01,08-23 09:00:00+01:00,72.51657594,65.13062839,120.8609599,49.68728351,47.67293418,91.3171697,83.93122215,114.8179119,117.503711,130.9327066,0,0,177.934191,130.2612568,212.8495794,67.14497772,0,223.5927758,121.5324097,85.94557148,0,0,0,0,65.31339524,58.66110499,108.8556587,44.75177081,42.93750984,82.24649771,75.59420746,103.4128758,105.8318904,117.9269636,0,0,160.2597198,117.32221,191.7069101,60.47536596,0,201.3829687,109.4604124,77.40846844,0,0,0,0,52.90667511,47.51803228,88.17779185,36.25086998,34.78124012,66.62322051,61.23457768,83.76890226,85.72840875,95.52594117,0,0,129.8173047,95.03606455,155.290889,48.98766214,0,163.1289149,88.66766847,62.70420754,0,0,0,0,0
2020,sc01,08-23 10:00:00+01:00,78.66204848,70.65017317,131.1034141,53.89807025,51.71301335,99.0559129,91.04403759,124.5482434,127.4616526,142.0286986,0,0,193.0133597,141.3003463,230.8876793,72.83523007,0,242.5413161,131.8317664,93.22909449,0,0,0,0,71.7223359,64.41728317,119.5372265,49.14308201,47.1507949,90.31701558,83.01196285,113.5603652,116.216748,129.498662,0,0,175.9853612,128.8345663,210.5183378,66.40957028,0,221.143869,120.2013222,85.00424996,0,0,0,0,55.33248971,49.69677317,92.22081619,37.91300221,36.37598861,69.67795001,64.04223346,87.60977538,89.65912685,99.90588421,0,0,135.7695349,99.39354634,162.4111041,51.23378677,0,170.60851,92.73315406,65.57924707,0,0,0,0,0
2020,sc01,08-23 11:00:00+01:00,84.03265709,75.47377535,140.0544285,57.57793171,55.24369124,105.8189015,97.26001978,133.0517071,136.1640277,151.7256309,0,0,206.1912419,150.9475507,246.6514102,77.80801582,0,259.1006927,140.8325086,99.59426026,0,0,0,0,78.62427201,70.6162443,131.0404533,53.87218638,51.68817882,99.00834253,91.00031482,124.4884307,127.4004408,141.9604911,0,0,192.9206674,141.2324886,230.7767984,72.80025186,0,242.4248387,131.7684559,93.18432238,0,0,0,0,57.39955712,51.55330593,95.66592853,39.32932617,37.73489403,72.28092378,66.43467259,90.8826321,93.00854162,103.6380892,0,0,140.8415059,103.1066119,168.4783297,53.14773807,0,176.9819678,96.19740591,68.02910473,0,0,0,0,0
2020,sc01,08-23 12:00:00+01:00,89.16279071,80.08139536,148.6046512,61.09302326,58.61627908,112.2790698,103.1976744,141.1744186,144.4767442,160.9883721,0,0,218.7790698,160.1627907,261.7093024,82.55813954,0,274.9186047,149.4302326,105.6744186,0,0,0,0,84.03022194,75.47158822,140.0503699,57.57626318,55.24209035,105.815835,97.25720132,133.0478514,136.1600818,151.7212341,0,0,206.1852668,150.9431764,246.6442625,77.80576105,0,259.0931843,140.8284275,99.59137415,0,0,0,0,59.51787408,53.45586839,99.1964568,40.78076557,39.12749129,74.94843403,68.88642833,94.23663396,96.44099967,107.4628282,0,0,146.0392281,106.9117368,174.6959823,55.10914267,0,183.5134451,99.74754823,70.53970261,0,0,0,0,0
2020,sc01,08-23 13:00:00+01:00,93.65165761,84.11306286,156.086096,64.16872836,61.56729343,117.931717,108.3931222,148.2817912,151.7503711,169.0932707,0,0,229.7934191,168.2261257,274.884958,86.71449779,0,288.7592776,156.953241,110.9945572,0,0,0,0,88.97717615,79.91468598,148.2952936,60.96584292,58.49425469,112.0453329,102.9828428,140.8805289,144.1759799,160.6532347,0,0,218.3236267,159.829372,261.1644892,82.38627421,0,274.3462931,149.1191563,105.454431,0,0,0,0,61.55077506,55.28171463,102.5846251,42.17367921,40.46393545,77.5083834,71.23932298,97.45539384,99.73505218,111.1333439,0,0,151.0273647,110.5634293,180.6629231,56.99145839,0,189.7815564,103.1545397,72.94906673,0,0,0,0,0
2020,sc01,08-23 14:00:00+01:00,95.94952992,86.17689261,159.9158832,65.74319643,63.07793171,120.825334,111.0526967,151.920089,155.4737753,173.2422068,0,0,235.4317169,172.3537852,281.6296387,88.84215733,0,295.8443839,160.8043048,113.7179614,0,0,0,0,92.44514403,83.02943491,154.07524,63.34204313,60.77412246,116.4124036,106.9966945,146.371478,149.7953723,166.9148434,0,0,226.8329923,166.0588698,271.3436172,85.59735558,0,285.0391941,154.9312136,109.5646151,0,0,0,0,63.54950965,57.0768744,105.9158494,43.54318254,41.77791838,80.02530844,73.5526732,100.6200569,102.9737425,114.7421702,0,0,155.9316672,114.1537488,186.5295792,58.84213856,0,195.9443214,106.5042708,75.31793736,0,0,0,0,0
2020,sc01,08-23 15:00:00+01:00,96.36368135,86.54886195,160.6061356,66.02696685,63.35019792,121.346858,111.5320386,152.5758288,156.144854,173.9899802,0,0,236.4479218,173.0977239,282.8452499,89.22563088,0,297.1213508,161.4983919,114.2088075,0,0,0,0,94.07712892,84.49519912,156.7952149,64.460255,61.84700142,118.4674957,108.8855659,148.9554541,152.4397922,169.8614828,0,0,230.8373997,168.9903982,276.1337951,87.1084527,0,290.0711475,157.6662994,111.4988195,0,0,0,0,64.76241695,58.16624485,107.9373616,44.37424865,42.57529262,81.55267319,74.9565011,102.5404935,104.9391015,116.9321417,0,0,158.9077823,116.3324897,190.0896868,59.96520088,0,199.6841189,108.5370136,76.75545712,0,0,0,0,0
2020,sc01,08-23 16:00:00+01:00,94.23948539,84.64101929,157.065809,64.57149925,61.95373577,118.6719446,109.0734785,149.2125185,152.7028699,170.1546264,0,0,231.2357743,169.2820386,276.6103414,87.25878277,0,290.5717466,157.9383968,111.6912419,0,0,0,0,93.68613254,84.14402645,156.1435542,64.19235007,61.5899575,117.9751299,108.4330238,148.3363765,151.8062333,169.1555171,0,0,229.8780104,168.2880529,274.9861483,86.74641902,0,288.8655753,157.0110184,111.0354163,0,0,0,0,64.43783613,57.8747232,107.3963936,44.15185068,42.36191079,81.1439418,74.58082886,102.0265739,104.4131604,116.346093,0,0,158.1113572,115.7494464,189.136982,59.66466309,0,198.6833281,107.9930402,76.37076875,0,0,0,0,0
2020,sc01,08-23 17:00:00+01:00,89.59030185,80.4653637,149.3171697,61.38594756,58.89732807,112.8174171,103.692479,141.8513113,145.1694706,161.7602672,0,0,219.8280555,160.9307274,262.9641267,82.95398319,0,276.236764,150.1467096,106.1810985,0,0,0,0,89.86116797,80.7086416,149.7686133,61.57154102,59.07539746,113.1585078,104.0059814,142.2801826,145.608374,162.2493311,0,0,220.4926807,161.4172832,263.759169,83.20478516,0,277.0719346,150.6006611,106.502125,0,0,0,0,62.52451757,56.15627967,104.2075293,42.84087315,41.104081,78.73457768,72.36633978,98.99715282,101.3128757,112.8914901,0,0,153.4166403,112.3125593,183.5210377,57.89307182,0,192.7839292,104.78646,74.10313194,0,0,0,0,0
2020,sc01,08-23 18:00:00+01:00,86.99851557,78.13755566,144.997526,59.610094,57.19346857,109.5536863,100.6927264,137.7476497,140.9698169,157.0806531,0,0,213.4685799,156.2751113,255.356754,80.55418109,0,268.245423,145.8030678,103.1093518,0,0,0,0,86.18920196,77.41067213,143.6486699,59.05556431,56.66141981,108.5345506,99.75602079,136.4662364,139.6584291,155.6193924,0,0,211.4827641,154.8213443,252.9812687,79.80481663,0,265.7500394,144.4467181,102.1501653,0,0,0,0,61.55077506,55.28171463,102.5846251,42.17367921,40.46393545,77.5083834,71.23932298,97.45539384,99.73505218,111.1333439,0,0,151.0273647,110.5634293,180.6629231,56.99145839,0,189.7815564,103.1545397,72.94906673,0,0,0,0,0
2020,sc01,08-23 19:00:00+01:00,84.08609598,75.52177139,140.1434933,57.61454725,55.27882236,105.8861949,97.32187035,133.1363186,136.2506185,151.8221177,0,0,206.3223651,151.0435428,246.8082632,77.85749628,0,259.2654626,140.9220683,99.65759524,0,0,0,0,81.31024713,73.02864788,135.5170785,55.71257674,53.45395876,102.3906816,94.10908232,128.7412246,131.7527153,146.8101684,0,0,199.5112545,146.0572958,238.6606328,75.28726586,0,250.7065953,136.2699512,96.3677003,0,0,0,0,63.89117367,57.38373932,106.4852895,43.77728566,42.00253084,80.45555203,73.94811768,101.161025,103.5273647,115.3590636,0,0,156.7700095,114.7674786,187.5324264,59.15849414,0,196.9977855,107.0768744,75.7228725,0,0,0,0,0
2020,sc01,08-23 20:00:00+01:00,77.24591788,69.37827809,128.7431965,52.92775855,50.7820386,97.27263733,89.40499754,122.3060366,125.1669966,139.4717962,0,0,189.5385948,138.7565562,226.7310738,71.52399804,0,238.1749135,129.4584364,91.55071748,0,0,0,0,77.63828112,69.73067841,129.3971352,53.19660003,51.03998111,97.76672437,89.85912167,122.9272784,125.8027703,140.1802298,0,0,190.5013379,139.4613568,227.8827325,71.88729733,0,239.3847001,130.1160082,92.01574059,0,0,0,0,61.12369504,54.89813351,101.8728251,41.88105031,40.18316989,76.97057894,70.74501741,96.77918382,99.04302438,110.3622272,0,0,149.9794369,109.796267,179.4093642,56.59601393,0,188.4647264,102.4387852,72.44289783,0,0,0,0,0
2020,sc01,08-23 21:00:00+01:00,69.76447302,62.65883225,116.2741217,47.80158337,45.86368134,87.85155862,80.74591785,110.4604156,113.044285,125.9636318,0,0,171.1813458,125.3176645,204.7716477,64.59673428,0,215.1071252,116.920089,82.68381988,0,0,0,0,71.14434124,63.89815833,118.5739021,48.74704863,46.77081692,89.58917045,82.34298754,112.645207,115.2801826,128.4550606,0,0,174.5671336,127.7963167,208.8218164,65.87439004,0,219.3617188,119.232646,84.31921924,0,0,0,0,57.16039229,51.33850048,95.26732048,39.16545398,37.5776653,71.97975325,66.15786145,90.50395446,92.62100603,103.2062639,0,0,140.2546663,102.677001,167.7763366,52.92628916,0,176.2445429,95.79658338,67.74565012,0,0,0,0,0
2020,sc01,08-23 22:00:00+01:00,63.55220188,57.07929243,105.9203365,43.54502721,41.77968827,80.02869866,73.55578921,100.6243196,102.9781049,114.7470312,0,0,155.9382731,114.1585849,186.5374814,58.84463137,0,195.9526225,106.5087828,75.32112815,0,0,0,0,64.71840077,58.1267118,107.8640013,44.34408942,42.54635606,81.49724541,74.90555645,102.4708012,104.867779,116.8526681,0,0,158.7997797,116.2534236,189.9604912,59.92444516,0,199.5484024,108.4632457,76.7032898,0,0,0,0,52.85542551,47.47200254,88.09237585,36.21575452,34.74754825,66.55868398,61.17526101,83.68775706,85.64536541,95.43340717,0,0,129.6915533,94.94400509,155.1404619,48.94020881,0,162.9708953,88.58177794,62.64346727,0,0,0,0,0
2020,sc01,08-23 23:00:00+01:00,59.98515586,53.87555665,99.97525977,41.10094013,39.4346858,75.53686294,69.42726373,94.97649678,97.19816922,108.3065314,0,0,147.1857991,107.7511133,176.0675408,55.54181098,0,184.9542306,100.5306779,71.09351806,0,0,0,0,59.51644893,53.4545884,99.19408156,40.77978908,39.12655439,74.9466394,68.88477886,94.23437748,96.4386904,107.460255,0,0,146.0357312,106.9091768,174.6917992,55.10782309,0,183.5090509,99.74515979,70.53801355,0,0,0,0,49.71211643,44.64884532,82.85352739,34.0620057,32.68111358,62.60044292,57.5371718,78.71085102,80.55204052,89.75798801,0,0,121.9788042,89.29769063,145.9142677,46.02973744,0,153.2790257,83.31382476,58.91806392,0,0,0,0,0
2020,sc01,08-24 00:00:00+01:00,57.74072241,51.8597229,96.23453735,39.56308758,37.95917862,72.71053933,66.82953982,91.42281048,93.56135575,104.2540821,0,0,141.6786244,103.7194458,169.479713,53.46363186,0,178.0338941,96.76917367,68.43344878,0,0,0,0,55.67448448,50.00393514,92.79080747,38.14733196,36.6008185,70.10861009,64.43806075,88.1512671,90.21328504,100.5233748,0,0,136.6086888,100.0078703,163.4149221,51.5504486,0,171.6629938,93.30631196,65.9845742,0,0,0,0,48.20879467,43.29863966,80.34799112,33.0319519,31.69281872,60.70737107,55.79721605,76.33059156,78.11610247,87.04365704,0,0,118.290098,86.59727931,141.5017399,44.63777284,0,148.6437836,80.79436884,57.13634924,0,0,0,0,0
2020,sc01,08-24 01:00:00+01:00,55.89708067,50.20385949,93.16180112,38.29985157,36.74715488,70.3889164,64.69569522,88.50371106,90.57397331,100.9252845,0,0,137.1548739,100.407719,164.0682831,51.75655618,0,172.3493321,93.67936668,66.2483919,0,0,0,0,52.85251061,47.46938453,88.08751768,36.21375727,34.74563198,66.55501336,61.17188728,83.6831418,85.64064219,95.42814416,0,0,129.684401,94.93876906,155.1319061,48.93750982,0,162.9619077,88.57689278,62.64001258,0,0,0,0,47.25213541,42.43941791,78.75355901,32.37646315,31.06390383,59.50268903,54.68997154,74.81588106,76.56596015,85.31635559,0,0,115.9427397,84.87883582,138.6937678,43.75197723,0,145.6940842,79.19107878,56.00253085,0,0,0,0,0
2020,sc01,08-24 02:00:00+01:00,54.50766946,48.95596239,90.84611577,37.34784759,35.83374566,68.63928747,63.08758039,86.30380998,88.32261255,98.41662542,0,0,133.7456704,97.91192477,159.9901039,50.47006432,0,168.0653142,91.35081641,64.60168232,0,0,0,0,50.99952778,45.80513143,84.99921297,34.94412089,33.52746734,64.22162758,59.02723123,80.74925232,82.63812372,92.08248072,0,0,125.1377302,91.61026287,149.6930584,47.22178498,0,157.248544,85.47143082,60.44388478,0,0,0,0,46.82505536,42.05583675,78.04175893,32.08383423,30.78313824,58.96488452,54.19566592,74.13967098,75.87393229,84.54523884,0,0,114.8948118,84.11167351,137.4402088,43.35653274,0,144.377254,78.47532425,55.4963619,0,0,0,0,0
2020,sc01,08-24 03:00:00+01:00,54.65462643,49.08795151,91.09104404,37.44854033,35.93035626,68.82434439,63.25766947,86.53649184,88.56073726,98.68196438,0,0,134.1062593,98.17590302,160.4214498,50.60613558,0,168.5184315,91.5971054,64.77585354,0,0,0,0,50.50653234,45.36234849,84.17755389,34.60632771,33.20336848,63.6008185,58.45663465,79.9686762,81.83928851,91.19235005,0,0,123.9280655,90.72469698,148.2460255,46.76530772,0,155.7284747,84.64520697,59.85959388,0,0,0,0,47.20088581,42.39338818,78.66814301,32.34134768,31.03021197,59.4381525,54.63065487,74.73473586,76.48291682,85.22382159,0,0,115.8169883,84.78677636,138.5433407,43.70452389,0,145.5360646,79.10518825,55.94179059,0,0,0,0,0
2020,sc01,08-24 04:00:00+01:00,56.27115288,50.53983175,93.7852548,38.55616031,36.99307273,70.85997029,65.12864917,89.09599206,91.18010883,101.6006927,0,0,138.0727362,101.0796635,165.1662543,52.10291933,0,173.5027214,94.30628399,66.69173675,0,0,0,0,50.89752872,45.71352116,84.82921453,34.87423264,33.4604124,64.09318431,58.90917675,80.5877538,82.47284746,91.89831574,0,0,124.8874547,91.42704232,149.3936722,47.1273414,0,156.9340469,85.30048794,60.322997,0,0,0,0,49.18253718,44.17320469,81.97089531,33.69914585,32.33296426,61.93356534,56.92423285,77.87235054,79.69392599,88.80180325,0,0,120.6793736,88.34640938,144.3598545,45.53938628,0,151.6461563,82.42628917,58.29041444,0,0,0,0,0
2020,sc01,08-24 05:00:00+01:00,58.91637805,52.91563584,98.19396341,40.3686294,38.73206335,74.19099458,68.19025237,93.28426524,95.46635332,106.3767937,0,0,144.563335,105.8312717,172.93048,54.55220189,0,181.6588323,98.73948543,69.82681843,0,0,0,0,50.67653078,45.51503227,84.46088463,34.72280813,33.31512672,63.81489061,58.65339211,80.2378404,82.11474895,91.49929168,0,0,124.3451913,91.03006455,148.7450024,46.92271368,0,156.2526366,84.93011177,60.06107352,0,0,0,0,51.30085415,46.07576715,85.50142358,35.15058525,33.72556152,64.60107559,59.3759886,81.2263524,83.12638404,92.62654221,0,0,125.8770958,92.1515343,150.5775071,47.50079088,0,158.1776336,85.97643149,60.80101232,0,0,0,0,0
2020,sc01,08-24 06:00:00+01:00,63.28500741,56.83931222,105.4750124,43.36194952,41.60403265,79.69223156,73.24653636,100.2012617,102.5451509,114.2645967,0,0,155.2826571,113.6786244,185.7532162,58.59722909,0,195.1287729,106.0609846,75.00445323,0,0,0,0,54.17849835,48.66031796,90.29749724,37.12230442,35.61734613,68.22477569,62.70659531,85.78262238,87.78923343,97.82228868,0,0,132.9379821,97.32063592,159.0239257,50.16527625,0,167.0503699,90.79915,64.21155359,0,0,0,0,54.59791206,49.03701361,90.99652011,37.40968049,35.89307182,68.7529263,63.19202785,86.4466941,88.46883899,98.57956345,0,0,133.967099,98.07402722,160.2549826,50.55362228,0,168.3435622,91.50205633,64.70863652,0,0,0,0,0
2020,sc01,08-24 07:00:00+01:00,68.26818407,61.3149431,113.7803068,46.77634834,44.8800099,85.9673429,79.01410193,108.0912914,110.6197427,123.261999,0,0,167.5098961,122.6298862,200.3797625,63.21128154,0,210.4935675,114.4124196,80.91044038,0,0,0,0,59.66944749,53.59200377,99.44907916,40.88462143,39.22713678,75.13930425,69.06186053,94.4766252,96.68660474,107.7365024,0,0,146.4111443,107.1840075,175.1408783,55.24948842,0,183.9807964,100.001574,70.71934518,0,0,0,0,59.55204051,53.4865549,99.25340084,40.8041759,39.14995255,74.99145841,68.92597281,94.2907308,96.49636193,107.5245176,0,0,146.1230624,106.9731098,174.796267,55.14077825,0,183.6187916,99.80480862,70.58019615,0,0,0,0,0
2020,sc01,08-24 08:00:00+01:00,73.74567047,66.23453736,122.9094508,50.52944088,48.48095003,92.86491837,85.35378526,116.7639782,119.4952994,133.151905,0,0,180.9500248,132.4690747,216.4571994,68.28302821,0,227.3824839,123.5922811,87.40227611,0,0,0,0,66.33338582,59.57720763,110.555643,45.45065325,43.6080592,83.53093029,76.77475211,105.0278609,107.4846529,119.7686133,0,0,162.7624745,119.1544153,194.7007713,61.41980168,0,204.5279396,111.169841,78.61734616,0,0,0,0,64.26700412,57.72129074,107.1116735,44.03479912,42.24960456,80.92882001,74.38310662,101.7560899,104.1363493,116.0376463,0,0,157.692186,115.4425815,188.6355584,59.5064853,0,198.156596,107.7067384,76.16830118,0,0,0,0,0
2020,sc01,08-24 09:00:00+01:00,80.33201386,72.15004949,133.8866898,55.04230579,52.81086096,101.1588323,92.97686789,127.1923553,130.1676151,145.0439139,0,0,197.1109599,144.300099,235.789337,74.38149432,0,247.6903761,134.6305047,95.20831272,0,0,0,0,72.62332757,65.22650717,121.0388793,49.76042815,47.7431135,91.45159768,84.05477728,114.9869353,117.6766882,131.1254526,0,0,178.1961278,130.4530143,213.1629152,67.24382182,0,223.9219267,121.7113175,86.07209194,0,0,0,0,69.13571654,62.09411578,115.2261942,47.37076874,45.45033217,87.0597912,80.01819044,109.4648845,112.0254666,124.8283771,0,0,169.6385637,124.1882316,202.926131,64.01455235,0,213.1684593,115.8663398,81.93862701,0,0,0,0,0
2020,sc01,08-24 10:00:00+01:00,87.11875307,78.24554674,145.1979218,59.69247896,57.27251359,109.7050965,100.8318901,137.9380257,141.1646462,157.2977486,0,0,213.7636071,156.4910935,255.7096734,80.66551211,0,268.6161553,146.0045769,103.2518555,0,0,0,0,79.83126083,71.70029908,133.0521014,54.69919724,52.48166221,100.5282544,92.39729263,126.3994963,129.3562097,144.1397765,0,0,195.8822604,143.4005982,234.3195341,73.91783411,0,246.1463876,133.7912797,94.61482765,0,0,0,0,72.97943688,65.54634609,121.6323948,50.00442897,47.97722239,91.90003163,84.46694083,115.5507751,118.2537172,131.7684277,0,0,179.0699146,131.0926922,214.208162,67.57355267,0,225.0199304,122.3081303,86.49414741,0,0,0,0,0
2020,sc01,08-24 11:00:00+01:00,93.45126176,83.93307769,155.7521029,64.03142009,61.43555171,117.6793667,108.1611826,147.9644978,151.4256556,168.7314448,0,0,229.3017071,167.8661554,274.296759,86.52894607,0,288.1413904,156.6173924,110.757051,0,0,0,0,87.51518966,78.60160553,145.8586494,59.96411143,57.53313394,110.2043129,101.2907288,138.565717,141.8070203,158.0135369,0,0,214.736345,157.2032111,256.8732882,81.03258302,0,269.8385014,146.6689753,103.7217063,0,0,0,0,76.78899083,68.96788992,127.9816514,52.6146789,50.48165138,96.69724772,88.8761468,121.5825688,124.4266055,138.646789,0,0,188.4174312,137.9357798,225.3899083,71.10091744,0,236.7660551,128.6926606,91.00917432,0,0,0,0,0
2020,sc01,08-24 12:00:00+01:00,99.51657594,89.38062839,165.8609599,68.18728351,65.42293418,125.3171697,115.1812221,157.5679119,161.253711,179.6827066,0,0,244.184191,178.7612568,292.0995794,92.14497772,0,306.8427758,166.7824097,117.9455715,0,0,0,0,92.93813947,83.47221786,154.8968991,63.6798363,61.09822132,117.0332127,107.5672911,147.1520542,150.5942075,167.804974,0,0,228.042657,166.9444357,272.7906501,86.05383284,0,286.5592634,155.7574374,110.148906,0,0,0,0,80.871876,72.63492567,134.78646,55.41221133,53.16577033,101.8386587,93.60170833,128.047137,131.0423917,146.018665,0,0,198.4356217,145.2698513,237.3739323,74.88136667,0,249.354951,135.5352737,95.84814933,0,0,0,0,0
2020,sc01,08-24 13:00:00+01:00,103.6981692,93.13631867,172.8302821,71.05244929,68.17194459,130.5828798,120.0210292,164.188768,168.0294409,187.2328056,0,0,254.4445819,186.2726373,304.3733301,96.01682337,0,319.7360218,173.7904503,122.9015339,0,0,0,0,97.05210135,87.1671651,161.7535023,66.49866204,63.80277033,122.2137573,112.328821,153.6658271,157.2603494,175.2329608,0,0,238.1371005,174.3343302,284.8658901,89.86305681,0,299.2439792,162.6521328,115.0247127,0,0,0,0,84.71559634,76.08715597,141.1926606,58.04587157,55.69266056,106.6788991,98.05045873,134.1330275,137.2706422,152.9587156,0,0,207.8669725,152.1743119,248.6559633,78.44036698,0,261.2064221,141.9770642,100.4036697,0,0,0,0,0
2020,sc01,08-24 14:00:00+01:00,106.4903513,95.64411181,177.4839188,72.96561107,70.00754576,134.0989609,123.2527214,168.6097229,172.55381,192.2742454,0,0,261.2957694,191.2882236,312.5689015,98.60217712,0,328.3452498,178.4699406,126.2107867,0,0,0,0,99.07508262,88.98410199,165.1251377,67.88477883,65.13269321,124.7612152,114.6702345,156.8688808,160.5383283,178.8855658,0,0,243.1008972,177.968204,290.8037147,91.73618761,0,305.4815048,166.0424996,117.4223201,0,0,0,0,87.19266054,78.3119266,145.3211009,59.74311926,57.32110091,109.7981651,100.9174312,138.0550459,141.2844037,157.4311926,0,0,213.9449541,156.6238532,255.9266055,80.73394495,0,268.8440367,146.1284404,103.3394495,0,0,0,0,0
2020,sc01,08-24 15:00:00+01:00,107.0113805,96.11207323,178.3523008,73.32261257,70.35007422,134.7550717,123.8557645,169.4346858,173.3980703,193.2149926,0,0,262.5742207,192.2241465,314.0982187,99.08461158,0,329.9517566,179.343147,126.8283028,0,0,0,0,98.32708955,88.3122934,163.8784826,67.37226506,64.64095702,123.819298,113.8045018,155.6845585,159.3263025,177.5350228,0,0,241.2655438,176.6245868,288.6082166,91.04360144,0,303.1751928,164.7889186,116.5358098,0,0,0,0,87.61974059,78.69550776,146.032901,60.03574818,57.6018665,110.3359696,101.4117368,138.7312559,141.9764315,158.2023094,0,0,214.992882,157.3910155,257.1801645,81.12938944,0,270.1608668,146.8441949,103.8456185,0,0,0,0,0
2020,sc01,08-24 16:00:00+01:00,103.0301831,92.53636812,171.7169718,70.59475506,67.73280553,129.741712,119.2478971,163.1311232,166.9470559,186.0267194,0,0,252.8055418,185.0727362,302.4126669,95.39831765,0,317.6763978,172.6709549,122.1098466,0,0,0,0,96.89910279,87.02974973,161.4985047,66.39382969,63.70218795,122.0210924,112.1517393,153.4235794,157.0124351,174.9567134,0,0,237.7616874,174.0594995,284.416811,89.72139147,0,298.7722336,162.3957186,114.8433811,0,0,0,0,84.33976589,75.74960455,140.5662765,57.78835811,55.44558684,106.2056311,97.61546978,133.5379627,136.6616577,152.2801329,0,0,206.9447959,151.4992091,247.5528314,78.09237582,0,260.0476115,141.3472002,99.95824106,0,0,0,0,0
2020,sc01,08-24 17:00:00+01:00,93.66501733,84.12506186,156.1083622,64.17788224,61.57607621,117.9485403,108.4085849,148.3029441,151.7720188,169.1173924,0,0,229.8261999,168.2501237,274.9241712,86.72686789,0,288.8004701,156.9756309,111.0103909,0,0,0,0,94.04312923,84.46466236,156.7385487,64.43695892,61.82464977,118.4246813,108.8462144,148.9016213,152.3847001,169.8000944,0,0,230.7539745,168.9293247,276.0339997,87.07697151,0,289.9663151,157.6093184,111.4585235,0,0,0,0,77.60898451,69.70436572,129.3483075,53.17652642,51.0207213,97.72983235,89.82521355,122.8808921,125.755299,140.1273331,0,0,190.4294527,139.4087314,227.7967416,71.86017084,0,239.2943689,130.0669092,91.98101868,0,0,0,0,0
2020,sc01,08-24 18:00:00+01:00,85.20831273,76.52968828,142.0138545,58.38347354,56.01657596,107.2993568,98.62073232,134.9131618,138.0690253,153.8483424,0,0,209.0759525,153.0593766,250.1021772,78.89658586,0,262.7256309,142.8028204,100.9876299,0,0,0,0,91.96914843,82.60192034,153.281914,63.015898,60.46119943,115.8130017,106.4457736,145.6178183,149.0240831,166.0554069,0,0,225.6650401,165.2038407,269.946482,85.15661891,0,283.571541,154.1334802,109.0004722,0,0,0,0,73.28693452,65.82252452,122.1448909,50.2151218,48.17937362,92.28725087,84.82284088,116.0376463,118.7519772,132.3236318,0,0,179.8244227,131.645049,215.1107245,67.8582727,0,225.9680481,122.8234736,86.85858906,0,0,0,0,0
2020,sc01,08-24 19:00:00+01:00,79.15635822,71.09413655,131.9272637,54.23676397,52.03797624,99.67837702,91.61615535,125.3309005,128.2626175,142.9212023,0,0,194.2262493,142.1882731,232.33857,73.29292428,0,244.0654379,132.6601929,93.81494308,0,0,0,0,88.85817724,79.80780733,148.0969621,60.88430663,58.41602392,111.8954824,102.8451125,140.692114,143.9831576,160.4383756,0,0,218.0316386,159.6156147,260.8152054,82.27609004,0,273.9793798,148.919723,105.3133952,0,0,0,0,73.86776337,66.34419488,123.1129389,50.61309712,48.56121481,93.01866498,85.49509649,116.957292,119.6931351,133.3723505,0,0,181.2496046,132.6883898,216.8155647,68.39607719,0,227.7589371,123.7968997,87.54697881,0,0,0,0,0
2020,sc01,08-24 20:00:00+01:00,74.4670955,66.88248392,124.1118258,51.02375062,48.95522019,93.77337952,86.18876794,117.9062345,120.6642751,134.454478,0,0,182.720188,133.7649678,218.5747155,68.95101435,0,229.6068778,124.801336,88.25729837,0,0,0,0,81.82024242,73.48669921,136.3670707,56.06201795,53.78923344,103.0328979,94.69935465,129.5487172,132.5790965,147.7309933,0,0,200.7626319,146.9733984,240.1575634,75.75948372,0,252.2790808,137.1246655,96.97213916,0,0,0,0,68.45238849,61.48038596,114.0873141,46.90256248,45.00110725,86.19930402,79.22730149,108.3829484,110.9182221,123.5945903,0,0,167.9618792,122.9607719,200.9204366,63.38184119,0,211.0615312,114.7211326,81.12875673,0,0,0,0,0
2020,sc01,08-24 21:00:00+01:00,67.50667986,60.6309995,112.5111331,46.25457694,44.37939139,85.00841167,78.13273132,106.8855764,109.3858238,121.8870609,0,0,165.6413904,121.261999,198.1446066,62.50618505,0,208.1455962,113.1361949,80.00791687,0,0,0,0,74.73130803,67.11978591,124.55218,51.20478513,49.12891546,94.10609159,86.49456947,118.324571,121.0923973,134.9315284,0,0,183.3684873,134.2395718,219.3502282,69.19565558,0,230.4215331,125.2441366,88.57043914,0,0,0,0,62.01202149,55.69598227,103.3533692,42.48971843,40.76716228,78.08921225,71.77317303,98.1857007,100.4824422,111.9661499,0,0,152.1591268,111.3919645,182.0167668,57.41853842,0,191.2037329,103.9275545,73.49572918,0,0,0,0,0
2020,sc01,08-24 22:00:00+01:00,61.81543789,55.51942106,103.0257298,42.35502226,40.63792676,77.84166252,71.5456457,97.87444332,100.163904,111.6112073,0,0,151.6767689,111.0388421,181.4397575,57.23651656,0,190.5976001,103.598095,73.2627412,0,0,0,0,67.67637336,60.78340941,112.7939556,46.37084841,44.49094915,85.22209979,78.32913583,107.1542578,109.6607902,122.1934519,0,0,166.057768,121.5668188,198.6426885,62.66330867,0,208.6688179,113.4205887,80.20903509,0,0,0,0,56.2208162,50.49462196,93.70136034,38.52167036,36.95998102,70.79658337,65.07038912,89.01629232,91.09854477,101.509807,0,0,137.9492249,100.9892439,165.0185068,52.0563113,0,173.3475166,94.22192345,66.63207846,0,0,0,0,0
2020,sc01,08-24 23:00:00+01:00,58.90301829,52.9036368,98.17169716,40.3594755,38.72328055,74.17417119,68.17478969,93.2631123,95.44470557,106.3526719,0,0,144.5305541,105.8072736,172.8912667,54.53983175,0,181.6176397,98.71709548,69.81098465,0,0,0,0,62.04942546,55.72957657,103.4157091,42.51534707,40.79175192,78.13631354,71.81646465,98.24492364,100.5430505,112.0336849,0,0,152.2509051,111.4591531,182.1265544,57.45317172,0,191.3190618,103.9902408,73.5400598,0,0,0,0,51.98418224,46.68949701,86.64030373,35.61879153,34.17478647,65.46156282,60.16687759,82.30828854,84.23362862,93.86032904,0,0,127.5537805,93.37899402,152.5832016,48.13350207,0,160.2845619,87.12163875,61.61088265,0,0,0,0,0
2020,sc01,08-25 00:00:00+01:00,56.67194459,50.89980209,94.45324099,38.83077685,37.25655617,71.36467097,65.59252846,89.73057894,91.82953985,102.3243444,0,0,139.0561603,101.7996042,166.3426522,52.47402277,0,174.7384958,94.97798122,67.16674915,0,0,0,0,58.24146073,52.3094601,97.06910122,39.90618606,38.2883677,73.3410987,67.40909807,92.21564616,94.3727373,105.158193,0,0,142.9072879,104.6189202,170.9494727,53.92727846,0,179.5778373,97.60837401,69.02691642,0,0,0,0,50.00253086,44.90968049,83.33755143,34.26099337,32.87203418,62.96614997,57.87329961,79.17067386,81.02261945,90.28234738,0,0,122.6913952,89.81936099,146.7666878,46.29863968,0,154.1744701,83.80053783,59.2622588,0,0,0,0,0
2020,sc01,08-25 01:00:00+01:00,55.29589314,49.66390402,92.15982189,37.88792678,36.35192975,69.63186543,63.99987632,87.5518308,89.59982684,99.83980705,0,0,135.6797378,99.32780804,162.3036863,51.19990105,0,170.4956705,92.67182091,65.53587335,0,0,0,0,55.50448608,49.85125139,92.5074768,38.03085157,36.48906029,69.89453803,64.24130333,87.88210296,89.93782467,100.2164332,0,0,136.1915631,99.70250277,162.9159453,51.39304267,0,171.1388321,93.02140723,65.78309461,0,0,0,0,48.44795949,43.5134451,80.74659916,33.1958241,31.85004745,61.00854159,56.07402719,76.7092692,78.50363807,87.47548242,0,0,118.8769376,87.0268902,142.203733,44.85922175,0,149.3812084,81.19519138,57.41980385,0,0,0,0,0
2020,sc01,08-25 02:00:00+01:00,54.58782782,49.02795647,90.97971303,37.40277091,35.88644236,68.74022762,63.18035627,86.43072738,88.45249878,98.56135578,0,0,133.9423553,98.05591293,160.2253835,50.54428502,0,168.3124691,91.48515588,64.69668482,0,0,0,0,53.92350072,48.43129231,89.8725012,36.94758383,35.44970881,67.90366757,62.41145917,85.37887614,87.37604283,97.3618763,0,0,132.3122934,96.86258463,158.2754604,49.92916733,0,166.2641272,90.37179287,63.90933419,0,0,0,0,48.02087948,43.12986398,80.03479914,32.9031952,31.56928188,60.47073713,55.57972162,76.03305918,77.81161027,86.70436573,0,0,117.8290098,86.25972796,140.950174,44.4637773,0,148.0643784,80.47943691,56.91363494,0,0,0,0,0
2020,sc01,08-25 03:00:00+01:00,54.97525978,49.37592777,91.62543297,37.66823355,36.141143,69.22810491,63.62877289,87.04416132,89.08028205,99.26088572,0,0,134.8929985,98.75185553,161.3625681,50.90301832,0,169.507051,92.13446315,65.15586344,0,0,0,0,53.12450812,47.71367859,88.54084686,36.40012593,34.92444515,66.89752874,61.48669921,84.11380452,86.08137889,95.91925077,0,0,130.3518023,95.42735717,155.9302692,49.18935937,0,163.8005667,89.03274046,62.96237999,0,0,0,0,48.22587788,43.31398291,80.37646314,33.04365707,31.70404935,60.72888326,55.81698829,76.35763998,78.14378361,87.07450173,0,0,118.3320152,86.62796583,141.5518823,44.65359063,0,148.6964568,80.82299904,57.15659601,0,0,0,0,0
2020,sc01,08-25 04:00:00+01:00,56.79218209,51.00779318,94.65363682,38.9131618,37.33560119,71.51608115,65.73169224,89.92095498,92.02436913,102.5414399,0,0,139.3511875,102.0155864,166.6955715,52.58535379,0,175.1092281,95.17949036,67.30925285,0,0,0,0,53.90650088,48.41602393,89.84416813,36.93593579,35.43853298,67.88226036,62.39178342,85.35195972,87.34849679,97.33118214,0,0,132.2705809,96.83204787,158.2255628,49.91342674,0,166.211711,90.34330239,63.88918622,0,0,0,0,50.22461247,45.10914268,83.70768745,34.4131604,33.01803227,63.2458083,58.13033851,79.52230308,81.38247391,90.68332807,0,0,123.2363176,90.21828537,147.4185385,46.50427081,0,154.8592218,84.17273016,59.52546663,0,0,0,0,0
2020,sc01,08-25 05:00:00+01:00,59.3572489,53.31160318,98.92874817,40.67070758,39.02189511,74.74616528,68.70051956,93.98231076,96.18072739,107.1728105,0,0,145.6451015,106.6232064,174.2245176,54.96041565,0,183.0181841,99.47835232,70.34933203,0,0,0,0,54.12749881,48.61451282,90.21249802,37.0873603,35.58381866,68.16055406,62.64756807,85.70187312,87.7065953,97.73020619,0,0,132.8128443,97.22902564,158.8742326,50.11805446,0,166.8931213,90.71367857,64.1511097,0,0,0,0,52.53084466,47.18048085,87.55140777,35.99335653,34.5341664,66.14995254,60.79958873,83.17383738,85.11942422,94.84735842,0,0,128.8951281,94.36096171,154.187757,48.63967098,0,161.9701044,88.03780448,62.25877886,0,0,0,0,0
2020,sc01,08-25 06:00:00+01:00,62.24294903,55.9033894,103.7382484,42.64794656,40.91897575,78.38000989,72.04045026,98.55133596,100.8566304,112.3831024,0,0,152.7257546,111.8067788,182.6945819,57.63236021,0,191.9157595,104.314572,73.76942107,0,0,0,0,57.56146704,51.69872503,95.9357784,39.44026445,37.84133481,72.48481035,66.62206833,91.13898948,93.27089567,103.9304266,0,0,141.2387849,103.3974501,168.9535653,53.29765467,0,177.48119,96.46875495,68.22099797,0,0,0,0,56.25498259,50.52530844,93.75830432,38.54508066,36.98244226,70.83960771,65.10993355,89.0703891,91.15390697,101.5714963,0,0,138.0330591,101.0506169,165.1187915,52.08794684,0,173.452863,94.27918378,66.67257196,0,0,0,0,0
2020,sc01,08-25 07:00:00+01:00,62.16279071,55.83139536,103.6046512,42.59302326,40.86627908,78.27906978,71.94767443,98.42441862,100.7267442,112.2383721,0,0,152.5290698,111.6627907,182.4593024,57.55813954,0,191.6686047,104.1802326,73.67441862,0,0,0,0,63.35841335,56.90524162,105.5973556,43.41224618,41.65229026,79.78466866,73.33149693,100.3174878,102.6640957,114.3971352,0,0,155.4627735,113.8104832,185.9686762,58.66519754,0,195.3551078,106.1840076,75.09145286,0,0,0,0,61.80702309,55.51186334,103.0117052,42.34925656,40.63239481,77.83106612,71.53590636,97.8611199,100.1502689,111.5960139,0,0,151.6561215,111.0237267,181.4150585,57.22872509,0,190.5716545,103.5839924,73.25276811,0,0,0,0,0
2020,sc01,08-25 08:00:00+01:00,63.17812963,56.74332013,105.2968827,43.28871845,41.5337704,79.55764472,73.12283522,100.0320386,102.3719693,114.0716229,0,0,155.0204107,113.4866403,185.4395101,58.49826818,0,194.799233,105.8818654,74.87778326,0,0,0,0,70.32834883,63.16527626,117.2139147,48.18794272,46.23437747,88.56162445,81.39855189,111.353219,113.9579726,126.9817409,0,0,172.56493,126.3305525,206.4267276,65.11884151,0,216.8457422,117.8651031,83.35211713,0,0,0,0,68.5719709,61.58778868,114.2866182,46.98449858,45.07972161,86.34988928,79.36570706,108.5722873,111.1119899,123.810503,0,0,168.255299,123.1755774,201.2714331,63.49256565,0,211.4302436,114.9215438,81.27048403,0,0,0,0,0
2020,sc01,08-25 09:00:00+01:00,66.09054922,59.35910439,110.1509154,45.28426521,43.44841662,83.22513606,76.49369123,104.6433696,107.0911677,119.3301583,0,0,162.1666254,118.7182088,193.988001,61.19495298,0,203.7791934,110.7628649,78.32953982,0,0,0,0,76.92428774,69.08940658,128.2071462,52.70738234,50.57059657,96.8676216,89.03274044,121.7967889,124.6458366,138.8910751,0,0,188.7494097,138.1788132,225.7870298,71.22619235,0,237.1832205,128.9194082,91.16952621,0,0,0,0,74.43150901,66.85052198,124.052515,50.99936728,48.93182537,93.7285669,86.14757987,117.8498893,120.6066118,134.3902246,0,0,182.6328693,133.701044,218.4702625,68.91806389,0,229.4971528,124.7416956,88.21512179,0,0,0,0,0
2020,sc01,08-25 10:00:00+01:00,69.64423552,62.55084117,116.0737259,47.71919841,45.78463632,87.70014844,80.60675408,110.2700396,112.8494557,125.7465364,0,0,170.8863186,125.1016823,204.4187283,64.48540326,0,214.7363929,116.7185799,82.54131618,0,0,0,0,79.66126239,71.5476153,132.7687707,54.58271682,52.36990398,100.3141823,92.20053518,126.1303321,129.0807492,143.8328349,0,0,195.4651346,143.0952306,233.8205572,73.76042814,0,245.6222257,133.5063749,94.41334802,0,0,0,0,81.19645681,72.92644732,135.327428,55.6346093,53.37915216,102.2473901,93.97738057,128.5610566,131.5683328,146.6047137,0,0,199.2320468,145.8528946,238.3266371,75.18190446,0,250.3557418,136.0792471,96.2328377,0,0,0,0,0
2020,sc01,08-25 11:00:00+01:00,73.06432458,65.62258781,121.7738743,50.06259277,48.03302819,92.00692724,84.56519048,115.6851806,118.3912667,131.9216972,0,0,179.2782038,131.2451756,214.4573231,67.65215239,0,225.2816674,122.4503958,86.59475505,0,0,0,0,90.64316073,81.41098695,151.0719345,62.10735087,59.58948529,114.1432394,104.9110657,143.5183378,146.8754919,163.6612624,0,0,222.4114592,162.8219739,266.0544625,83.92885253,0,279.4830789,151.9112231,107.4289312,0,0,0,0,89.02056312,79.95365391,148.3676052,60.99557103,58.52277761,112.0999684,103.0330592,140.9492249,144.2462828,160.7315723,0,0,218.4300854,159.9073078,261.291838,82.42644733,0,274.4800696,149.1918697,105.5058526,0,0,0,0,0
2020,sc01,08-25 12:00:00+01:00,77.23255813,69.36627906,128.7209302,52.91860464,50.77325581,97.25581394,89.38953487,122.2848837,125.1453488,139.4476744,0,0,189.5058139,138.7325581,226.6918604,71.51162789,0,238.1337209,129.4360465,91.53488371,0,0,0,0,96.03211081,86.25106249,160.053518,65.79977963,63.132221,120.9293247,111.1482764,152.0508421,155.607587,173.3913112,0,0,235.634346,172.502125,281.872029,88.91862112,0,296.0990083,160.9427042,113.815835,0,0,0,0,96.93008541,87.05757672,161.5501424,66.41505852,63.72255615,122.0601076,112.1875989,153.4726352,157.0626384,175.0126542,0,0,237.8377096,174.1151534,284.5077507,89.75007909,0,298.8677634,162.4476431,114.8801012,0,0,0,0,0
2020,sc01,08-25 13:00:00+01:00,80.90648193,72.66600692,134.8441365,55.4359228,53.18852053,101.8822365,93.64176149,128.1019297,131.0984661,146.0811479,0,0,198.5205344,145.3320138,237.4755071,74.91340919,0,249.4616526,135.5932706,95.88916377,0,0,0,0,100.2990713,90.08342514,167.1651188,68.72343774,65.93735242,126.3025342,116.0868881,158.8068629,162.5216433,181.0955454,0,0,246.1042027,180.1668503,294.3963481,92.86951046,0,309.2554698,168.0938139,118.8729734,0,0,0,0,103.4046188,92.87266688,172.3410313,70.85131288,67.97896236,130.2132237,119.6812718,163.7239798,167.5537805,186.7027839,0,0,253.7242961,185.7453338,303.5117052,95.7450174,0,318.830908,173.2984815,122.5536223,0,0,0,0,0
2020,sc01,08-25 14:00:00+01:00,84.13953488,75.56976743,140.2325581,57.65116279,55.31395348,105.9534884,97.38372092,133.2209302,136.3372093,151.9186046,0,0,206.4534884,151.1395349,246.9651163,77.90697674,0,259.4302325,141.0116279,99.72093022,0,0,0,0,103.8010389,93.22871086,173.0017315,71.12293406,68.23957187,130.7124194,120.1400913,164.3516449,168.1961278,187.4185425,0,0,254.6969936,186.4574217,304.6752716,96.11207305,0,320.0532033,173.9628522,123.0234535,0,0,0,0,105.5058526,94.75988612,175.8430876,72.29104714,69.36032901,132.8592218,122.1132553,167.0509333,170.9585574,190.4966783,0,0,258.8801013,189.5197722,309.6792155,97.69060425,0,325.3097121,176.8199937,125.0439734,0,0,0,0,0
2020,sc01,08-25 15:00:00+01:00,86.21029194,77.42961405,143.6838199,59.07001485,56.67528451,108.5611084,99.78043048,136.4996289,139.6926027,155.6574716,0,0,211.5345126,154.8592281,253.0431717,79.82434439,0,265.8150668,144.4820633,102.1751608,0,0,0,0,104.3110341,93.68676215,173.8517236,71.47237525,68.57484652,131.3546356,120.7303636,165.1591374,169.022509,188.3393672,0,0,255.9483708,187.3735243,306.1722021,96.58429088,0,321.6256886,174.8175665,123.6278923,0,0,0,0,104.4296109,93.79326162,174.0493515,71.55362226,68.65279974,131.5039544,120.8676052,165.3468839,169.2146472,188.5534641,0,0,256.239323,187.5865232,306.5202467,96.69408414,0,321.9913002,175.0162923,123.7684277,0,0,0,0,0
2020,sc01,08-25 16:00:00+01:00,85.43542801,76.73367146,142.39238,58.53908956,56.16588323,107.5853538,98.88359724,135.272761,138.4370361,154.2584117,0,0,209.6332261,153.4673429,250.7688026,79.10687779,0,263.425903,143.1834488,101.2568036,0,0,0,0,102.0160554,91.62553124,170.026759,69.89988982,67.0661105,128.4646624,118.0741382,161.5254211,165.3037935,184.1956556,0,0,250.317173,183.2510625,299.4360145,94.45931056,0,314.5495042,170.9713521,120.9079175,0,0,0,0,97.90382789,87.93214172,163.1730465,67.08225244,64.36270167,123.2863018,113.3146156,155.0143942,158.6404619,176.7708004,0,0,240.2269851,175.8642834,287.3658652,90.65169249,0,301.870136,164.0795634,116.0341664,0,0,0,0,0
2020,sc01,08-25 17:00:00+01:00,81.72142503,73.39794656,136.2023751,55.99430974,53.72427016,102.9084612,94.58498268,129.3922563,132.4189757,147.552573,0,0,200.5201633,146.7958931,239.8675161,75.66798614,0,251.9743938,136.9590549,96.85502226,0,0,0,0,97.78309461,87.82370535,162.9718244,66.99952779,64.28333072,123.1342673,113.174878,154.8232331,158.4448292,176.5528097,0,0,239.9307414,175.6474107,287.0114907,90.53990242,0,301.4978751,163.8772234,115.8910751,0,0,0,0,88.26890226,79.2785511,147.1148371,60.48054414,58.02863019,111.1534325,102.1630813,139.7590952,143.0283138,159.3744069,0,0,216.5857324,158.5571022,259.0855742,81.73046505,0,272.1624486,147.9321417,104.6149953,0,0,0,0,0
2020,sc01,08-25 18:00:00+01:00,81.05343889,72.79799604,135.0890648,55.53661554,53.28513112,102.0672934,93.81185057,128.3346116,131.3365908,146.3464869,0,0,198.8811232,145.5959921,237.906853,75.04948046,0,249.9147699,135.8395596,96.06333498,0,0,0,0,95.82811272,86.06784198,159.7135212,65.66000316,62.99811114,120.6724382,110.9121675,151.7278451,155.2770345,173.0229813,0,0,235.1337951,172.135684,281.2732568,88.729734,0,295.4700142,160.6008185,113.5740595,0,0,0,0,83.00727618,74.55283138,138.3454603,56.8753559,54.56959823,104.5276811,96.07323632,131.4281873,134.5025308,149.8742487,0,0,203.675261,149.1056628,243.6417273,76.85858905,0,255.9391015,139.1140462,98.37899399,0,0,0,0,0
2020,sc01,08-25 19:00:00+01:00,78.06086094,70.1102177,130.1014349,53.48614546,51.31778821,98.29886193,90.34821868,123.5963632,126.4875062,140.9432211,0,0,191.5382236,140.2204354,229.1230826,72.27857495,0,240.6876546,130.8242207,92.51657593,0,0,0,0,93.80513145,84.2509051,156.3418857,64.27388636,61.66818827,118.1249803,108.570754,148.5247915,151.9990556,169.3703762,0,0,230.1699985,168.5018102,275.3354321,86.85660319,0,289.2324886,157.2104518,111.1764521,0,0,0,0,80.9231256,72.6809554,134.871876,55.4473268,53.1994622,101.9031952,93.661025,128.1282822,131.125435,146.111199,0,0,198.561373,145.3619108,237.5243594,74.92882,0,249.5129706,135.6211642,95.9088896,0,0,0,0,0
2020,sc01,08-25 20:00:00+01:00,73.2914399,65.82657102,122.1523998,50.21820882,48.18233549,92.29292432,84.82805544,116.0447798,118.7592776,132.3317665,0,0,179.8354775,131.653142,215.1239486,67.86244435,0,225.9819397,122.8310243,86.86392877,0,0,0,0,87.92318588,78.96804658,146.5386431,60.2436644,57.80135368,110.7180859,101.7629466,139.211711,142.4681253,158.7501967,0,0,215.7374468,157.9360932,258.0708326,81.4103573,0,271.0964898,147.3527467,104.2052573,0,0,0,0,74.55109142,66.9579247,124.251819,51.08130338,49.01043973,93.87915216,86.28598544,118.0392281,120.8003796,134.6061373,0,0,182.9262891,133.9158494,218.8212591,69.02878835,0,229.8658652,124.9421069,88.35684909,0,0,0,0,0
2020,sc01,08-25 21:00:00+01:00,66.95893122,60.13904007,111.5982187,45.87926769,44.01929737,84.31865412,77.49876298,106.0183078,108.4982682,120.8980703,0,0,164.2973775,120.2780801,196.5368629,61.99901039,0,206.4567046,112.2182088,79.35873329,0,0,0,0,81.36124666,73.07445302,135.6020778,55.74752086,53.48748623,102.4549032,94.16810956,128.8219739,131.8353534,146.9022509,0,0,199.6363923,146.148906,238.8103258,75.33448765,0,250.8638439,136.3554226,96.42814419,0,0,0,0,66.65865234,59.86934515,111.0977539,45.67352105,43.82189181,83.94052516,77.15121798,105.5428662,108.0117052,120.3559001,0,0,163.5605821,119.7386903,195.6554888,61.72097439,0,205.5308447,111.7149636,79.00284721,0,0,0,0,0
2020,sc01,08-25 22:00:00+01:00,61.32112814,55.07545768,102.2018802,42.01632854,40.31296387,77.2191984,70.97352794,97.09178622,99.36293911,110.7187036,0,0,150.4638792,110.1509154,179.9888669,56.77882235,0,189.0734784,102.7696685,72.67689261,0,0,0,0,74.42531087,66.84495513,124.0421848,50.99512041,48.92775066,93.72076183,86.1404061,117.8400755,120.5965685,134.3790335,0,0,182.6176609,133.6899103,218.4520699,68.91232488,0,229.4780418,124.731308,88.20777584,0,0,0,0,59.72287252,53.63998735,99.53812086,40.92122747,39.26225878,75.20658021,69.12369504,94.56121482,96.77317306,107.8329643,0,0,146.5422335,107.2799747,175.2976906,55.29895604,0,184.1455236,100.0911104,70.78266372,0,0,0,0,0
2020,sc01,08-25 23:00:00+01:00,57.94111827,52.03970807,96.56853044,39.70039585,38.09092034,72.96288967,67.06147947,91.74010392,93.88607126,104.615908,0,0,142.1703365,104.0794161,170.0679119,53.64918358,0,178.6517813,97.10502228,68.67095498,0,0,0,0,68.27136787,61.31780262,113.7856131,46.77852984,44.88210295,85.97135213,79.01778689,108.0963325,110.6249016,123.2677475,0,0,167.5177082,122.6356052,200.3891075,63.21422951,0,210.5033843,114.4177554,80.91421377,0,0,0,0,54.64916166,49.08304335,91.08193611,37.44479595,35.92676369,68.81746284,63.25134452,86.5278393,88.55188232,98.67209745,0,0,134.0928504,98.16608669,160.4054097,50.60107561,0,168.5015818,91.58794686,64.76937679,0,0,0,0,0
2020,sc01,08-26 00:00:00+01:00,55.8035626,50.11986641,93.00593766,38.23577437,36.68567541,70.2711529,64.58745671,88.35564078,90.42243939,100.7564325,0,0,136.9254082,100.2397328,163.7937902,51.66996537,0,172.0609847,93.52263732,66.13755567,0,0,0,0,63.97040766,57.45490318,106.6173461,43.83157562,42.05461985,80.55532817,74.03982368,101.2864788,103.6557532,115.5021249,0,0,156.9644262,114.9098064,187.7649929,59.23185895,0,197.2420903,107.2096647,75.81677945,0,0,0,0,51.95001581,46.6588105,86.58335968,35.5953812,34.15232521,65.41853843,60.12733311,82.2541917,84.17826636,93.79863966,0,0,127.4699462,93.31762099,152.4829168,48.10186649,0,160.1792154,87.06437835,61.57038911,0,0,0,0,0
2020,sc01,08-26 01:00:00+01:00,54.56110835,49.00395843,90.93518059,37.38446313,35.86887679,68.70658089,63.14943096,86.38842156,88.40920335,98.51311231,0,0,133.8767936,98.00791686,160.1469569,50.51954477,0,168.2300841,91.44037604,64.66501731,0,0,0,0,60.7914371,54.59971665,101.3190618,41.65339209,39.96474106,76.55218005,70.36045961,96.25310874,98.50464345,109.762317,0,0,149.1641744,109.1994333,178.4341256,56.28836768,0,187.4402644,101.8819455,72.04911064,0,0,0,0,50.10503006,45.00173996,83.50838343,34.3312243,32.93941791,63.09522304,57.99193294,79.33296426,81.18870611,90.46741538,0,0,122.9428978,90.00347992,147.0675419,46.39354635,0,154.4905093,83.9723189,59.38373933,0,0,0,0,0
2020,sc01,08-26 02:00:00+01:00,53.89312221,48.40400792,89.82187036,36.92676892,35.42973775,67.86541316,62.37629886,85.33077684,87.3268184,97.30702622,0,0,132.2377536,96.80801583,158.1862939,49.90103909,0,166.1704602,90.32088075,63.87333003,0,0,0,0,58.58145758,52.61482764,97.63576263,40.13914686,38.51188415,73.76924288,67.80261294,92.7539745,94.92365811,105.7720762,0,0,143.7415394,105.2296553,171.9474264,54.24209035,0,180.6261609,98.17818354,69.42987565,0,0,0,0,49.71211643,44.64884532,82.85352739,34.0620057,32.68111358,62.60044292,57.5371718,78.71085102,80.55204052,89.75798801,0,0,121.9788042,89.29769063,145.9142677,46.02973744,0,153.2790257,83.31382476,58.91806392,0,0,0,0,0
2020,sc01,08-26 03:00:00+01:00,54.17367639,48.65598713,90.28946065,37.11900049,35.61417615,68.2187036,62.70101434,85.77498762,87.78142008,97.81358237,0,0,132.9261504,97.31197426,159.0097724,50.16081147,0,167.0355022,90.79106877,64.20583869,0,0,0,0,57.66346607,51.79033526,96.10577678,39.51015268,37.90838973,72.61325357,66.74012276,91.30048794,93.43617187,104.1145915,0,0,141.4890603,103.5806705,169.2529513,53.39209821,0,177.795687,96.63969776,68.34188571,0,0,0,0,49.90003162,44.81762099,83.16671937,34.19076241,32.80465042,62.83707686,57.75466623,79.0083834,80.85653272,90.09727932,0,0,122.4398924,89.63524199,146.4658336,46.20373298,0,153.8584308,83.6287567,59.14077822,0,0,0,0,0
2020,sc01,08-26 04:00:00+01:00,56.13755567,50.41984166,93.56259278,38.46462148,36.90524493,70.69173677,64.97402276,88.88446314,90.96363187,101.3594755,0,0,137.7449283,100.8396833,164.7741217,51.97921821,0,173.0907966,94.08238496,66.53339931,0,0,0,0,58.05446245,52.14150794,96.75743741,39.7780576,38.16543365,73.10561938,67.19266487,91.91956554,94.06973082,104.8205572,0,0,142.4484495,104.2830159,170.4005981,53.75413189,0,179.0012592,97.29497873,68.80528883,0,0,0,0,51.35210375,46.12179688,85.58683958,35.18570072,33.75925339,64.66561213,59.43530526,81.3074976,83.20942737,92.71907621,0,0,126.0028472,92.24359377,150.7279341,47.54824421,0,158.3356532,86.06232202,60.86175259,0,0,0,0,0
2020,sc01,08-26 05:00:00+01:00,58.35526965,52.41167738,97.25878276,39.98416624,38.36318653,73.48441364,67.54082136,92.39584362,94.5571499,105.3636813,0,0,143.1865413,104.8233548,171.283523,54.03265709,0,179.9287481,97.79910933,69.16180107,0,0,0,0,58.05446245,52.14150794,96.75743741,39.7780576,38.16543365,73.10561938,67.19266487,91.91956554,94.06973082,104.8205572,0,0,142.4484495,104.2830159,170.4005981,53.75413189,0,179.0012592,97.29497873,68.80528883,0,0,0,0,54.1537488,48.6380892,90.256248,37.1053464,35.6010756,68.1936096,62.67795,85.7434356,87.74913,97.777602,0,0,132.877254,97.2761784,158.9512812,50.14236,0,166.9740588,90.7576716,64.1822208,0,0,0,0,0
2020,sc01,08-26 06:00:00+01:00,62.28302821,55.93938644,103.805047,42.67540822,40.9453241,78.43047996,72.0868382,98.61479466,100.9215735,112.4554676,0,0,152.824097,111.8787729,182.8122217,57.66947056,0,192.039337,104.3817417,73.81692232,0,0,0,0,61.31843223,55.07303636,102.1973871,42.01448134,40.31119156,77.21580355,70.97040768,97.0875177,99.35857075,110.713836,0,0,150.4572643,110.1460727,179.9809539,56.77632614,0,189.065166,102.7651503,72.67369746,0,0,0,0,58.28788357,52.35115468,97.14647261,39.9379943,38.31888642,73.39955708,67.4628282,92.28914898,94.44795948,105.242012,0,0,143.0211958,104.7023094,171.0857323,53.97026256,0,179.7209743,97.68617524,69.08193608,0,0,0,0,0
2020,sc01,08-26 07:00:00+01:00,66.54477983,59.76707077,110.9079664,45.59549729,43.74703118,83.79713015,77.0194211,105.3625681,107.8271895,120.1502969,0,0,163.2811727,119.5341415,195.3212519,61.61553688,0,205.1797378,111.5241217,78.8678872,0,0,0,0,67.3703762,60.50857863,112.2839603,46.16118369,44.28978436,84.83677003,77.97497246,106.6697623,109.1649614,121.640957,0,0,165.3069416,121.0171573,197.7445301,62.37997796,0,207.7253266,112.9077601,79.8463718,0,0,0,0,64.45491935,57.89006645,107.4248656,44.16355585,42.37314142,81.16545399,74.6006011,102.0536223,104.4408415,116.3769377,0,0,158.1532743,115.7801329,189.1871244,59.68048088,0,198.7360013,108.0216704,76.39101552,0,0,0,0,0
2020,sc01,08-26 08:00:00+01:00,71.07372587,63.83473528,118.4562098,48.69866402,46.72439386,89.5002474,82.2612568,112.5333993,115.1657595,128.3275606,0,0,174.3938644,127.6694706,208.6145472,65.80900544,0,219.1439881,119.1142998,84.23552696,0,0,0,0,73.23532189,65.77616873,122.0588698,50.17975759,48.14544309,92.22225719,84.76310404,115.9559263,118.6683456,132.2304423,0,0,179.6977806,131.5523375,214.9592318,67.81048323,0,225.8089091,122.7369746,86.79741853,0,0,0,0,71.39069913,64.11942422,118.9844985,48.9158494,46.93277443,89.8993989,82.62812399,113.0352736,115.6793736,128.8998734,0,0,175.1716229,128.2388484,209.5449224,66.10249919,0,220.1213223,119.6455235,84.61119897,0,0,0,0,0
2020,sc01,08-26 09:00:00+01:00,76.85848592,69.03030679,128.0974765,52.66229591,50.52733796,96.78476004,88.95658092,121.6926027,124.5392133,138.7722662,0,0,188.5879516,138.0606136,225.5938892,71.16526474,0,236.9803316,128.8091292,91.09153886,0,0,0,0,79.86526052,71.73083584,133.1087675,54.72249332,52.50401386,100.5710688,92.43664412,126.4533292,129.4113018,144.2011648,0,0,195.9656855,143.4616717,234.4193295,73.9493153,0,246.2512199,133.8482607,94.65512358,0,0,0,0,78.56564377,70.56358746,130.9427396,53.83201518,51.64963618,98.93451438,90.93245807,124.3956026,127.3054413,141.8546346,0,0,192.7768111,141.1271749,230.6047137,72.74596646,0,242.2440683,131.6701993,93.11483706,0,0,0,0,0
2020,sc01,08-26 10:00:00+01:00,83.17763485,74.7058387,138.6293914,56.99208314,54.68159328,104.7422068,96.2704107,131.6979218,134.778575,150.1818407,0,0,204.0932707,149.4116774,244.1417615,77.01632856,0,256.4643741,139.3995547,98.58090056,0,0,0,0,86.29120099,77.50228237,143.8186683,59.12545253,56.72847472,108.6629938,99.87407522,136.6277349,139.8237053,155.8035573,0,0,211.7330395,155.0045647,253.2806548,79.89926018,0,266.0645364,144.6176609,102.271053,0,0,0,0,86.21891807,77.4373616,143.6981968,59.07592534,56.6809554,108.5719709,99.79041443,136.5132869,139.7065802,155.6730465,0,0,211.5556786,154.8747232,253.068491,79.83233154,0,265.841664,144.4965201,102.1853844,0,0,0,0,0
2020,sc01,08-26 11:00:00+01:00,88.45472539,79.4454478,147.4245423,60.6078674,58.15079169,111.387432,102.3781544,140.0533152,143.3294161,159.7099208,0,0,217.0416873,158.8908956,259.6309995,81.90252351,0,272.7354033,148.2435676,104.8352301,0,0,0,0,92.85314025,83.39587596,154.7552337,63.6215961,61.0423422,116.9261766,107.4689123,147.0174721,150.4564773,167.6515032,0,0,227.8340941,166.7917519,272.5411617,85.97512986,0,286.2971824,155.614985,110.0481662,0,0,0,0,94.29927237,84.69471686,157.165454,64.6124644,61.99304017,118.7472319,109.1426764,149.3071813,152.7997469,170.2625751,0,0,231.3824739,169.3894337,276.7858272,87.31414109,0,290.7560898,158.0385954,111.7621006,0,0,0,0,0
2020,sc01,08-26 12:00:00+01:00,93.22414647,83.72909452,155.3735775,63.87580406,61.28624444,117.3933696,107.8983177,147.6048986,151.0576447,168.3213756,0,0,228.7444335,167.458189,273.6301336,86.31865414,0,287.4411183,156.236764,110.4878773,0,0,0,0,98.05509208,88.06799937,163.4251535,67.18589643,64.46214387,123.4767826,113.4896899,155.2538958,158.8855659,177.0439163,0,0,240.5981426,176.1359987,287.8098536,90.79175193,0,302.3365339,164.333071,116.2134425,0,0,0,0,101.5083834,91.16956658,169.180639,69.55204048,66.73236317,127.8253717,117.4865549,160.7216071,164.4811768,183.2790256,0,0,249.0714963,182.3391332,297.9459031,93.98924389,0,312.9841822,170.1205314,120.3062322,0,0,0,0,0
2020,sc01,08-26 13:00:00+01:00,96.72439388,86.87283525,161.2073231,66.27412173,63.58733302,121.8010886,111.94953,153.146957,156.7293419,174.6412667,0,0,237.3330035,173.7456705,283.904008,89.55962396,0,298.2335478,162.1029194,114.6363187,0,0,0,0,101.1320636,90.83157563,168.5534393,69.29419171,66.48496773,127.3514875,117.0509995,160.1257673,163.8713993,182.5995592,0,0,248.148119,181.6631513,296.8413348,93.64079961,0,311.8238627,169.4898473,119.8602235,0,0,0,0,106.2745967,95.45033219,177.1243278,72.81777919,69.86570706,133.8272699,123.0030054,168.2681114,172.2042076,191.8846884,0,0,260.7663714,190.9006644,311.9356217,98.40240432,0,327.6800064,178.1083518,125.9550775,0,0,0,0,0
2020,sc01,08-26 14:00:00+01:00,99.10242455,89.00865908,165.1707076,67.90351312,65.15066799,124.7956457,114.7018803,156.9121722,160.5826324,178.9349332,0,0,243.1679862,178.0173182,290.8839683,91.76150421,0,305.565809,166.0883226,117.4547254,0,0,0,0,103.3250433,92.80119629,172.2084055,70.79678893,67.92664883,130.1130175,119.5891705,163.5979852,167.4248387,186.559106,0,0,253.5290414,185.6023926,303.2781363,95.67133639,0,318.5855502,173.1651189,122.4593106,0,0,0,0,108.0,97.0,180.0,74.0,71.0,136.0,125.0,171.0,175.0,195.0,0,0,265.0,194.0,317.0,100.0,0,333.0,181.0,128.0,0,0,0,0,0
2020,sc01,08-26 15:00:00+01:00,100.0108857,89.82459177,166.6848095,68.52597723,65.74789707,125.9396338,115.7533399,158.350569,162.0546759,180.5752103,0,0,245.3970806,179.6491835,293.55047,92.60267193,0,308.3668975,167.6108362,118.5314201,0,0,0,0,104.0560365,93.45773651,173.4267275,71.29765465,68.4072092,131.0335275,120.4352275,164.7553912,168.6093184,187.8789548,0,0,255.3226822,186.915473,305.4237368,96.34818196,0,320.8394459,174.3902094,123.3256729,0,0,0,0,103.25087,92.73457768,172.0847833,70.74596648,67.87788676,130.0196141,119.5033218,163.4805442,167.3046505,186.4251819,0,0,253.3470421,185.4691554,303.060424,95.6026574,0,318.3568492,173.0408099,122.3714015,0,0,0,0,0
2020,sc01,08-26 16:00:00+01:00,96.87135081,87.00482434,161.4522513,66.37481444,63.68394359,121.9861455,112.119619,153.3796388,156.9674666,174.9066056,0,0,237.6935923,174.0096487,284.3353538,89.69569519,0,298.686665,162.3492083,114.8104898,0,0,0,0,102.5600504,92.11411933,170.9334173,70.27262711,67.42373683,129.1496931,118.703762,162.3867464,166.1852668,185.1778687,0,0,251.6519755,184.2282387,301.0327405,94.96300961,0,316.226822,171.8830474,121.5526523,0,0,0,0,98.0746599,88.08557417,163.4577665,67.19930401,64.4750079,123.5014236,113.5123379,155.2848782,158.917273,177.079247,0,0,240.6461562,176.1711483,287.8672888,90.80987028,0,302.396868,164.3658652,116.236634,0,0,0,0,0
2020,sc01,08-26 17:00:00+01:00,90.71251856,81.47328055,151.1875309,62.15487383,59.63508164,114.2305789,104.9913409,143.6281544,146.9878773,163.7864918,0,0,222.5816428,162.9465611,266.2580406,83.99307274,0,279.6969322,152.0274617,107.5111331,0,0,0,0,98.25909018,88.25121988,163.7651503,67.3256729,64.59625373,123.7336691,113.7257988,155.5768928,159.2161183,177.4122462,0,0,241.0986935,176.5024398,288.4086258,90.98063905,0,302.965528,164.6749567,116.455218,0,0,0,0,88.79848151,79.75419172,147.9974692,60.843404,58.37677951,111.82031,102.7760203,140.5975957,143.8864284,160.3305916,0,0,217.885163,159.5083834,260.6399874,82.22081621,0,273.795318,148.8196773,105.2426447,0,0,0,0,0
2020,sc01,08-26 18:00:00+01:00,89.00247403,79.93740723,148.3374567,60.98317665,58.5108857,112.0771895,103.0121227,140.9205839,144.2169718,160.6989114,0,0,218.3857002,159.8748145,261.2387432,82.40969818,0,274.4242949,149.1615537,105.4844137,0,0,0,0,95.5901149,85.85408468,159.3168582,65.49693058,62.84164961,120.3727373,110.6367071,151.3510153,154.8913899,172.593263,0,0,234.549819,171.7081694,280.5746891,88.50936565,0,294.7361876,160.2019518,113.291988,0,0,0,0,83.70768744,75.18190446,139.5128124,57.35526732,55.03005378,105.4096805,96.8838975,132.5371718,135.6374565,151.1388801,0,0,205.3938627,150.3638089,245.6975641,77.507118,0,258.0987029,140.2878836,99.20911104,0,0,0,0,0
2020,sc01,08-26 19:00:00+01:00,84.66056409,76.03772886,141.1009401,58.00816428,55.65648195,106.6095992,97.98676399,134.0458931,137.1814696,152.8593518,0,0,207.7319397,152.0754577,248.4944335,78.38941119,0,261.0367393,141.8848343,100.3384463,0,0,0,0,93.07413819,83.59436485,155.1235636,63.77302061,61.18762788,117.2044703,107.724697,147.3673855,150.8145758,168.0505273,0,0,228.3763576,167.1887297,273.1898315,86.17975758,0,286.9785927,155.9853612,110.3100897,0,0,0,0,82.52894653,74.12322049,137.5482442,56.54761151,54.25514077,103.9253401,95.51961404,130.670832,133.7274596,149.0105979,0,0,202.5015818,148.246441,242.2377412,76.41569123,0,254.4642518,138.3124011,97.81208477,0,0,0,0,0
2020,sc01,08-26 20:00:00+01:00,78.39485405,70.41019299,130.6580901,53.71499259,51.53735776,98.71944584,90.73478478,124.1251856,127.0286987,141.5462643,0,0,192.3577437,140.820386,230.1034142,72.58782782,0,241.7174667,131.3839684,92.91241962,0,0,0,0,87.0391941,78.17409099,145.0653235,59.63796633,57.22021093,109.6049111,100.739808,137.8120573,141.0357312,157.1541005,0,0,213.5683929,156.348182,255.476153,80.59184639,0,268.3708485,145.871242,103.1575634,0,0,0,0,75.55900032,67.86317621,125.9316672,51.77190763,49.67304651,95.14837077,87.45254667,119.6350838,122.4335653,136.4259728,0,0,185.3993989,135.7263524,221.7796583,69.96203733,0,232.9735843,126.6312876,89.55140779,0,0,0,0,0
2020,sc01,08-26 21:00:00+01:00,70.52597723,63.34277585,117.5432954,48.32335477,46.36429985,88.81048985,81.62728846,111.6661306,114.2782039,127.33857,0,0,173.0498515,126.6855517,207.0068035,65.30183077,0,217.4550965,118.1963137,83.58634339,0,0,0,0,80.35825593,72.17361875,133.9304265,55.06028647,52.82811269,101.1918778,93.00724066,127.2339052,130.2101369,145.0912954,0,0,197.1753502,144.3472375,235.8663623,74.40579253,0,247.7712891,134.6744845,95.23941443,0,0,0,0,67.42739637,60.55979119,112.378994,46.20025307,44.32726984,84.90857321,78.04096803,106.7600443,109.2573552,121.7439101,0,0,165.4468522,121.1195824,197.9118949,62.43277442,0,207.9011388,113.0033217,79.91395126,0,0,0,0,0
2020,sc01,08-26 22:00:00+01:00,64.12666998,57.59524989,106.8777833,43.93864425,42.15734786,80.75210294,74.22068285,101.5338941,103.908956,115.7842652,0,0,157.3478476,115.1904998,188.2236517,59.37654628,0,197.7238991,107.4715488,76.00197924,0,0,0,0,73.98331496,66.44797732,123.3055249,50.69227136,48.63717928,93.16417439,85.62883675,117.1402487,119.8803715,133.5809853,0,0,181.5331339,132.8959546,217.15473,68.5030694,0,228.1152211,123.9905556,87.68392884,0,0,0,0,60.21828534,54.08494147,100.3638089,41.26067699,39.58794685,75.8304334,69.69708952,95.34561846,97.57592532,108.7274596,0,0,147.7578298,108.1698829,176.751819,55.75767161,0,185.6730465,100.9213856,71.36981967,0,0,0,0,0
2020,sc01,08-26 23:00:00+01:00,59.95843643,53.85155865,99.93072739,41.08263237,39.41712025,75.50321625,69.39633846,94.93419102,97.15487385,108.258288,0,0,147.1202375,107.7031173,175.9891143,55.51707077,0,184.8718457,100.4858981,71.06185059,0,0,0,0,68.20336849,61.25672911,113.6722808,46.73193767,44.83739966,85.88572329,78.9390839,107.9886668,110.5147175,123.1449709,0,0,167.3508579,122.5134582,200.1895168,63.15126712,0,210.2937195,114.3037935,80.83362192,0,0,0,0,55.36665614,49.72745968,92.27776023,37.93641254,36.39844987,69.7209744,64.08177794,87.66387222,89.71448911,99.96757358,0,0,135.8533692,99.45491936,162.5113889,51.26542235,0,170.7138564,92.79041446,65.61974061,0,0,0,0,0
2020,sc01,08-27 00:00:00+01:00,57.4868877,51.63174173,95.81147949,39.38916379,37.7923058,72.39089562,66.53574965,91.02090552,93.15004951,103.7957695,0,0,141.0557893,103.2634835,168.7346611,53.22859972,0,177.2512371,96.34376549,68.13260764,0,0,0,0,64.10640642,57.57705021,106.8440107,43.92475995,42.14402644,80.72658586,74.19722965,101.5018102,103.8761215,115.7476783,0,0,157.2981269,115.1541004,188.1641744,59.35778372,0,197.6614198,107.4375885,75.97796316,0,0,0,0,51.96709902,46.67415375,86.61183171,35.60708637,34.16355584,65.44005062,60.14710535,82.28124012,84.20594749,93.82948435,0,0,127.5118633,93.3483075,152.5330592,48.11768428,0,160.2318887,87.09300855,61.59063588,0,0,0,0,0
2020,sc01,08-27 01:00:00+01:00,55.81692231,50.13186541,93.02820385,38.24492825,36.69445819,70.28797624,64.60291934,88.37679366,90.44408708,100.7805542,0,0,136.958189,100.2637308,163.8330035,51.68233547,0,172.1021771,93.54502721,66.15338941,0,0,0,0,60.65543838,54.47756966,101.0923973,41.56020778,39.87533449,76.38092241,70.20305368,96.03777744,98.28427516,109.5167637,0,0,148.8304738,108.9551393,178.0349441,56.16244295,0,187.020935,101.6540217,71.88792697,0,0,0,0,50.31002846,45.18585889,83.85004743,34.47168617,33.07418538,63.35336917,58.22919961,79.65754506,81.52087945,90.83755138,0,0,123.4459032,90.37171779,147.6692502,46.58335968,0,155.1225877,84.31588103,59.6267004,0,0,0,0,0
2020,sc01,08-27 02:00:00+01:00,54.77486392,49.1959426,91.29143987,37.53092528,36.00940128,68.97575457,63.39683325,86.72686788,88.75556654,98.89905986,0,0,134.4012865,98.3918852,160.7743691,50.7174666,0,168.8891638,91.79861454,64.91835724,0,0,0,0,58.32645995,52.385802,97.21076659,39.96442626,38.34424682,73.44813476,67.5074768,92.35022826,94.51046752,105.3116638,0,0,143.1158508,104.771604,171.1989612,54.00598144,0,179.8399182,97.7508264,69.12765624,0,0,0,0,49.4558684,44.41869661,82.42644733,33.88642835,32.51265422,62.2777602,57.24058842,78.30512496,80.13682379,89.29531794,0,0,121.3500475,88.83739323,145.1621322,45.79247074,0,152.4889276,82.88437203,58.61436254,0,0,0,0,0
2020,sc01,08-27 03:00:00+01:00,55.22909449,49.60390894,92.04849082,37.84215734,36.30801582,69.54774862,63.92256307,87.44606628,89.4915883,99.71919839,0,0,135.5158337,99.20781788,162.1076199,51.13805046,0,170.289708,92.55987133,65.45670458,0,0,0,0,57.18747051,51.36282073,95.31245084,39.18400757,37.59546672,72.01385175,66.18920197,90.5468283,92.66488276,103.2551551,0,0,140.3211082,102.7256415,167.8558162,52.95136158,0,176.3280341,95.84196446,67.77774282,0,0,0,0,49.71211643,44.64884532,82.85352739,34.0620057,32.68111358,62.60044292,57.5371718,78.71085102,80.55204052,89.75798801,0,0,121.9788042,89.29769063,145.9142677,46.02973744,0,153.2790257,83.31382476,58.91806392,0,0,0,0,0
2020,sc01,08-27 04:00:00+01:00,56.89905988,51.10378526,94.83176646,38.98639288,37.40586344,71.65066799,65.85539338,90.09017814,92.19755073,102.7344137,0,0,139.613434,102.2075705,167.0092776,52.6843147,0,175.438768,95.35860961,67.43592282,0,0,0,0,57.61246653,51.74453013,96.02077756,39.47520855,37.87486226,72.54903193,66.68109553,91.21973868,93.35353374,104.022509,0,0,141.3639225,103.4890603,169.1032583,53.34487642,0,177.6384385,96.55422632,68.28144182,0,0,0,0,51.30085415,46.07576715,85.50142358,35.15058525,33.72556152,64.60107559,59.3759886,81.2263524,83.12638404,92.62654221,0,0,125.8770958,92.1515343,150.5775071,47.50079088,0,158.1776336,85.97643149,60.80101232,0,0,0,0,0
2020,sc01,08-27 05:00:00+01:00,59.3572489,53.31160318,98.92874817,40.67070758,39.02189511,74.74616528,68.70051956,93.98231076,96.18072739,107.1728105,0,0,145.6451015,106.6232064,174.2245176,54.96041565,0,183.0181841,99.47835232,70.34933203,0,0,0,0,57.52746735,51.66818827,95.87911225,39.41696837,37.81898317,72.44199592,66.58271684,91.08515664,93.21580358,103.8690383,0,0,141.1553597,103.3363765,168.8537699,53.26617347,0,177.3763577,96.41177399,68.18070205,0,0,0,0,54.01708321,48.51534326,90.02847202,37.01170516,35.51123063,68.02151219,62.51977224,85.52704842,87.52768113,97.53084469,0,0,132.5419171,97.03068651,158.5501424,50.01581779,0,166.5526732,90.5286302,64.02024677,0,0,0,0,0
2020,sc01,08-27 06:00:00+01:00,62.68381988,56.29935675,104.4730331,42.95002473,41.20880752,78.93518059,72.55071746,99.24938148,101.5710044,113.1791192,0,0,153.807521,112.5987135,183.9886195,58.04057396,0,193.2751113,105.0534389,74.29193468,0,0,0,0,60.96143554,54.75240044,101.6023926,41.7698725,40.07649929,76.76625216,70.55721706,96.52227294,98.78010389,110.0692586,0,0,149.5813002,109.5048009,178.9331025,56.44577365,0,187.9644263,102.1668503,72.25059027,0,0,0,0,58.20246758,52.27443847,97.00411263,39.87946853,38.26273332,73.29199621,67.36396711,92.153907,94.30955395,105.0877887,0,0,142.8116103,104.5488769,170.8350206,53.89117368,0,179.4576084,97.54302437,68.98070232,0,0,0,0,0
2020,sc01,08-27 07:00:00+01:00,63.76595745,57.2712766,106.2765957,43.69148936,41.92021277,80.29787234,73.80319149,100.962766,103.3244681,115.1329787,0,0,156.462766,114.5425532,187.1648936,59.04255319,0,196.6117021,106.8670213,75.57446809,0,0,0,0,66.99637967,60.17267433,111.6606328,45.90492681,44.04391626,84.36581143,77.5421061,106.0776011,108.5589485,120.9656855,0,0,164.3892649,120.3453487,196.6467811,62.03368488,0,206.5721706,112.2809696,79.40311664,0,0,0,0,64.48908573,57.92075293,107.4818096,44.18696615,42.39560266,81.20847833,74.64014553,102.1077191,104.4962037,116.438627,0,0,158.2371085,115.8415059,189.2874091,59.71211642,0,198.8413477,108.0789307,76.43150902,0,0,0,0,0
2020,sc01,08-27 08:00:00+01:00,63.99307273,57.47525977,106.6551212,43.84710539,42.06952004,80.58386937,74.0660564,101.3223652,103.692479,115.543048,0,0,157.0200396,114.9505195,187.831519,59.25284512,0,197.3119743,107.2476497,75.84364176,0,0,0,0,73.26932157,65.80670549,122.115536,50.20305367,48.16779474,92.26507161,84.80245553,116.0097592,118.7234377,132.2918306,0,0,179.7812057,131.613411,215.0590272,67.84196442,0,225.9137415,122.7939556,86.83771446,0,0,0,0,70.9465359,63.72049984,118.2442265,48.61151534,46.64077823,89.34008225,82.11404618,112.3320152,114.9596647,128.097912,0,0,174.0817779,127.4409997,208.2412211,65.69123695,0,218.751819,118.9011389,84.08478329,0,0,0,0,0
2020,sc01,08-27 09:00:00+01:00,64.0197922,57.49925781,106.6996537,43.86541317,42.08708561,80.6175161,74.09698171,101.364671,103.7357744,115.5912915,0,0,157.0856012,114.9985156,187.9099456,59.27758537,0,197.3943593,107.2924295,75.87530927,0,0,0,0,79.06626792,71.01322211,131.7771132,54.17503543,51.97875021,99.56492997,91.51188417,125.1882575,128.1166378,142.7585393,0,0,194.0051944,142.0264442,232.0741382,73.20950733,0,243.7876594,132.5092083,93.70816939,0,0,0,0,77.25023727,69.38215755,128.7503955,52.93071813,50.78487821,97.27807656,89.40999684,122.3128757,125.1739956,139.4795951,0,0,189.5491933,138.7643151,226.743752,71.52799747,0,238.1882316,129.4656754,91.55583677,0,0,0,0,0
2020,sc01,08-27 10:00:00+01:00,63.88619495,57.37926768,106.4769916,43.77387432,41.99925779,80.44928253,73.94235526,101.153142,103.5192974,115.3500742,0,0,156.7577932,114.7585354,187.5178129,59.15388421,0,196.9824344,107.0685304,75.71697179,0,0,0,0,84.48921769,75.88383441,140.8153628,57.89076027,55.54383756,106.3938297,97.7884464,133.7745947,136.903825,152.5499764,0,0,207.3115064,151.7676688,247.9915001,78.23075712,0,260.5084212,141.5976704,100.1353691,0,0,0,0,82.78519456,74.35336919,137.9753243,56.72318887,54.42360013,104.2480228,95.81619741,131.0765581,134.1426764,149.473268,0,0,203.1303385,148.7067384,242.9898766,76.65295793,0,255.2543499,138.7418539,98.11578615,0,0,0,0,0
2020,sc01,08-27 11:00:00+01:00,65.48936169,58.81914892,109.1489361,44.87234042,43.05319148,82.46808509,75.79787232,103.6914893,106.1170213,118.2446808,0,0,160.6914893,117.6382978,192.2234042,60.63829786,0,201.9255319,109.7553191,77.61702126,0,0,0,0,89.55517077,80.43381079,149.258618,61.36187627,58.87423264,112.773178,103.651818,141.7956871,145.1125452,161.6968361,0,0,219.7418542,160.8676216,262.8610105,82.92145442,0,276.1284432,150.0878325,106.1394617,0,0,0,0,89.39639353,80.2912053,148.9939892,61.25308446,58.7698513,112.5732363,103.4680481,141.5442898,144.8552673,161.410155,0,0,219.3522619,160.5824106,262.3949699,82.77443846,0,275.6388801,149.8217336,105.9512812,0,0,0,0,0
2020,sc01,08-27 12:00:00+01:00,69.05640771,62.0228847,115.0940128,47.3164275,45.39819395,86.95992081,79.92639781,109.3393122,111.8969569,124.6851806,0,0,169.4439634,124.0457694,202.6933448,63.94111825,0,212.9239238,115.733424,81.84463135,0,0,0,0,92.85314025,83.39587596,154.7552337,63.6215961,61.0423422,116.9261766,107.4689123,147.0174721,150.4564773,167.6515032,0,0,227.8340941,166.7917519,272.5411617,85.97512986,0,286.2971824,155.614985,110.0481662,0,0,0,0,94.77760203,85.12432774,157.96267,64.9402088,62.30749763,119.3495729,109.6962986,150.0645365,153.5748181,171.1262259,0,0,232.5561531,170.2486555,278.1898134,87.75703891,0,292.2309396,158.8402404,112.3290098,0,0,0,0,0
2020,sc01,08-27 13:00:00+01:00,71.9153884,64.59067292,119.8589807,49.27535872,47.27770904,90.56011873,83.23540325,113.8660316,116.5295645,129.8472291,0,0,176.4590549,129.1813458,211.0849826,66.5883226,0,221.7391142,120.5248639,85.23305292,0,0,0,0,95.28411774,85.5792539,158.8068629,65.28726586,62.64048481,119.9874075,110.2825437,150.8665198,154.3955612,172.0407681,0,0,233.7989926,171.1585078,279.6765308,88.22603495,0,293.7926964,159.6891233,112.9293247,0,0,0,0,99.28756724,89.17494465,165.4792787,68.03037015,65.27238217,125.0287884,114.9161658,157.2053148,160.8826321,179.2692186,0,0,243.6222715,178.3498893,291.4273964,91.93293263,0,306.1366657,166.3986081,117.6741538,0,0,0,0,0
2020,sc01,08-27 14:00:00+01:00,74.7075705,67.09846609,124.5126175,51.18852053,49.11331023,94.07619988,86.46709548,118.2869866,121.0539337,134.888669,0,0,183.3102424,134.1969322,219.2805541,69.17367639,0,230.3483424,125.2043543,88.54230577,0,0,0,0,96.67810482,86.83126081,161.1301747,66.24240515,63.55690224,121.7427987,111.8959546,153.073666,156.6543365,174.5576893,0,0,237.2194239,173.6625216,283.768141,89.51676372,0,298.0908232,162.0253423,114.5814576,0,0,0,0,101.6792155,91.32299907,169.4653591,69.66909207,66.84466942,128.0404935,117.6842771,160.9920911,164.757988,183.5874724,0,0,249.4906676,182.6459981,298.4473269,94.14742172,0,313.5109143,170.4068333,120.5086998,0,0,0,0,0
2020,sc01,08-27 15:00:00+01:00,76.09698171,68.3463632,126.8283028,52.1405245,50.02671945,95.82582881,88.07521031,120.4868877,123.3052944,137.3973281,0,0,186.7194459,136.6927264,223.3587333,70.46016825,0,234.6323603,127.5329045,90.18901535,0,0,0,0,96.59310563,86.75491895,160.9885094,66.18416497,63.50102315,121.6357626,111.797576,152.9390839,156.5166064,174.4042185,0,0,237.010861,173.5098379,283.5186526,89.43806077,0,297.8287424,161.88289,114.4807178,0,0,0,0,100.2613097,90.04950965,167.1021829,68.69756407,65.91252768,126.2549826,116.0431825,158.7470737,162.4604556,181.0273648,0,0,246.011547,180.0990193,294.2855109,92.83454604,0,309.1390383,168.0305283,118.8282189,0,0,0,0,0
2020,sc01,08-27 16:00:00+01:00,74.18654132,66.63050471,123.6442355,50.83151905,48.7707818,93.42008907,85.86405246,117.4620238,120.2096734,133.9479218,0,0,182.0317912,133.2610094,217.751237,68.69124196,0,228.7418357,124.331148,87.92478972,0,0,0,0,94.58712421,84.95325044,157.645207,64.80969622,62.1822761,119.109712,109.4758382,149.7629467,153.2661735,170.7823076,0,0,232.088777,169.9065009,277.6307257,87.58067056,0,291.643633,158.5210137,112.1032583,0,0,0,0,95.58051249,85.84546029,159.3008541,65.49035115,62.83533691,120.3606454,110.6255932,151.3358114,154.8758304,172.5759253,0,0,234.5262575,171.6909206,280.5465042,88.50047453,0,294.7065802,160.1858589,113.2806074,0,0,0,0,0
2020,sc01,08-27 17:00:00+01:00,70.92676891,63.70274615,118.2112815,48.59797129,46.62778326,89.31519048,82.09116772,112.3007174,114.9276348,128.0622216,0,0,174.0332756,127.4054923,208.1832013,65.67293418,0,218.6908708,118.8680109,84.06135574,0,0,0,0,90.32016369,81.12088776,150.5336061,61.88603808,59.37714465,113.7365024,104.5372265,143.0069258,146.3521171,163.0780733,0,0,221.6189202,162.2417755,265.1064064,83.62978119,0,278.4871714,151.369904,107.0461199,0,0,0,0,85.4672572,76.76225879,142.4454287,58.56089845,56.18680798,107.625435,98.92043658,135.3231572,138.4886112,154.3158811,0,0,209.7113255,153.5245176,250.8622272,79.13634926,0,263.524043,143.2367922,101.2945271,0,0,0,0,0
2020,sc01,08-27 18:00:00+01:00,70.15190499,63.00680355,116.9198416,48.06704601,46.11838198,88.33943591,81.19433447,111.0738496,113.6720683,126.6631618,0,0,172.1319891,126.0136071,205.9088322,64.95546758,0,216.301707,117.5693963,83.1429985,0,0,0,0,87.95718557,78.99858334,146.5953093,60.26696048,57.82370533,110.7609003,101.8022981,139.2655438,142.5232174,158.8115851,0,0,215.820872,157.9971667,258.170628,81.44183849,0,271.2013222,147.4097277,104.2455533,0,0,0,0,78.71939261,70.7016767,131.1989877,53.9373616,51.75071181,99.12812403,91.11040811,124.6390383,127.5545714,142.1322367,0,0,193.1540652,141.4033534,231.055995,72.88832649,0,242.7181272,131.9278709,93.29705791,0,0,0,0,0
2020,sc01,08-27 19:00:00+01:00,68.72241464,61.72290944,114.5373577,47.0875804,45.17862444,86.53933695,79.53983175,108.8104898,111.3557645,124.0821375,0,0,168.6244433,123.4458189,201.7130133,63.6318654,0,211.8941118,115.1736764,81.44878772,0,0,0,0,85.30521014,76.61671651,142.1753502,58.44986621,56.08027704,107.4213757,98.73288211,135.0665827,138.2260349,154.0232961,0,0,209.3137101,153.233433,250.386589,78.98630568,0,263.0243979,142.9652133,101.1024713,0,0,0,0,77.33565326,69.45887376,128.8927554,52.9892439,50.84103131,97.38563744,89.50885794,122.4481177,125.3124011,139.6338184,0,0,189.7587788,138.9177475,226.9944637,71.60708635,0,238.4515975,129.6088263,91.65707053,0,0,0,0,0
2020,sc01,08-27 20:00:00+01:00,65.63631865,58.95113805,109.3938644,44.97303315,43.14980208,82.65314201,75.9679614,103.9241712,106.355146,118.5100198,0,0,161.0520782,117.9022761,192.6547501,60.77436912,0,202.3786492,110.0016081,77.79119248,0,0,0,0,80.29025659,72.11254527,133.8170943,55.01369433,52.78340942,101.106249,92.92853772,127.1262396,130.0999528,144.9685188,0,0,197.0085,144.2250905,235.6667717,74.34283018,0,247.5616245,134.5605226,95.15882262,0,0,0,0,71.15153434,63.90461881,118.5858906,48.75197723,46.77554572,89.59822843,82.35131289,112.656596,115.2918381,128.4680481,0,0,174.5847833,127.8092376,208.8429295,65.88105032,0,219.3838976,119.2447011,84.3277444,0,0,0,0,0
2020,sc01,08-27 21:00:00+01:00,60.54626421,54.37951508,100.9104404,41.48540326,39.80356259,76.24344383,70.07669469,95.86491834,98.10737257,109.3196437,0,0,148.5625927,108.7590302,177.7144977,56.06135575,0,186.6843147,101.4710539,71.75853537,0,0,0,0,74.23831262,66.677003,123.730521,50.86699198,48.80481663,93.48528256,85.92397294,117.543995,120.2935621,134.0413978,0,0,182.1588226,133.354006,217.9031954,68.73917835,0,228.9014639,124.4179128,87.98614829,0,0,0,0,63.89117367,57.38373932,106.4852895,43.77728566,42.00253084,80.45555203,73.94811768,101.161025,103.5273647,115.3590636,0,0,156.7700095,114.7674786,187.5324264,59.15849414,0,196.9977855,107.0768744,75.7228725,0,0,0,0,0
2020,sc01,08-27 22:00:00+01:00,56.15091538,50.43184067,93.58485897,38.47377535,36.9140277,70.70856011,64.98948539,88.90561602,90.98527955,101.3835972,0,0,137.777709,100.8636813,164.813335,51.99158832,0,173.1319891,94.10477485,66.54923304,0,0,0,0,68.54336534,61.56209665,114.2389422,46.96489847,45.0609161,86.31386746,79.33259877,108.5269951,111.0656383,123.7588541,0,0,168.1851094,123.1241933,201.1874705,63.46607902,0,211.3420431,114.873603,81.23658114,0,0,0,0,57.46788989,51.61467888,95.77981648,39.37614678,37.7798165,72.36697245,66.51376145,90.99082566,93.11926603,103.7614679,0,0,141.0091743,103.2293578,168.678899,53.21100916,0,177.1926605,96.31192658,68.11009172,0,0,0,0,0
2020,sc01,08-27 23:00:00+01:00,53.66600693,48.20002474,89.44334488,36.7711529,35.28043048,67.57941613,62.11343395,84.97117764,86.95880753,96.89695696,0,0,131.68048,96.40004949,157.5196685,49.69074716,0,165.470188,89.94025236,63.60415636,0,0,0,0,63.32441366,56.87470486,105.5406894,43.3889501,41.62993861,79.74185424,73.29214544,100.263655,102.6090036,114.3357469,0,0,155.3793483,113.7494097,185.8688808,58.63371635,0,195.2502754,106.1270266,75.05115693,0,0,0,0,52.85542551,47.47200254,88.09237585,36.21575452,34.74754825,66.55868398,61.17526101,83.68775706,85.64536541,95.43340717,0,0,129.6915533,94.94400509,155.1404619,48.94020881,0,162.9708953,88.58177794,62.64346727,0,0,0,0,0
2020,sc01,08-28 00:00:00+01:00,52.23651658,46.91613063,87.06086097,35.79168729,34.34067294,65.77931718,60.45893123,82.70781792,84.64250372,94.31593272,0,0,128.1729342,93.83226127,153.3238496,48.36714498,0,161.0625928,87.54453242,61.90994558,0,0,0,0,59.73744687,53.65307728,99.56241145,40.9312136,39.27184007,75.2249331,69.14056351,94.58429088,96.79678891,107.8592791,0,0,146.5779946,107.3061546,175.3404691,55.31245081,0,184.1904612,100.115536,70.79993703,0,0,0,0,50.29294528,45.17051567,83.82157547,34.45998103,33.06295477,63.33185702,58.20942741,79.6304967,81.49319838,90.80670676,0,0,123.4039861,90.34103134,147.6191079,46.56754193,0,155.0699146,84.28725089,59.60645367,0,0,0,0,0
2020,sc01,08-28 01:00:00+01:00,51.06086094,45.8602177,85.10143491,34.98614546,33.56778821,64.29886193,59.09821868,80.84636316,82.73750616,92.19322115,0,0,125.2882236,91.7204354,149.8730826,47.27857495,0,157.4376546,85.57422065,60.51657593,0,0,0,0,57.28946953,51.45443097,95.48244922,39.25389579,37.66252164,72.14229497,66.3072564,90.70832676,92.83015896,103.43932,0,0,140.5713836,102.9088619,168.1552022,53.04580512,0,176.6425311,96.01290727,67.89863056,0,0,0,0,48.90920593,43.92771274,81.51534322,33.51186332,32.15327427,61.58937043,56.60787724,77.43957606,79.25102813,88.30828849,0,0,120.0086997,87.85542547,143.5575767,45.28630179,0,150.803385,81.96820624,57.96646629,0,0,0,0,0
2020,sc01,08-28 02:00:00+01:00,50.75358734,45.58424048,84.58931223,34.77560614,33.36578427,63.9119248,58.74257794,80.35984662,82.23960911,91.63842158,0,0,124.5342652,91.16848096,148.9711777,46.99406235,0,156.4902276,85.05925286,60.15239981,0,0,0,0,55.62348495,49.95813,92.70580825,38.11238784,36.56729103,70.04438846,64.37903351,88.07051784,90.13064691,100.4312923,0,0,136.483551,99.91626001,163.265229,51.50322681,0,171.5057453,93.22084052,65.92413031,0,0,0,0,48.44795949,43.5134451,80.74659916,33.1958241,31.85004745,61.00854159,56.07402719,76.7092692,78.50363807,87.47548242,0,0,118.8769376,87.0268902,142.203733,44.85922175,0,149.3812084,81.19519138,57.41980385,0,0,0,0,0
2020,sc01,08-28 03:00:00+01:00,51.35477487,46.12419595,85.59129145,35.18753093,33.76100941,64.66897576,59.43839684,81.31172688,83.21375558,92.72389907,0,0,126.0094013,92.2483919,150.7357744,47.55071747,0,158.3438892,86.06679863,60.86491837,0,0,0,0,54.60349441,49.04202739,91.00582402,37.41350543,35.8967417,68.75995593,63.1984889,86.45553282,88.47788446,98.58964269,0,0,133.9807965,98.08405478,160.2713679,50.55879112,0,168.3607744,91.51141193,64.71525264,0,0,0,0,48.65295793,43.69756407,81.08826322,33.33628599,31.98481494,61.26668777,56.3112939,77.03385006,78.83581146,87.84561849,0,0,119.3799431,87.39512814,142.8054413,45.04903512,0,150.013287,81.53875357,57.66276496,0,0,0,0,0
2020,sc01,08-28 04:00:00+01:00,53.19841661,47.78005936,88.66402768,36.45076694,34.97303314,66.99059869,61.57224145,84.2308263,86.20113803,96.05269666,0,0,130.5331519,95.56011873,156.1472043,49.25779316,0,164.0284512,89.15660562,63.04997524,0,0,0,0,54.82449235,49.24051628,91.37415392,37.56492994,36.04202738,69.03824963,63.45427355,86.80544622,88.83598297,98.98866674,0,0,134.5230599,98.48103255,160.9200377,50.76341884,0,169.0421847,91.8817881,64.97717612,0,0,0,0,50.19044605,45.07845617,83.65074341,34.38975007,32.99557101,63.20278391,58.09079404,79.46820624,81.32711165,90.62163869,0,0,123.1524834,90.15691234,147.3182537,46.47263523,0,154.7538753,84.11546976,59.48497309,0,0,0,0,0
2020,sc01,08-28 05:00:00+01:00,55.60316674,49.93988124,92.67194457,38.0984661,36.55393369,70.01880256,64.35551706,88.03834734,90.09772389,100.3946066,0,0,136.4336962,99.87976248,163.2055913,51.48441365,0,171.4430975,93.1867887,65.90004947,0,0,0,0,54.67149379,49.1031009,91.11915632,37.4600976,35.94144499,68.84558477,63.27719189,86.5631985,88.58806864,98.71241934,0,0,134.1476468,98.20620181,160.4709586,50.62175351,0,168.5704392,91.62537385,64.79584449,0,0,0,0,52.24043024,46.91964567,87.06738373,35.79436887,34.3432458,65.78424548,60.46346092,82.71401454,84.64884529,94.32299904,0,0,128.1825372,93.83929135,153.3353369,48.37076874,0,161.0746599,87.55109141,61.91458398,0,0,0,0,0
2020,sc01,08-28 06:00:00+01:00,58.64918358,52.67565563,97.74863931,40.18555171,38.55640773,73.85452748,67.88099952,92.86120734,95.03339932,105.8943592,0,0,143.907719,105.3513113,172.1462148,54.30479961,0,180.8349827,98.2916873,69.51014351,0,0,0,0,57.56146704,51.69872503,95.9357784,39.44026445,37.84133481,72.48481035,66.62206833,91.13898948,93.27089567,103.9304266,0,0,141.2387849,103.3974501,168.9535653,53.29765467,0,177.48119,96.46875495,68.22099797,0,0,0,0,55.93040178,50.23378678,93.21733629,38.3226827,36.76906043,70.43087631,64.73426132,88.55646948,90.62796584,100.9854477,0,0,137.236634,100.4675736,164.1660867,51.78740905,0,172.4520721,93.73521039,66.28788359,0,0,0,0,0
2020,sc01,08-28 07:00:00+01:00,61.66848096,55.38743197,102.7808016,42.25432955,40.54131619,77.65660565,71.37555667,97.64176152,99.92577933,111.3458684,0,0,151.3161801,110.7748639,181.0084117,57.10044533,0,190.144483,103.3518061,73.08857003,0,0,0,0,62.88241775,56.47772705,104.8040296,43.08610105,41.33936722,79.18526679,72.7805761,99.5638281,101.8928065,113.5376987,0,0,154.2948213,112.9554541,184.571541,58.22446088,0,193.8874547,105.3862742,74.52730992,0,0,0,0,60.47453338,54.31509017,100.790889,41.43625435,39.7564062,76.15311611,69.99367289,95.75134452,97.99114205,109.1901297,0,0,148.3865865,108.6301803,177.5039545,55.99493832,0,186.4631446,101.3508384,71.67352104,0,0,0,0,0
2020,sc01,08-28 08:00:00+01:00,64.2602672,57.71523998,107.1004453,44.03018308,42.24517566,80.92033647,74.37530925,101.7454231,104.125433,116.0254824,0,0,157.6756556,115.43048,188.6157843,59.5002474,0,198.1358239,107.6954478,76.16031668,0,0,0,0,67.65937352,60.76814103,112.7656225,46.35920037,44.47977333,85.20069258,78.30946009,107.1273414,109.6332441,122.1627577,0,0,166.0160554,121.5362821,198.5927908,62.64756807,0,208.6164017,113.3920982,80.18888713,0,0,0,0,65.61657705,58.93340716,109.3609617,44.9595065,43.1368238,82.62828221,75.94511232,103.8929137,106.3231573,118.4743752,0,0,161.0036381,117.8668143,192.5968049,60.75608986,0,202.3177792,109.9685226,77.76779502,0,0,0,0,0
2020,sc01,08-28 09:00:00+01:00,68.56209796,61.57892131,114.2701633,46.97773379,45.07323106,86.33745669,79.35428004,108.5566551,111.0959921,123.7926769,0,0,168.2310737,123.1578426,201.2424542,63.48342404,0,211.399802,114.9049975,81.25878276,0,0,0,0,71.46733828,64.18825753,119.1122305,48.96836141,46.98315757,89.99590746,82.71682671,113.1566189,115.8035574,129.0382497,0,0,175.3596726,128.3765151,209.7698725,66.17346137,0,220.3576264,119.7739651,84.70203055,0,0,0,0,69.8873774,62.76921859,116.4789623,47.88579563,45.94447959,88.0063271,80.88816829,110.6550142,113.2434356,126.1855425,0,0,171.4829168,125.5384372,205.1323948,64.71053463,0,215.4860803,117.1260677,82.82948433,0,0,0,0,0
2020,sc01,08-28 10:00:00+01:00,72.14250373,64.79465612,120.2375062,49.43097478,47.42701634,90.8461158,83.4982682,114.2256309,116.8975755,130.2572984,0,0,177.0163286,129.5893122,211.7516082,66.79861456,0,222.4393865,120.9054924,85.50222664,0,0,0,0,75.4283016,67.7457894,125.713836,51.6823548,49.5871242,94.9837872,87.301275,119.4281442,122.221785,136.189989,0,0,185.078703,135.4915788,221.3960334,69.84102,0,232.5705966,126.4122462,89.3965056,0,0,0,0,74.55109142,66.9579247,124.251819,51.08130338,49.01043973,93.87915216,86.28598544,118.0392281,120.8003796,134.6061373,0,0,182.9262891,133.9158494,218.8212591,69.02878835,0,229.8658652,124.9421069,88.35684909,0,0,0,0,0
2020,sc01,08-28 11:00:00+01:00,75.84314696,68.11838199,126.4052449,51.96660069,49.85984661,95.50618506,87.78142009,120.0849827,122.8939881,136.9390153,0,0,186.0966106,136.236764,222.6136813,70.22513607,0,233.8497031,127.1074963,89.88817417,0,0,0,0,77.87627894,69.94443571,129.7937982,53.35967261,51.19644264,98.06642533,90.13458211,123.3041083,126.1884149,140.6099481,0,0,191.0853141,139.8888714,228.5813002,72.10766568,0,240.1185267,130.5148749,92.29781208,0,0,0,0,77.86523251,69.93451438,129.7753875,53.35210376,51.18918063,98.05251501,90.12179689,123.2866181,126.1705156,140.5900031,0,0,191.0582094,139.8690288,228.5488769,72.09743751,0,240.0844669,130.4963619,92.28472001,0,0,0,0,0
2020,sc01,08-28 12:00:00+01:00,80.35873329,72.17404749,133.9312221,55.06061355,52.82842651,101.192479,93.00779316,127.234661,130.2109104,145.0921573,0,0,197.1765215,144.348095,235.8677634,74.40623453,0,247.772761,134.6752845,95.23998019,0,0,0,0,82.63623486,74.21958131,137.7270581,56.62112389,54.32567292,104.0604439,95.64379035,130.8407052,133.9013065,149.2043129,0,0,202.7648355,148.4391626,242.5526523,76.51503228,0,254.7950575,138.4922084,97.93924132,0,0,0,0,81.77728566,73.44811768,136.2954761,56.03258462,53.76099335,102.9788042,94.64963618,129.4807023,132.5094907,147.6534324,0,0,200.6572287,146.8962354,240.0314774,75.71970895,0,252.1466308,137.0526732,96.92122745,0,0,0,0,0
2020,sc01,08-28 13:00:00+01:00,83.83226127,75.29379022,139.7204355,57.44062346,55.11194954,105.5665512,97.02808018,132.7344137,135.8393122,151.3638051,0,0,205.69953,150.5875804,246.0632113,77.62246414,0,258.4828056,140.4966601,99.3567541,0,0,0,0,85.35620967,76.66252165,142.2603495,58.48481033,56.11380451,107.4855974,98.79190934,135.147332,138.3086731,154.1153786,0,0,209.4388478,153.3250433,250.5362821,79.03352747,0,263.1816465,143.0506847,101.1629152,0,0,0,0,84.93767795,76.28661816,141.5627966,58.1980386,55.83865865,106.9585574,98.30749763,134.4846568,137.6304967,153.3596963,0,0,208.411895,152.5732363,249.307814,78.64599811,0,261.8911737,142.3492566,100.6668776,0,0,0,0,0
2020,sc01,08-28 14:00:00+01:00,86.79811976,77.95757052,144.6635329,59.47278576,57.06172688,109.301336,100.4607868,137.4303563,140.6451015,156.7188273,0,0,212.9768679,155.915141,254.7685552,80.3686294,0,267.6275359,145.4672192,102.8718456,0,0,0,0,87.14119312,78.26570123,145.2353219,59.70785455,57.28726585,109.7333543,100.8578624,137.9735558,141.2010074,157.3382654,0,0,213.8186683,156.5314025,255.7755391,80.68628993,0,268.6853455,146.0421848,103.2784511,0,0,0,0,86.57766531,77.75956976,144.2961088,59.32173364,56.91679849,109.0237267,100.2056311,137.0813034,140.2878836,156.3207846,0,0,212.435938,155.5191395,254.1214806,80.16450491,0,266.9478014,145.0977539,102.6105663,0,0,0,0,0
2020,sc01,08-28 15:00:00+01:00,87.89361704,78.94148937,146.4893617,60.22340427,57.7819149,110.6808511,101.7287234,139.1648936,142.4202128,158.6968085,0,0,215.6648937,157.8829787,257.9840426,81.38297874,0,271.0053192,147.3031915,104.1702128,0,0,0,0,87.60018888,78.67794742,146.0003148,60.02235164,57.58901306,110.311349,101.3891075,138.7002991,141.9447505,158.1670077,0,0,214.9449079,157.3558948,257.1227766,81.111286,0,270.1005824,146.8114277,103.8224461,0,0,0,0,85.79183802,77.05378044,142.9863967,58.78329642,56.40018981,108.0341664,99.29610882,135.8370769,139.0145523,154.9019298,0,0,210.5077507,154.1075609,251.814932,79.43688705,0,264.5248339,143.7807656,101.6792154,0,0,0,0,0
2020,sc01,08-28 16:00:00+01:00,85.90301829,77.1536368,143.1716972,58.8594755,56.47328055,108.1741712,99.42478969,136.0131123,139.1947056,155.1026719,0,0,210.7805541,154.3072736,252.1412667,79.53983175,0,264.8676397,143.9670955,101.8109846,0,0,0,0,86.03620336,77.27325673,143.3936723,58.95073193,56.5608374,108.3418857,99.57893908,136.2239887,139.4105147,155.343145,0,0,211.1073508,154.5465135,252.5321895,79.66315126,0,265.2782937,144.1903038,101.9688336,0,0,0,0,81.1793736,72.91110407,135.298956,55.62290413,53.36792153,102.2258779,93.95760833,128.5340082,131.5406517,146.573869,0,0,199.1901297,145.8222081,238.2764947,75.16608667,0,250.3030686,136.0506169,96.21259093,0,0,0,0,0
2020,sc01,08-28 17:00:00+01:00,80.69272636,72.47402275,134.4878773,55.28946065,53.04799603,101.6130628,93.39435921,127.7634834,130.7521029,145.6952004,0,0,197.9960415,144.9480455,236.848095,74.71548737,0,248.8025729,135.2350321,95.63582383,0,0,0,0,82.07524004,73.71572485,136.7920667,56.23673855,53.95687077,103.354006,94.99449079,129.9524634,132.9922871,148.1914056,0,0,201.3883205,147.4314497,240.9060286,75.99559263,0,253.0653235,137.5520227,97.27435857,0,0,0,0,73.45776653,65.97595698,122.4296109,50.33217336,48.29167985,92.50237267,85.02056311,116.3081303,119.0287884,132.6320785,0,0,180.2435938,131.951914,215.6121481,68.01645049,0,226.4947801,123.1097754,87.06105663,0,0,0,0,0
2020,sc01,08-28 18:00:00+01:00,78.74220683,70.72216725,131.2370114,53.95299357,51.76571005,99.15685305,91.13681346,124.6751608,127.5915389,142.173429,0,0,193.2100445,141.4443345,231.1229589,72.90945077,0,242.7884711,131.9661059,93.32409699,0,0,0,0,79.7802613,71.65449395,132.9671022,54.66425311,52.44813474,100.4640327,92.33826539,126.3187471,129.2735716,144.047694,0,0,195.7571226,143.3089879,234.169841,73.87061232,0,245.989139,133.7058083,94.55438376,0,0,0,0,69.59696298,62.50838341,115.9949383,47.68680797,45.75355899,87.64062004,80.55204048,110.1951914,112.7728567,125.6611832,0,0,170.7703258,125.0167668,204.2799747,64.44163239,0,214.5906358,116.6393546,82.48528945,0,0,0,0,0
2020,sc01,08-28 19:00:00+01:00,75.37555667,67.69841664,125.6259278,51.64621476,49.55244929,94.91736766,87.24022763,119.3446314,122.1363187,136.0947551,0,0,184.9492826,135.3968333,221.2412173,69.79218211,0,232.4079664,126.3238496,89.33399309,0,0,0,0,76.92428774,69.08940658,128.2071462,52.70738234,50.57059657,96.8676216,89.03274044,121.7967889,124.6458366,138.8910751,0,0,188.7494097,138.1788132,225.7870298,71.22619235,0,237.1832205,128.9194082,91.16952621,0,0,0,0,69.25529895,62.2015185,115.4254983,47.45270484,45.52894653,87.21037646,80.15659601,109.6542233,112.2192344,125.0442898,0,0,169.9319835,124.403037,203.2771275,64.12527681,0,213.5371718,116.066751,82.08035431,0,0,0,0,0
2020,sc01,08-28 20:00:00+01:00,71.56803562,64.27869866,119.2800594,49.03735774,47.04935675,90.12271152,82.83337456,113.3160564,115.9667244,129.2200643,0,0,175.6067541,128.5573973,210.0654379,66.26669965,0,220.6681098,119.9427264,84.82137555,0,0,0,0,72.30033057,64.93640801,120.5005509,49.53911539,47.53077287,91.04486072,83.68093816,114.4755234,117.1533134,130.5422635,0,0,177.4035889,129.872816,212.2148592,66.94475053,0,222.9260193,121.1699985,85.68928067,0,0,0,0,65.17241379,58.53448275,108.6206896,44.65517241,42.84482758,82.06896551,75.43103447,103.1896552,105.6034483,117.6724138,0,0,159.9137931,117.0689655,191.2931034,60.34482758,0,200.9482758,109.2241379,77.2413793,0,0,0,0,0
2020,sc01,08-28 21:00:00+01:00,66.39782286,59.63508165,110.6630381,45.49480455,43.65042059,83.61207324,76.84933202,105.1298862,107.5890648,119.8849579,0,0,162.9205839,119.2701633,194.889906,61.47946561,0,204.7266205,111.2778328,78.69371599,0,0,0,0,67.59137414,60.70706751,112.6522902,46.31260821,44.43507004,85.11506373,78.23075711,107.0196757,109.5230599,122.0399811,0,0,165.8492051,121.414135,198.3932,62.58460568,0,208.4067369,113.2781363,80.10829528,0,0,0,0,59.79120533,53.70136034,99.65200888,40.9680481,39.30718128,75.29262893,69.20278395,94.66940844,96.88389753,107.956343,0,0,146.709902,107.4027207,175.4982601,55.36222716,0,184.3562164,100.2056312,70.86365076,0,0,0,0,0
2020,sc01,08-28 22:00:00+01:00,61.38792678,55.13545276,102.3132113,42.06209798,40.35687779,77.30331521,71.05084118,97.19755074,99.47117766,110.8393122,0,0,150.6277833,110.2709055,180.1849332,56.84067295,0,189.2794409,102.881618,72.75606137,0,0,0,0,62.49142137,56.12655438,104.1523689,42.81819612,41.08232331,78.69290098,72.32803399,98.9447505,101.2592476,112.831733,0,0,153.3354321,112.2531088,183.4238942,57.86242719,0,192.6818826,104.7309932,74.06390681,0,0,0,0,55.1104081,49.49731098,91.85068017,37.76083518,36.22999051,69.39829168,63.78519456,87.25814616,89.29927239,99.50490352,0,0,135.2246125,98.99462196,161.7592534,51.02815565,0,169.9237583,92.36096172,65.31603923,0,0,0,0,0
2020,sc01,08-28 23:00:00+01:00,57.86095991,51.96771399,96.43493318,39.64547253,38.03822364,72.86194951,66.9687036,91.61318652,93.75618504,104.4711776,0,0,141.9736516,103.935428,169.8326323,53.57496288,0,178.4046264,96.97068281,68.57595248,0,0,0,0,57.8674642,51.97355581,96.44577366,39.64992917,38.04249961,72.8701401,66.97623171,91.62348498,93.76672439,104.4829215,0,0,141.9896112,103.9471116,169.8517236,53.58098537,0,178.4246813,96.98158352,68.58366127,0,0,0,0,51.21543816,45.99905094,85.3590636,35.09205948,33.66940842,64.49351472,59.2771275,81.09111042,82.9879785,92.4723189,0,0,125.6675103,91.99810188,150.3267953,47.421702,0,157.9142677,85.83328062,60.69977856,0,0,0,0,0
2020,sc01,08-29 00:00:00+01:00,55.57644731,49.91588324,92.62741219,38.08015834,36.53636814,69.98515588,64.3245918,87.99604158,90.05442852,100.3463632,0,0,136.3681346,99.83176647,163.1271648,51.45967344,0,171.3607126,93.14200892,65.868382,0,0,0,0,54.67149379,49.1031009,91.11915632,37.4600976,35.94144499,68.84558477,63.27719189,86.5631985,88.58806864,98.71241934,0,0,134.1476468,98.20620181,160.4709586,50.62175351,0,168.5704392,91.62537385,64.79584449,0,0,0,0,49.18253718,44.17320469,81.97089531,33.69914585,32.33296426,61.93356534,56.92423285,77.87235054,79.69392599,88.80180325,0,0,120.6793736,88.34640938,144.3598545,45.53938628,0,151.6461563,82.42628917,58.29041444,0,0,0,0,0
2020,sc01,08-29 01:00:00+01:00,53.66600693,48.20002474,89.44334488,36.7711529,35.28043048,67.57941613,62.11343395,84.97117764,86.95880753,96.89695696,0,0,131.68048,96.40004949,157.5196685,49.69074716,0,165.470188,89.94025236,63.60415636,0,0,0,0,52.10451754,46.79757594,86.84086257,35.7012435,34.25389579,65.61309616,60.30615456,82.49881944,84.42861639,94.07760112,0,0,127.8490477,93.59515188,152.936408,48.24492365,0,160.6555958,87.3233118,61.75350227,0,0,0,0,47.79879783,42.93040176,79.66466305,32.75102814,31.42328376,60.19107875,55.32268268,75.6814299,77.45175575,86.30338497,0,0,117.2840873,85.86080351,140.2983233,44.25814614,0,147.3796266,80.10724451,56.65042706,0,0,0,0,0
2020,sc01,08-29 02:00:00+01:00,52.55714994,47.20410689,87.59524989,36.01138051,34.55145968,66.1830777,60.83003465,83.2154874,85.16204851,94.89485405,0,0,128.9596735,94.40821378,154.2649679,48.66402772,0,162.0512123,88.08189017,62.28995548,0,0,0,0,50.04753658,44.9501023,83.41256097,34.29183062,32.90162127,63.02282384,57.92538956,79.24193292,81.09554539,90.36360772,0,0,122.8018259,89.9002046,146.8987879,46.34031165,0,154.3132378,83.87596408,59.31559891,0,0,0,0,47.08130339,42.28598546,78.46883899,32.25941158,30.9515976,59.28756724,54.4922493,74.54539704,76.28914902,85.00790891,0,0,115.5235685,84.57197091,138.1923442,43.59379944,0,145.1673521,78.90477698,55.80006328,0,0,0,0,0
2020,sc01,08-29 03:00:00+01:00,51.96932212,46.67615042,86.61553686,35.6086096,34.16501732,65.44285007,60.14967838,82.28476002,84.20954973,93.83349827,0,0,127.5173182,93.35230084,152.5395844,48.1197427,0,160.2387432,87.09673429,61.59327066,0,0,0,0,48.84054776,43.86604752,81.40091293,33.46481976,32.10813788,61.50291199,56.52841175,77.33086728,79.13977646,88.18432234,0,0,119.8402329,87.73209504,143.3560522,45.2227294,0,150.5916889,81.85314022,57.88509364,0,0,0,0,46.94463777,42.16323948,78.24106295,32.16577032,30.86175261,59.11546978,54.33407149,74.3290098,76.06770009,84.76115153,0,0,115.1882316,84.32647895,137.7912053,43.46725719,0,144.7459665,78.67573552,55.63808921,0,0,0,0,0
2020,sc01,08-29 04:00:00+01:00,51.99604155,46.70014842,86.66006924,35.62691736,34.18258287,65.47649676,60.18060364,82.32706578,84.2528451,93.88174168,0,0,127.5828797,93.40029685,152.6180108,48.14448291,0,160.3211281,87.14151407,61.62493813,0,0,0,0,48.09255469,43.19423893,80.15425781,32.95230599,31.61640169,60.56099479,55.66267904,76.14654492,77.92775065,86.83377929,0,0,118.0048796,86.38847786,141.160554,44.53014323,0,148.2853769,80.59955924,56.99858333,0,0,0,0,47.66213224,42.80765581,79.43688707,32.65738691,31.33343879,60.01898134,55.16450491,75.46504272,77.23030688,86.05662766,0,0,116.9487504,85.61531162,139.8971845,44.13160393,0,146.9582411,79.87820311,56.48845303,0,0,0,0,0
2020,sc01,08-29 05:00:00+01:00,51.68876794,46.42417121,86.14794657,35.41637803,33.98057892,65.08955963,59.82496289,81.84054924,83.75494805,93.32694212,0,0,126.8289213,92.84834241,151.7161059,47.85997032,0,159.3737012,86.62654627,61.260762,0,0,0,0,46.59656855,41.85062175,77.66094758,31.92727845,30.63292932,58.67716039,53.9312136,73.7779002,75.50369904,84.13269321,0,0,114.3341728,83.7012435,136.7695577,43.14497088,0,143.672753,78.09239729,55.22556272,0,0,0,0,47.78171466,42.91505853,79.63619109,32.73932301,31.41205315,60.1695666,55.30291048,75.65438154,77.42407468,86.27254035,0,0,117.2421702,85.83011707,140.248181,44.24232839,0,147.3269535,80.07861438,56.63018033,0,0,0,0,0
2020,sc01,08-29 06:00:00+01:00,55.0554181,49.44792181,91.75903017,37.72315685,36.19383968,69.32904502,63.72154873,87.17107866,89.21016822,99.40561602,0,0,135.0896833,98.89584363,161.5978476,50.97723898,0,169.7542058,92.26880256,65.2508659,0,0,0,0,48.55155044,43.60648512,80.91925074,33.26680308,31.9181489,61.13898945,56.19392412,76.8732882,78.67149377,87.66252163,0,0,119.1311191,87.21297024,142.5077916,44.9551393,0,149.7006139,81.36880213,57.5425783,0,0,0,0,49.18253718,44.17320469,81.97089531,33.69914585,32.33296426,61.93356534,56.92423285,77.87235054,79.69392599,88.80180325,0,0,120.6793736,88.34640938,144.3598545,45.53938628,0,151.6461563,82.42628917,58.29041444,0,0,0,0,0
2020,sc01,08-29 07:00:00+01:00,60.15883225,54.03154378,100.2647204,41.21994062,39.54886194,75.75556654,69.62827807,95.2514844,97.4795893,108.6201138,0,0,147.6119495,108.0630876,176.5773132,55.70262246,0,185.4897328,100.8217466,71.29935674,0,0,0,0,52.92050999,47.53045804,88.20084998,36.26034944,34.79033527,66.64064221,61.25059026,83.79080748,85.75082637,95.55092081,0,0,129.8512514,95.06091609,155.3314969,49.00047221,0,163.1715725,88.6908547,62.72060443,0,0,0,0,52.42834546,47.08842139,87.38057577,35.92312559,34.46678266,66.02087947,60.68095539,83.01154698,84.95333755,94.66229042,0,0,128.6436254,94.17684277,153.8869029,48.54476432,0,161.6540652,87.86602341,62.13729832,0,0,0,0,0
2020,sc01,08-29 08:00:00+01:00,65.44928255,58.78315192,109.0821376,44.84487878,43.02684316,82.41761506,75.75148443,103.6280307,106.0520782,118.1723157,0,0,160.593147,117.5663038,192.1057645,60.60118754,0,201.8019545,109.6881495,77.56952006,0,0,0,0,57.85046435,51.95828743,96.41744059,39.63828113,38.03132379,72.84873289,66.95655596,91.59656856,93.73917835,104.4522273,0,0,141.9478986,103.9165749,169.8018259,53.56524477,0,178.3722651,96.95309304,68.56351331,0,0,0,0,56.73331224,50.95491933,94.5555204,38.87282505,37.29689971,71.44194875,65.66355583,89.82774438,91.92897817,102.4351471,0,0,139.2067384,101.9098387,166.5227776,52.53084467,0,174.9277127,95.08082885,67.23948117,0,0,0,0,0
2020,sc01,08-29 09:00:00+01:00,70.71301338,63.51076201,117.8550223,48.45150917,46.48725879,89.04601684,81.84376548,111.9622712,114.5812717,127.6762742,0,0,173.5087828,127.021524,207.5557893,65.47501239,0,218.0317912,118.5097724,83.80801585,0,0,0,0,62.3894223,56.03494411,103.9823705,42.74830787,41.01526837,78.56445772,72.20997952,98.78325198,101.0939713,112.647568,0,0,153.0851566,112.0698882,183.1245081,57.76798361,0,192.3673854,104.5600503,73.94301903,0,0,0,0,61.36285987,55.11293896,102.2714331,42.0449225,40.34039862,77.27174947,71.02182855,97.15786146,99.43055997,110.7940525,0,0,150.5662765,110.2258779,180.1113572,56.81746284,0,189.2021513,102.8396077,72.72635244,0,0,0,0,0
2020,sc01,08-29 10:00:00+01:00,75.53587331,67.84240474,125.8931222,51.75606134,49.65784264,95.11924788,87.4257793,119.5984661,122.396091,136.3842157,0,0,185.3426521,135.6848095,221.7117763,69.94062344,0,232.9022761,126.5925284,89.523998,0,0,0,0,67.09837873,60.2642846,111.8306312,45.97481506,44.1109712,84.4942547,77.66016057,106.2390997,108.7242248,121.1498505,0,0,164.6395404,120.5285692,196.9461672,62.12812846,0,206.8866678,112.4519125,79.52400442,0,0,0,0,62.38785195,56.03353369,103.9797532,42.74723189,41.014236,78.56248023,72.20816197,98.78076558,101.0914268,112.6447327,0,0,153.0813034,112.0670674,183.1198988,57.76652958,0,192.3625435,104.5574185,73.94115786,0,0,0,0,0
2020,sc01,08-29 11:00:00+01:00,79.79762493,71.67008906,132.9960416,54.67615042,52.45954973,100.4858981,92.35836219,126.3462395,129.3017071,144.079045,0,0,195.7997278,143.3401781,234.2208065,73.88668975,0,246.0426769,133.7349085,94.57496289,0,0,0,0,71.73933575,64.43255155,119.5655596,49.15473005,47.16197072,90.33842279,83.0316386,113.5872816,116.244294,129.5293562,0,0,176.0270738,128.8651031,210.5682355,66.42531088,0,221.1962852,120.2298127,85.02439792,0,0,0,0,65.73615946,59.04080989,109.5602658,45.04144259,43.21543816,82.77886747,76.08351789,104.0822525,106.5169251,118.6902879,0,0,161.2970579,118.0816198,192.9478014,60.86681432,0,202.6864917,110.1689339,77.90952232,0,0,0,0,0
2020,sc01,08-29 12:00:00+01:00,83.35131124,74.86182583,138.9188521,57.11108363,54.79576942,104.9609104,96.47142504,131.9729095,135.0599951,150.4954231,0,0,204.5194211,149.7236517,244.6515339,77.17714004,0,256.9998763,139.6906235,98.78673924,0,0,0,0,75.83629782,68.11223045,126.3938297,51.96190777,49.85534394,95.49756022,87.77349285,120.0741382,122.88289,136.9266488,0,0,186.0798048,136.2244609,222.5935779,70.21879428,0,233.828585,127.0960176,89.88005668,0,0,0,0,67.70072763,60.80528314,112.834546,46.3875356,44.50695983,85.25276812,78.35732364,107.1928187,109.7002531,122.2374249,0,0,166.1175261,121.6105663,198.7141728,62.68585891,0,208.7439102,113.4614046,80.23789941,0,0,0,0,0
2020,sc01,08-29 13:00:00+01:00,86.46412669,77.65759526,144.1068778,59.24393866,56.84215736,108.8807521,100.0742207,136.9015339,140.103909,156.1157843,0,0,212.1573479,155.3151905,253.7882237,80.05937656,0,266.5977239,144.9074716,102.476002,0,0,0,0,80.13725799,71.97512986,133.5620967,54.90886196,52.68282701,100.9135841,92.75145601,126.8839918,129.8520384,144.6922714,0,0,196.6330867,143.9502597,235.2176924,74.20116481,0,247.0898788,134.3041083,94.97749095,0,0,0,0,69.8361278,62.72318886,116.3935463,47.85068016,45.91078772,87.94179057,80.82885162,110.573869,113.1603923,126.0930085,0,0,171.3571654,125.4463777,204.9819677,64.6630813,0,215.3280607,117.0401771,82.76874406,0,0,0,0,0
2020,sc01,08-29 14:00:00+01:00,88.17417121,79.19346859,146.956952,60.41563583,57.9663533,111.0341415,102.0534389,139.6091044,142.8748145,159.2033647,0,0,216.3532905,158.3869372,258.8075211,81.64275112,0,271.8703612,147.7733795,104.5027214,0,0,0,0,83.28222887,74.79977963,138.8037148,57.06374941,54.75035416,104.8739178,96.3914686,131.863529,134.948056,150.370691,0,0,204.3499134,149.5995593,244.4487644,77.11317488,0,256.7868723,139.5748465,98.70486384,0,0,0,0,71.1002847,63.85858904,118.5004745,48.71686174,46.74185383,89.53369185,82.29199618,112.5754508,115.2087947,128.375514,0,0,174.4590319,127.7171781,208.6925023,65.83359695,0,219.2258778,119.1588105,84.26700409,0,0,0,0,0
2020,sc01,08-29 15:00:00+01:00,88.60168235,79.57743693,147.6694706,60.70856013,58.24740229,111.5724889,102.5482435,140.2859971,143.5675409,159.9752598,0,0,217.4022761,159.1548739,260.0623454,82.03859477,0,273.1885206,148.4898565,105.0094013,0,0,0,0,85.05021251,76.38769087,141.7503542,58.27514561,55.91263971,107.1002676,98.43774596,134.6628365,137.8128444,153.5628837,0,0,208.6880214,152.7753817,249.6381238,78.75019677,0,262.2381553,142.5378562,100.8002519,0,0,0,0,70.75862068,63.55172413,117.9310345,48.48275861,46.51724137,89.10344826,81.89655171,112.0344827,114.6551724,127.7586207,0,0,173.6206896,127.1034483,207.6896551,65.51724137,0,218.1724138,118.5862069,83.86206895,0,0,0,0,0
2020,sc01,08-29 16:00:00+01:00,86.8381989,77.99356753,144.7303315,59.50024739,57.0880752,109.351806,100.5071746,137.4938149,140.7100445,156.7911925,0,0,213.0752103,155.9871351,254.8861949,80.40573972,0,267.7511133,145.5343889,102.9193468,0,0,0,0,84.03022194,75.47158822,140.0503699,57.57626318,55.24209035,105.815835,97.25720132,133.0478514,136.1600818,151.7212341,0,0,206.1852668,150.9431764,246.6442625,77.80576105,0,259.0931843,140.8284275,99.59137415,0,0,0,0,69.32363176,62.26289149,115.5393863,47.49952547,45.57386903,87.29642518,80.23568491,109.762417,112.3299589,125.1676685,0,0,170.099652,124.525783,203.4776969,64.18854793,0,213.7478646,116.1812718,82.16134135,0,0,0,0,0
2020,sc01,08-29 17:00:00+01:00,81.36071253,73.0739733,135.6011876,55.74715488,53.48713509,102.4542306,94.16749136,128.8211282,131.8344879,146.9012865,0,0,199.6350817,146.1479466,238.8087581,75.33399309,0,250.862197,136.3545275,96.42751115,0,0,0,0,80.23925706,72.06674013,133.7320951,54.97875021,52.74988195,101.0420274,92.86951048,127.0454903,130.0173147,144.8764364,0,0,196.8833622,144.1334803,235.5170786,74.29560839,0,247.4043759,134.4750512,95.09837873,0,0,0,0,65.65074344,58.96409364,109.4179057,44.9829168,43.15928504,82.67130655,75.98465675,103.9470104,106.3785195,118.5360645,0,0,161.0874723,117.9281873,192.6970895,60.7877254,0,202.4231256,110.025783,77.80828852,0,0,0,0,0
2020,sc01,08-29 18:00:00+01:00,78.47501237,70.48218704,130.7916873,53.76991588,51.59005443,98.82038595,90.82756061,124.2521029,127.1585849,141.6909946,0,0,192.5544285,140.9643741,230.3386937,72.66204849,0,241.9646215,131.5183078,93.00742207,0,0,0,0,77.91027863,69.97497247,129.8504644,53.38296869,51.21879428,98.10923975,90.1739336,123.3579412,126.243507,140.6713364,0,0,191.1687392,139.9499449,228.6810956,72.13914688,0,240.2233591,130.5718558,92.338108,0,0,0,0,64.35242011,57.79800695,107.2540335,44.09332489,42.30575766,81.03638088,74.48196772,101.8913318,104.2747548,116.1918696,0,0,157.9017716,115.5960139,188.8862701,59.58557418,0,198.419962,107.8498893,76.26953494,0,0,0,0,0
2020,sc01,08-29 19:00:00+01:00,74.18654132,66.63050471,123.6442355,50.83151905,48.7707818,93.42008907,85.86405246,117.4620238,120.2096734,133.9479218,0,0,182.0317912,133.2610094,217.751237,68.69124196,0,228.7418357,124.331148,87.92478972,0,0,0,0,75.46230129,67.77632616,125.7705021,51.70565088,49.60947585,95.02660162,87.34062649,119.481977,122.2768771,136.2513773,0,0,185.1621282,135.5526523,221.4958288,69.87250119,0,232.675429,126.4692272,89.43680153,0,0,0,0,64.89908257,58.28899083,108.1651376,44.46788991,42.66513762,81.72477065,75.1146789,102.7568807,105.1605505,117.1788991,0,0,159.2431193,116.5779817,190.4908257,60.09174312,0,200.1055046,108.7660551,76.9174312,0,0,0,0,0
2020,sc01,08-29 20:00:00+01:00,68.8693716,61.85489857,114.782286,47.18827313,45.27523503,86.72439387,79.70992083,109.0431717,111.5938892,124.3474765,0,0,168.9850322,123.7097971,202.1443592,63.76793667,0,212.3472291,115.4199654,81.62295893,0,0,0,0,70.36234848,63.19581299,117.2705808,48.21123877,46.25672909,88.60443883,81.43790333,111.4070518,114.0130647,127.0431292,0,0,172.6483551,126.391626,206.5265229,65.15032267,0,216.9505745,117.922084,83.39241301,0,0,0,0,61.73869028,55.45049035,102.8978171,42.30243593,40.58747232,77.74501739,71.45681746,97.75292628,100.0395444,111.4726352,0,0,151.488453,110.9009807,181.2144891,57.16545396,0,190.3609617,103.4694717,73.17178108,0,0,0,0,0
2020,sc01,08-29 21:00:00+01:00,63.31172688,56.86331025,105.5195448,43.38025731,41.62159823,79.72587829,73.27746167,100.2435676,102.5884463,114.3128402,0,0,155.3482187,113.7266205,185.8316428,58.62196933,0,195.2111579,106.1057645,75.03612075,0,0,0,0,65.24539587,58.60003147,108.7423264,44.70517865,42.89280654,82.16086887,75.51550447,103.3052101,105.7217063,117.804187,0,0,160.0928695,117.2000629,191.5073193,60.41240358,0,201.1733039,109.3464505,77.32787658,0,0,0,0,58.04871874,52.13634924,96.74786457,39.7741221,38.16165769,73.09838656,67.18601706,91.91047134,94.06042389,104.8101866,0,0,142.4343562,104.2726985,170.3837393,53.74881365,0,178.9835495,97.2853527,68.79848147,0,0,0,0,0
2020,sc01,08-29 22:00:00+01:00,58.44878773,52.49567046,97.41464621,40.04824344,38.42466601,73.60217714,67.64905987,92.5439139,94.70868382,105.5325334,0,0,143.4160069,104.9913409,171.5580158,54.11924789,0,180.2170955,97.95583869,69.27263731,0,0,0,0,60.45144025,54.29434912,100.7524004,41.42043128,39.74122461,76.12403587,69.96694474,95.7147804,97.95372263,109.1484338,0,0,148.3299228,108.5886982,177.4361719,55.97355579,0,186.3919408,101.312136,71.64615141,0,0,0,0,54.27333121,48.74549192,90.45555202,37.1872825,35.67968996,68.34419486,62.81635557,85.93277442,87.9428978,97.99351469,0,0,133.1706738,97.49098384,159.3022777,50.25308446,0,167.3427712,90.95808287,64.3239481,0,0,0,0,0
2020,sc01,08-29 23:00:00+01:00,55.0554181,49.44792181,91.75903017,37.72315685,36.19383968,69.32904502,63.72154873,87.17107866,89.21016822,99.40561602,0,0,135.0896833,98.89584363,161.5978476,50.97723898,0,169.7542058,92.26880256,65.2508659,0,0,0,0,55.77648355,50.09554541,92.96080592,38.21722021,36.66787344,70.23705336,64.55611522,88.31276562,90.37856131,100.7075397,0,0,136.8589643,100.1910908,163.7143082,51.64489218,0,171.9774909,93.47725484,66.10546198,0,0,0,0,50.87377413,45.69218603,84.78962356,34.85795635,33.44479596,64.06327113,58.88168303,80.55014238,82.43435624,91.85542552,0,0,124.829168,91.38437206,149.3239482,47.10534642,0,156.8608036,85.26067702,60.29484342,0,0,0,0,0
2020,sc01,08-30 00:00:00+01:00,52.75754576,47.38409202,87.92924293,36.14868876,34.68320138,66.43542799,61.06197425,83.53278078,85.48676396,95.25667984,0,0,129.4513854,94.76818404,154.8531667,48.8495794,0,162.6690994,88.41773872,62.52746164,0,0,0,0,52.32551552,46.99606486,87.20919253,35.85266804,34.3991815,65.89138991,60.56193925,82.8487329,84.78671496,94.47662524,0,0,128.3913112,93.99212972,153.5850779,48.4495514,0,161.3370062,87.69368804,62.0154258,0,0,0,0,48.84087316,43.86633978,81.40145526,33.46504272,32.1083518,61.50332175,56.52878838,77.3313825,79.14030373,88.18490987,0,0,119.8410314,87.73267956,143.3570073,45.2230307,0,150.5926922,81.85368557,57.8854793,0,0,0,0,0
2020,sc01,08-30 01:00:00+01:00,50.84710541,45.66823356,84.74517568,34.83968334,33.42726374,64.02968829,58.85081645,80.5079169,82.39114303,91.80727366,0,0,124.7637309,91.33646713,149.2456705,47.08065316,0,156.778575,85.21598222,60.26323604,0,0,0,0,49.89453802,44.81268693,83.15756337,34.18699827,32.80103888,62.83015899,57.74830789,78.9996852,80.84763105,90.08736032,0,0,122.4264127,89.62537385,146.4497088,46.19864632,0,153.8414922,83.61954983,59.13426728,0,0,0,0,47.55963304,42.71559635,79.26605507,32.58715597,31.26605506,59.88990828,55.04587158,75.30275232,77.06422021,85.87155966,0,0,116.6972477,85.43119269,139.5963303,44.03669726,0,146.6422019,79.70642205,56.3669725,0,0,0,0,0
