Period,Scenario,Generating unit,%
2030,sc01,Hyd_H25,49.66111251790801
2030,sc01,Hyd_H26,58.13969604436308
2030,sc01,Hyd_H27,41.73214350390355
2030,sc01,Pum_H28,49.66111251790803
2030,sc01,Pum_H29,58.13969604436308
2030,sc01,Pum_H30,41.73214350390356
